timestamp,device_id,source,frame_id,track_id,n_potholes_in_group,width_cm,height_cm,box_area_cm2,pixel_area_cm2,box_area_m2,pixel_area_m2,repair_box_w_m,repair_box_h_m,repair_box_area_m2,repair_label,confidence,method,centroid_u,centroid_v,repair_box_x1,repair_box_y1,repair_box_x2,repair_box_y2,gps_lat,gps_lon,alt_m,speed_km,gps_utc,weather,image_file
2026-05-08 20:26:36,RPi_001,rpi_camera,133,1,1,31.8,32.9,1046,813,0.1046,0.0813,0.5,0.5,0.2500,0.5m x 0.5m,0.51,IE_KAL,653.7,142.2,551,114,755,169,-33.958667,18.459818,122.2,0.0,080526182630.0,Mostly Clear,/home/pi/pothole_crops_20260508_202627/pothole_track1.jpg
2026-05-08 20:26:44,RPi_001,rpi_camera,283,2,1,20.4,13.2,269,193,0.0269,0.0193,0.5,0.5,0.2500,0.5m x 0.5m,0.36,IE_KAL,585.0,513.0,378,410,791,615,-33.958667,18.459818,122.2,0.0,080526182640.0,Mostly Clear,/home/pi/pothole_crops_20260508_202627/pothole_track2.jpg
2026-05-08 20:26:44,RPi_001,rpi_camera,284,2,1,20.4,12.8,260,193,0.0260,0.0193,0.5,0.5,0.2500,0.5m x 0.5m,0.38,IE_KAL,584.9,512.5,378,410,791,614,-33.958667,18.459818,122.2,0.0,080526182640.0,Mostly Clear,
2026-05-08 20:26:44,RPi_001,rpi_camera,287,2,1,19.5,10.2,200,140,0.0200,0.0140,0.5,0.5,0.2500,0.5m x 0.5m,0.64,IE_KAL,597.3,519.4,388,416,805,621,-33.958667,18.459818,122.2,0.0,080526182640.0,Mostly Clear,
2026-05-08 20:26:44,RPi_001,rpi_camera,288,2,1,19.3,10.9,210,142,0.0210,0.0142,0.5,0.5,0.2500,0.5m x 0.5m,0.67,IE_KAL,599.3,520.3,390,416,808,623,-33.958667,18.459818,122.2,0.0,080526182640.0,Mostly Clear,
2026-05-08 20:26:44,RPi_001,rpi_camera,289,2,1,18.9,11.3,213,141,0.0213,0.0141,0.5,0.5,0.2500,0.5m x 0.5m,0.65,IE_KAL,601.2,520.8,391,416,810,624,-33.958667,18.459818,122.2,0.0,080526182640.0,Mostly Clear,
2026-05-08 20:26:44,RPi_001,rpi_camera,290,2,1,18.5,11.5,214,137,0.0214,0.0137,0.5,0.5,0.2500,0.5m x 0.5m,0.65,IE_KAL,603.7,520.9,394,416,812,624,-33.958667,18.459818,122.2,0.0,080526182640.0,Mostly Clear,
2026-05-08 20:26:44,RPi_001,rpi_camera,291,2,1,18.0,11.7,211,136,0.0211,0.0136,0.5,0.5,0.2500,0.5m x 0.5m,0.60,IE_KAL,606.7,522.0,397,417,816,626,-33.958667,18.459818,122.2,0.0,080526182640.0,Mostly Clear,
2026-05-08 20:26:45,RPi_001,rpi_camera,301,2,1,16.6,12.7,211,127,0.0211,0.0127,0.5,0.5,0.2500,0.5m x 0.5m,0.38,IE_KAL,614.2,523.8,403,417,824,630,-33.958667,18.459818,122.2,0.0,080526182640.0,Mostly Clear,
2026-05-08 20:26:45,RPi_001,rpi_camera,303,2,1,16.6,12.5,208,125,0.0208,0.0125,0.5,0.5,0.2500,0.5m x 0.5m,0.36,IE_KAL,613.8,523.4,403,417,824,629,-33.958667,18.459818,122.2,0.0,080526182640.0,Mostly Clear,
2026-05-08 20:26:46,RPi_001,rpi_camera,320,3,1,20.0,10.1,202,154,0.0202,0.0154,0.5,0.5,0.2500,0.5m x 0.5m,0.55,IE_KAL,579.7,516.7,372,415,787,618,-33.958667,18.459818,122.2,0.0,080526182640.0,Mostly Clear,/home/pi/pothole_crops_20260508_202627/pothole_track3.jpg
2026-05-08 20:26:46,RPi_001,rpi_camera,321,3,1,19.9,9.6,191,146,0.0191,0.0146,0.5,0.5,0.2500,0.5m x 0.5m,0.67,IE_KAL,579.8,517.9,371,415,788,619,-33.958667,18.459818,122.2,0.0,080526182640.0,Mostly Clear,
2026-05-08 20:26:46,RPi_001,rpi_camera,322,3,1,20.0,9.1,183,139,0.0183,0.0139,0.5,0.5,0.2500,0.5m x 0.5m,0.69,IE_KAL,579.3,518.1,370,416,787,619,-33.958667,18.459818,122.2,0.0,080526182640.0,Mostly Clear,
2026-05-08 20:26:46,RPi_001,rpi_camera,323,3,1,19.9,9.1,182,139,0.0182,0.0139,0.5,0.5,0.2500,0.5m x 0.5m,0.69,IE_KAL,579.0,518.0,370,416,787,619,-33.958667,18.459818,122.2,0.0,080526182640.0,Mostly Clear,
2026-05-08 20:26:46,RPi_001,rpi_camera,324,3,1,19.7,9.6,188,139,0.0188,0.0139,0.5,0.5,0.2500,0.5m x 0.5m,0.69,IE_KAL,578.0,517.7,369,415,786,619,-33.958667,18.459818,122.2,0.0,080526182640.0,Mostly Clear,
2026-05-08 20:26:46,RPi_001,rpi_camera,325,3,1,19.9,9.6,191,143,0.0191,0.0143,0.5,0.5,0.2500,0.5m x 0.5m,0.61,IE_KAL,577.8,517.8,369,415,786,619,-33.958667,18.459818,122.2,0.0,080526182640.0,Mostly Clear,
2026-05-08 20:26:46,RPi_001,rpi_camera,326,3,1,20.2,9.6,193,145,0.0193,0.0145,0.5,0.5,0.2500,0.5m x 0.5m,0.64,IE_KAL,578.3,517.9,370,415,786,619,-33.958667,18.459818,122.2,0.0,080526182640.0,Mostly Clear,
2026-05-08 20:26:46,RPi_001,rpi_camera,327,3,1,20.2,9.6,193,145,0.0193,0.0145,0.5,0.5,0.2500,0.5m x 0.5m,0.63,IE_KAL,578.6,517.9,370,415,786,619,-33.958667,18.459818,122.2,0.0,080526182640.0,Mostly Clear,
2026-05-08 20:26:46,RPi_001,rpi_camera,328,3,1,19.9,9.6,191,144,0.0191,0.0144,0.5,0.5,0.2500,0.5m x 0.5m,0.62,IE_KAL,578.3,517.8,369,415,786,619,-33.958667,18.459818,122.2,0.0,080526182640.0,Mostly Clear,
2026-05-08 20:26:46,RPi_001,rpi_camera,329,3,1,19.9,9.6,191,145,0.0191,0.0145,0.5,0.5,0.2500,0.5m x 0.5m,0.64,IE_KAL,579.3,517.8,371,415,787,619,-33.958667,18.459818,122.2,0.0,080526182640.0,Mostly Clear,
2026-05-08 20:26:46,RPi_001,rpi_camera,330,3,1,19.9,9.6,191,144,0.0191,0.0144,0.5,0.5,0.2500,0.5m x 0.5m,0.64,IE_KAL,579.1,517.8,370,415,787,619,-33.958667,18.459818,122.2,0.0,080526182640.0,Mostly Clear,
2026-05-08 20:26:46,RPi_001,rpi_camera,331,3,1,19.9,9.6,191,143,0.0191,0.0143,0.5,0.5,0.2500,0.5m x 0.5m,0.65,IE_KAL,578.2,517.7,369,415,786,619,-33.958667,18.459818,122.2,0.0,080526182640.0,Mostly Clear,
2026-05-08 20:26:46,RPi_001,rpi_camera,332,3,1,20.2,9.6,193,145,0.0193,0.0145,0.5,0.5,0.2500,0.5m x 0.5m,0.62,IE_KAL,578.6,517.8,370,415,786,619,-33.958667,18.459818,122.2,0.0,080526182640.0,Mostly Clear,
2026-05-08 20:26:46,RPi_001,rpi_camera,333,3,1,20.2,9.6,193,144,0.0193,0.0144,0.5,0.5,0.2500,0.5m x 0.5m,0.65,IE_KAL,578.8,517.9,370,415,787,619,-33.958667,18.459818,122.2,0.0,080526182640.0,Mostly Clear,
2026-05-08 20:26:46,RPi_001,rpi_camera,334,3,1,19.7,9.6,188,142,0.0188,0.0142,0.5,0.5,0.2500,0.5m x 0.5m,0.73,IE_KAL,578.7,517.9,370,415,787,619,-33.958667,18.459818,122.2,0.0,080526182640.0,Mostly Clear,
2026-05-08 20:26:46,RPi_001,rpi_camera,335,3,1,19.9,9.4,186,142,0.0186,0.0142,0.5,0.5,0.2500,0.5m x 0.5m,0.69,IE_KAL,579.3,517.9,371,416,787,619,-33.958667,18.459818,122.2,0.0,080526182640.0,Mostly Clear,
2026-05-08 20:26:46,RPi_001,rpi_camera,336,3,1,20.2,9.4,189,144,0.0189,0.0144,0.5,0.5,0.2500,0.5m x 0.5m,0.68,IE_KAL,578.9,517.9,370,416,787,619,-33.958667,18.459818,122.2,0.0,080526182640.0,Mostly Clear,
2026-05-08 20:26:47,RPi_001,rpi_camera,337,3,1,20.2,9.6,193,142,0.0193,0.0142,0.5,0.5,0.2500,0.5m x 0.5m,0.66,IE_KAL,578.5,517.9,370,415,786,619,-33.958667,18.459818,122.2,0.0,080526182640.0,Mostly Clear,
2026-05-08 20:26:47,RPi_001,rpi_camera,338,3,1,20.2,9.6,193,143,0.0193,0.0143,0.5,0.5,0.2500,0.5m x 0.5m,0.65,IE_KAL,578.6,517.7,370,415,786,619,-33.958667,18.459818,122.2,0.0,080526182640.0,Mostly Clear,
2026-05-08 20:26:47,RPi_001,rpi_camera,339,3,1,19.9,9.4,186,140,0.0186,0.0140,0.5,0.5,0.2500,0.5m x 0.5m,0.73,IE_KAL,578.5,517.7,370,416,786,619,-33.958667,18.459818,122.2,0.0,080526182640.0,Mostly Clear,
2026-05-08 20:26:47,RPi_001,rpi_camera,340,3,1,19.9,9.4,186,140,0.0186,0.0140,0.5,0.5,0.2500,0.5m x 0.5m,0.69,IE_KAL,578.5,517.8,370,416,786,619,-33.958667,18.459818,122.2,0.0,080526182640.0,Mostly Clear,
2026-05-08 20:26:47,RPi_001,rpi_camera,341,3,1,19.9,9.6,191,138,0.0191,0.0138,0.5,0.5,0.2500,0.5m x 0.5m,0.73,IE_KAL,578.9,517.8,370,415,787,619,-33.958667,18.459818,122.2,0.0,080526182640.0,Mostly Clear,
2026-05-08 20:26:47,RPi_001,rpi_camera,342,3,1,19.9,9.6,191,139,0.0191,0.0139,0.5,0.5,0.2500,0.5m x 0.5m,0.74,IE_KAL,578.9,517.8,370,415,787,619,-33.958667,18.459818,122.2,0.0,080526182640.0,Mostly Clear,
2026-05-08 20:26:47,RPi_001,rpi_camera,343,3,1,19.9,9.1,182,140,0.0182,0.0140,0.5,0.5,0.2500,0.5m x 0.5m,0.73,IE_KAL,578.9,517.6,370,416,786,618,-33.958667,18.459818,122.2,0.0,080526182640.0,Mostly Clear,
2026-05-08 20:26:47,RPi_001,rpi_camera,344,3,1,19.9,9.1,182,139,0.0182,0.0139,0.5,0.5,0.2500,0.5m x 0.5m,0.73,IE_KAL,578.9,517.5,370,416,786,618,-33.958667,18.459818,122.2,0.0,080526182640.0,Mostly Clear,
2026-05-08 20:26:47,RPi_001,rpi_camera,345,3,1,19.9,9.4,186,140,0.0186,0.0140,0.5,0.5,0.2500,0.5m x 0.5m,0.73,IE_KAL,578.6,517.7,370,416,786,619,-33.958667,18.459818,122.2,0.0,080526182640.0,Mostly Clear,
2026-05-08 20:26:47,RPi_001,rpi_camera,346,3,1,19.9,9.4,186,140,0.0186,0.0140,0.5,0.5,0.2500,0.5m x 0.5m,0.73,IE_KAL,579.0,517.7,370,416,787,619,-33.958667,18.459818,122.2,0.0,080526182640.0,Mostly Clear,
2026-05-08 20:26:47,RPi_001,rpi_camera,347,3,1,19.9,9.4,186,139,0.0186,0.0139,0.5,0.5,0.2500,0.5m x 0.5m,0.73,IE_KAL,578.5,517.7,370,416,786,619,-33.958667,18.459818,122.2,0.0,080526182640.0,Mostly Clear,
2026-05-08 20:26:47,RPi_001,rpi_camera,348,3,1,19.9,9.4,186,139,0.0186,0.0139,0.5,0.5,0.2500,0.5m x 0.5m,0.71,IE_KAL,578.9,517.7,370,416,787,619,-33.958667,18.459818,122.2,0.0,080526182640.0,Mostly Clear,
2026-05-08 20:26:47,RPi_001,rpi_camera,349,3,1,19.9,9.1,182,139,0.0182,0.0139,0.5,0.5,0.2500,0.5m x 0.5m,0.74,IE_KAL,578.9,517.5,370,416,786,618,-33.958667,18.459818,122.2,0.0,080526182640.0,Mostly Clear,
2026-05-08 20:26:47,RPi_001,rpi_camera,350,3,1,19.9,9.1,182,139,0.0182,0.0139,0.5,0.5,0.2500,0.5m x 0.5m,0.72,IE_KAL,579.1,517.9,370,416,787,619,-33.958667,18.459818,122.2,0.0,080526182640.0,Mostly Clear,
2026-05-08 20:26:47,RPi_001,rpi_camera,351,3,1,19.9,9.1,182,139,0.0182,0.0139,0.5,0.5,0.2500,0.5m x 0.5m,0.74,IE_KAL,578.7,517.6,370,416,786,618,-33.958667,18.459818,122.2,0.0,080526182640.0,Mostly Clear,
2026-05-08 20:26:47,RPi_001,rpi_camera,352,3,1,20.2,9.6,193,141,0.0193,0.0141,0.5,0.5,0.2500,0.5m x 0.5m,0.73,IE_KAL,578.5,517.8,370,415,786,619,-33.958667,18.459818,122.2,0.0,080526182640.0,Mostly Clear,
2026-05-08 20:26:48,RPi_001,rpi_camera,353,3,1,20.2,9.1,184,140,0.0184,0.0140,0.5,0.5,0.2500,0.5m x 0.5m,0.71,IE_KAL,578.4,517.6,370,416,786,618,-33.958667,18.459818,122.2,0.0,080526182640.0,Mostly Clear,
2026-05-08 20:26:48,RPi_001,rpi_camera,354,3,1,20.2,9.6,193,140,0.0193,0.0140,0.5,0.5,0.2500,0.5m x 0.5m,0.71,IE_KAL,578.5,517.8,370,415,786,619,-33.958667,18.459818,122.2,0.0,080526182640.0,Mostly Clear,
2026-05-08 20:26:48,RPi_001,rpi_camera,355,3,1,19.9,9.4,186,140,0.0186,0.0140,0.5,0.5,0.2500,0.5m x 0.5m,0.73,IE_KAL,578.9,517.7,370,416,787,619,-33.958667,18.459818,122.2,0.0,080526182640.0,Mostly Clear,
2026-05-08 20:26:48,RPi_001,rpi_camera,356,3,1,20.2,9.4,189,140,0.0189,0.0140,0.5,0.5,0.2500,0.5m x 0.5m,0.73,IE_KAL,578.7,517.7,370,416,787,619,-33.958667,18.459818,122.2,0.0,080526182640.0,Mostly Clear,
2026-05-08 20:26:48,RPi_001,rpi_camera,357,3,1,19.9,9.6,191,140,0.0191,0.0140,0.5,0.5,0.2500,0.5m x 0.5m,0.71,IE_KAL,578.8,517.7,370,415,787,619,-33.958667,18.459818,122.2,0.0,080526182640.0,Mostly Clear,
2026-05-08 20:26:48,RPi_001,rpi_camera,358,3,1,19.9,9.1,182,139,0.0182,0.0139,0.5,0.5,0.2500,0.5m x 0.5m,0.74,IE_KAL,578.7,517.5,370,416,786,618,-33.958667,18.459818,122.2,0.0,080526182640.0,Mostly Clear,
2026-05-08 20:26:48,RPi_001,rpi_camera,359,3,1,19.9,9.1,182,138,0.0182,0.0138,0.5,0.5,0.2500,0.5m x 0.5m,0.73,IE_KAL,578.6,517.5,370,416,786,618,-33.958667,18.459818,122.2,0.0,080526182640.0,Mostly Clear,
2026-05-08 20:26:48,RPi_001,rpi_camera,360,3,1,20.2,9.4,189,140,0.0189,0.0140,0.5,0.5,0.2500,0.5m x 0.5m,0.70,IE_KAL,578.6,517.6,370,416,786,619,-33.958667,18.459818,122.2,0.0,080526182640.0,Mostly Clear,
2026-05-08 20:26:48,RPi_001,rpi_camera,361,3,1,19.9,9.1,182,139,0.0182,0.0139,0.5,0.5,0.2500,0.5m x 0.5m,0.73,IE_KAL,578.7,517.6,370,416,786,618,-33.958667,18.459818,122.2,0.0,080526182640.0,Mostly Clear,
2026-05-08 20:26:48,RPi_001,rpi_camera,362,3,1,19.9,9.1,182,138,0.0182,0.0138,0.5,0.5,0.2500,0.5m x 0.5m,0.72,IE_KAL,578.7,517.5,370,416,786,618,-33.958667,18.459818,122.2,0.0,080526182640.0,Mostly Clear,
2026-05-08 20:26:48,RPi_001,rpi_camera,363,3,1,19.9,9.1,182,138,0.0182,0.0138,0.5,0.5,0.2500,0.5m x 0.5m,0.73,IE_KAL,578.7,517.6,370,416,786,618,-33.958667,18.459818,122.2,0.0,080526182640.0,Mostly Clear,
2026-05-08 20:26:48,RPi_001,rpi_camera,364,3,1,20.2,9.1,184,140,0.0184,0.0140,0.5,0.5,0.2500,0.5m x 0.5m,0.75,IE_KAL,578.4,517.5,370,416,786,618,-33.958667,18.459818,122.2,0.0,080526182640.0,Mostly Clear,
2026-05-08 20:26:48,RPi_001,rpi_camera,365,3,1,19.9,9.1,182,139,0.0182,0.0139,0.5,0.5,0.2500,0.5m x 0.5m,0.73,IE_KAL,578.6,517.6,370,416,786,618,-33.958667,18.459818,122.2,0.0,080526182645.0,Mostly Clear,
2026-05-08 20:26:48,RPi_001,rpi_camera,366,3,1,19.9,9.1,182,138,0.0182,0.0138,0.5,0.5,0.2500,0.5m x 0.5m,0.73,IE_KAL,578.7,517.5,370,416,786,618,-33.958667,18.459818,122.2,0.0,080526182645.0,Mostly Clear,
2026-05-08 20:26:48,RPi_001,rpi_camera,367,3,1,19.9,9.1,182,138,0.0182,0.0138,0.5,0.5,0.2500,0.5m x 0.5m,0.73,IE_KAL,578.8,517.5,370,416,786,618,-33.958667,18.459818,122.2,0.0,080526182645.0,Mostly Clear,
2026-05-08 20:26:48,RPi_001,rpi_camera,368,3,1,20.2,9.1,184,138,0.0184,0.0138,0.5,0.5,0.2500,0.5m x 0.5m,0.74,IE_KAL,578.4,517.5,370,416,786,618,-33.958667,18.459818,122.2,0.0,080526182645.0,Mostly Clear,
2026-05-08 20:26:48,RPi_001,rpi_camera,369,3,1,20.2,9.1,184,139,0.0184,0.0139,0.5,0.5,0.2500,0.5m x 0.5m,0.72,IE_KAL,578.3,517.5,370,416,786,618,-33.958667,18.459818,122.2,0.0,080526182645.0,Mostly Clear,
2026-05-08 20:26:48,RPi_001,rpi_camera,370,3,1,20.2,9.1,184,140,0.0184,0.0140,0.5,0.5,0.2500,0.5m x 0.5m,0.72,IE_KAL,578.4,517.6,370,416,786,618,-33.958667,18.459818,122.2,0.0,080526182645.0,Mostly Clear,
2026-05-08 20:26:48,RPi_001,rpi_camera,371,3,1,20.2,9.4,189,140,0.0189,0.0140,0.5,0.5,0.2500,0.5m x 0.5m,0.71,IE_KAL,578.2,517.7,369,416,786,619,-33.958667,18.459818,122.2,0.0,080526182645.0,Mostly Clear,
2026-05-08 20:26:48,RPi_001,rpi_camera,372,3,1,20.2,9.1,184,140,0.0184,0.0140,0.5,0.5,0.2500,0.5m x 0.5m,0.70,IE_KAL,578.5,517.5,370,416,786,618,-33.958667,18.459818,122.2,0.0,080526182645.0,Mostly Clear,
2026-05-08 20:26:49,RPi_001,rpi_camera,373,3,1,19.9,9.1,182,138,0.0182,0.0138,0.5,0.5,0.2500,0.5m x 0.5m,0.75,IE_KAL,578.9,517.6,370,416,786,618,-33.958667,18.459818,122.2,0.0,080526182645.0,Mostly Clear,
2026-05-08 20:26:49,RPi_001,rpi_camera,374,3,1,20.2,9.4,189,141,0.0189,0.0141,0.5,0.5,0.2500,0.5m x 0.5m,0.71,IE_KAL,578.6,517.7,370,416,786,619,-33.958667,18.459818,122.2,0.0,080526182645.0,Mostly Clear,
2026-05-08 20:26:49,RPi_001,rpi_camera,375,3,1,20.2,9.1,184,139,0.0184,0.0139,0.5,0.5,0.2500,0.5m x 0.5m,0.70,IE_KAL,578.3,517.5,370,416,786,618,-33.958667,18.459818,122.2,0.0,080526182645.0,Mostly Clear,
2026-05-08 20:26:49,RPi_001,rpi_camera,376,3,1,20.2,9.1,184,139,0.0184,0.0139,0.5,0.5,0.2500,0.5m x 0.5m,0.74,IE_KAL,578.2,517.5,370,416,786,618,-33.958667,18.459818,122.2,0.0,080526182645.0,Mostly Clear,
2026-05-08 20:26:49,RPi_001,rpi_camera,377,3,1,19.9,9.1,182,139,0.0182,0.0139,0.5,0.5,0.2500,0.5m x 0.5m,0.73,IE_KAL,578.6,517.6,370,416,786,618,-33.958667,18.459818,122.2,0.0,080526182645.0,Mostly Clear,
2026-05-08 20:26:49,RPi_001,rpi_camera,378,3,1,20.2,9.4,189,140,0.0189,0.0140,0.5,0.5,0.2500,0.5m x 0.5m,0.73,IE_KAL,578.5,517.7,370,416,786,619,-33.958667,18.459818,122.2,0.0,080526182645.0,Mostly Clear,
2026-05-08 20:26:49,RPi_001,rpi_camera,379,3,1,20.2,9.1,184,140,0.0184,0.0140,0.5,0.5,0.2500,0.5m x 0.5m,0.73,IE_KAL,578.6,517.5,370,416,786,618,-33.958667,18.459818,122.2,0.0,080526182645.0,Mostly Clear,
2026-05-08 20:26:49,RPi_001,rpi_camera,380,3,1,19.9,9.4,186,140,0.0186,0.0140,0.5,0.5,0.2500,0.5m x 0.5m,0.72,IE_KAL,578.7,517.7,370,416,787,619,-33.958667,18.459818,122.2,0.0,080526182645.0,Mostly Clear,
2026-05-08 20:26:49,RPi_001,rpi_camera,381,3,1,19.9,9.1,182,140,0.0182,0.0140,0.5,0.5,0.2500,0.5m x 0.5m,0.73,IE_KAL,578.8,517.6,370,416,786,618,-33.958667,18.459818,122.2,0.0,080526182645.0,Mostly Clear,
2026-05-08 20:26:49,RPi_001,rpi_camera,382,3,1,19.9,9.1,182,139,0.0182,0.0139,0.5,0.5,0.2500,0.5m x 0.5m,0.72,IE_KAL,578.9,517.6,370,416,786,618,-33.958667,18.459818,122.2,0.0,080526182645.0,Mostly Clear,
2026-05-08 20:26:49,RPi_001,rpi_camera,383,3,1,20.2,9.1,184,140,0.0184,0.0140,0.5,0.5,0.2500,0.5m x 0.5m,0.74,IE_KAL,578.3,517.6,370,416,786,618,-33.958667,18.459818,122.2,0.0,080526182645.0,Mostly Clear,
2026-05-08 20:26:49,RPi_001,rpi_camera,384,3,1,19.9,9.1,182,138,0.0182,0.0138,0.5,0.5,0.2500,0.5m x 0.5m,0.74,IE_KAL,578.5,517.5,370,416,786,618,-33.958667,18.459818,122.2,0.0,080526182645.0,Mostly Clear,
2026-05-08 20:26:49,RPi_001,rpi_camera,385,3,1,20.2,9.1,184,139,0.0184,0.0139,0.5,0.5,0.2500,0.5m x 0.5m,0.72,IE_KAL,578.2,517.6,370,416,786,618,-33.958667,18.459818,122.2,0.0,080526182645.0,Mostly Clear,
2026-05-08 20:26:49,RPi_001,rpi_camera,386,3,1,19.9,9.1,182,139,0.0182,0.0139,0.5,0.5,0.2500,0.5m x 0.5m,0.71,IE_KAL,579.0,517.6,370,416,787,618,-33.958667,18.459818,122.2,0.0,080526182645.0,Mostly Clear,
2026-05-08 20:26:49,RPi_001,rpi_camera,387,3,1,20.2,9.1,184,140,0.0184,0.0140,0.5,0.5,0.2500,0.5m x 0.5m,0.72,IE_KAL,578.6,517.5,370,416,786,618,-33.958667,18.459818,122.2,0.0,080526182645.0,Mostly Clear,
2026-05-08 20:26:49,RPi_001,rpi_camera,388,3,1,19.9,9.1,182,140,0.0182,0.0140,0.5,0.5,0.2500,0.5m x 0.5m,0.72,IE_KAL,578.9,517.6,370,416,786,618,-33.958667,18.459818,122.2,0.0,080526182645.0,Mostly Clear,
2026-05-08 20:26:50,RPi_001,rpi_camera,389,3,1,20.2,9.1,184,139,0.0184,0.0139,0.5,0.5,0.2500,0.5m x 0.5m,0.69,IE_KAL,578.6,517.5,370,416,786,618,-33.958667,18.459818,122.2,0.0,080526182645.0,Mostly Clear,
2026-05-08 20:26:50,RPi_001,rpi_camera,390,3,1,19.9,9.1,182,139,0.0182,0.0139,0.5,0.5,0.2500,0.5m x 0.5m,0.73,IE_KAL,578.8,517.6,370,416,786,618,-33.958667,18.459818,122.2,0.0,080526182645.0,Mostly Clear,
2026-05-08 20:26:50,RPi_001,rpi_camera,391,3,1,20.2,9.1,184,139,0.0184,0.0139,0.5,0.5,0.2500,0.5m x 0.5m,0.71,IE_KAL,578.5,517.4,370,416,786,618,-33.958667,18.459818,122.2,0.0,080526182645.0,Mostly Clear,
2026-05-08 20:26:50,RPi_001,rpi_camera,392,3,1,20.2,9.1,184,140,0.0184,0.0140,0.5,0.5,0.2500,0.5m x 0.5m,0.71,IE_KAL,578.6,517.5,370,416,786,618,-33.958667,18.459818,122.2,0.0,080526182645.0,Mostly Clear,
2026-05-08 20:26:50,RPi_001,rpi_camera,393,3,1,20.2,9.1,184,140,0.0184,0.0140,0.5,0.5,0.2500,0.5m x 0.5m,0.73,IE_KAL,578.2,517.6,370,416,786,618,-33.958667,18.459818,122.2,0.0,080526182645.0,Mostly Clear,
2026-05-08 20:26:50,RPi_001,rpi_camera,394,3,1,20.2,9.1,184,140,0.0184,0.0140,0.5,0.5,0.2500,0.5m x 0.5m,0.71,IE_KAL,578.4,517.5,370,416,786,618,-33.958667,18.459818,122.2,0.0,080526182645.0,Mostly Clear,
2026-05-08 20:26:50,RPi_001,rpi_camera,395,3,1,19.9,9.1,182,138,0.0182,0.0138,0.5,0.5,0.2500,0.5m x 0.5m,0.73,IE_KAL,578.8,517.5,370,416,786,618,-33.958667,18.459818,122.2,0.0,080526182645.0,Mostly Clear,
2026-05-08 20:26:50,RPi_001,rpi_camera,396,3,1,19.9,9.1,182,139,0.0182,0.0139,0.5,0.5,0.2500,0.5m x 0.5m,0.75,IE_KAL,578.5,517.6,370,416,786,618,-33.958667,18.459818,122.2,0.0,080526182645.0,Mostly Clear,
2026-05-08 20:26:50,RPi_001,rpi_camera,397,3,1,19.9,9.1,182,138,0.0182,0.0138,0.5,0.5,0.2500,0.5m x 0.5m,0.72,IE_KAL,578.8,517.5,370,416,786,618,-33.958667,18.459818,122.2,0.0,080526182645.0,Mostly Clear,
2026-05-08 20:26:50,RPi_001,rpi_camera,398,3,1,19.9,9.1,182,138,0.0182,0.0138,0.5,0.5,0.2500,0.5m x 0.5m,0.72,IE_KAL,579.0,517.5,370,416,787,618,-33.958667,18.459818,122.2,0.0,080526182645.0,Mostly Clear,
2026-05-08 20:26:50,RPi_001,rpi_camera,399,3,1,19.9,9.1,182,139,0.0182,0.0139,0.5,0.5,0.2500,0.5m x 0.5m,0.71,IE_KAL,578.7,517.5,370,416,786,618,-33.958667,18.459818,122.2,0.0,080526182645.0,Mostly Clear,
2026-05-08 20:26:50,RPi_001,rpi_camera,400,3,1,19.9,9.4,186,139,0.0186,0.0139,0.5,0.5,0.2500,0.5m x 0.5m,0.73,IE_KAL,579.1,517.6,370,416,787,619,-33.958667,18.459818,122.2,0.0,080526182645.0,Mostly Clear,
2026-05-08 20:26:50,RPi_001,rpi_camera,401,3,1,20.2,9.4,189,140,0.0189,0.0140,0.5,0.5,0.2500,0.5m x 0.5m,0.71,IE_KAL,578.5,517.6,370,416,786,619,-33.958667,18.459818,122.2,0.0,080526182645.0,Mostly Clear,
2026-05-08 20:26:50,RPi_001,rpi_camera,402,3,1,19.9,9.1,182,138,0.0182,0.0138,0.5,0.5,0.2500,0.5m x 0.5m,0.73,IE_KAL,578.8,517.5,370,416,786,618,-33.958667,18.459818,122.2,0.0,080526182645.0,Mostly Clear,
2026-05-08 20:26:50,RPi_001,rpi_camera,403,3,1,19.9,9.1,182,139,0.0182,0.0139,0.5,0.5,0.2500,0.5m x 0.5m,0.73,IE_KAL,578.8,517.6,370,416,786,618,-33.958667,18.459818,122.2,0.0,080526182645.0,Mostly Clear,
2026-05-08 20:26:50,RPi_001,rpi_camera,404,3,1,19.9,9.4,186,140,0.0186,0.0140,0.5,0.5,0.2500,0.5m x 0.5m,0.70,IE_KAL,578.9,517.7,370,416,787,619,-33.958667,18.459818,122.2,0.0,080526182645.0,Mostly Clear,
2026-05-08 20:26:50,RPi_001,rpi_camera,405,3,1,20.2,9.6,193,141,0.0193,0.0141,0.5,0.5,0.2500,0.5m x 0.5m,0.67,IE_KAL,578.6,517.8,370,415,786,619,-33.958667,18.459818,122.2,0.0,080526182645.0,Mostly Clear,
2026-05-08 20:26:50,RPi_001,rpi_camera,406,3,1,19.9,9.1,182,138,0.0182,0.0138,0.5,0.5,0.2500,0.5m x 0.5m,0.73,IE_KAL,578.6,517.6,370,416,786,618,-33.958667,18.459818,122.2,0.0,080526182645.0,Mostly Clear,
2026-05-08 20:26:50,RPi_001,rpi_camera,407,3,1,20.2,9.1,184,139,0.0184,0.0139,0.5,0.5,0.2500,0.5m x 0.5m,0.72,IE_KAL,578.4,517.4,370,416,786,618,-33.958667,18.459818,122.2,0.0,080526182645.0,Mostly Clear,
2026-05-08 20:26:50,RPi_001,rpi_camera,408,3,1,19.9,9.1,182,139,0.0182,0.0139,0.5,0.5,0.2500,0.5m x 0.5m,0.73,IE_KAL,578.9,517.6,370,416,786,618,-33.958667,18.459818,122.2,0.0,080526182645.0,Mostly Clear,
2026-05-08 20:26:51,RPi_001,rpi_camera,409,3,1,19.9,9.1,182,138,0.0182,0.0138,0.5,0.5,0.2500,0.5m x 0.5m,0.73,IE_KAL,578.5,517.6,370,416,786,618,-33.958667,18.459818,122.2,0.0,080526182645.0,Mostly Clear,
2026-05-08 20:26:51,RPi_001,rpi_camera,410,3,1,19.9,9.4,186,139,0.0186,0.0139,0.5,0.5,0.2500,0.5m x 0.5m,0.73,IE_KAL,579.0,517.7,370,416,787,619,-33.958667,18.459818,122.2,0.0,080526182645.0,Mostly Clear,
2026-05-08 20:26:51,RPi_001,rpi_camera,411,3,1,19.9,9.1,182,139,0.0182,0.0139,0.5,0.5,0.2500,0.5m x 0.5m,0.73,IE_KAL,578.7,517.6,370,416,786,618,-33.958667,18.459818,122.2,0.0,080526182645.0,Mostly Clear,
2026-05-08 20:26:51,RPi_001,rpi_camera,412,3,1,19.9,9.1,182,139,0.0182,0.0139,0.5,0.5,0.2500,0.5m x 0.5m,0.73,IE_KAL,578.8,517.5,370,416,786,618,-33.958667,18.459818,122.2,0.0,080526182645.0,Mostly Clear,
2026-05-08 20:26:51,RPi_001,rpi_camera,413,3,1,19.9,9.1,182,140,0.0182,0.0140,0.5,0.5,0.2500,0.5m x 0.5m,0.71,IE_KAL,578.9,517.4,370,416,786,618,-33.958667,18.459818,122.2,0.0,080526182645.0,Mostly Clear,
2026-05-08 20:26:51,RPi_001,rpi_camera,414,3,1,19.9,9.1,182,138,0.0182,0.0138,0.5,0.5,0.2500,0.5m x 0.5m,0.74,IE_KAL,578.5,517.5,370,416,786,618,-33.958667,18.459818,122.2,0.0,080526182645.0,Mostly Clear,
2026-05-08 20:26:51,RPi_001,rpi_camera,415,3,1,19.9,9.1,182,138,0.0182,0.0138,0.5,0.5,0.2500,0.5m x 0.5m,0.74,IE_KAL,578.5,517.5,370,416,786,618,-33.958667,18.459818,122.2,0.0,080526182645.0,Mostly Clear,
2026-05-08 20:26:51,RPi_001,rpi_camera,416,3,1,19.9,9.1,182,138,0.0182,0.0138,0.5,0.5,0.2500,0.5m x 0.5m,0.72,IE_KAL,578.8,517.5,370,416,786,618,-33.958667,18.459818,122.2,0.0,080526182645.0,Mostly Clear,
2026-05-08 20:26:51,RPi_001,rpi_camera,417,3,1,19.9,9.1,182,139,0.0182,0.0139,0.5,0.5,0.2500,0.5m x 0.5m,0.73,IE_KAL,578.8,517.5,370,416,786,618,-33.958667,18.459818,122.2,0.0,080526182645.0,Mostly Clear,
2026-05-08 20:26:51,RPi_001,rpi_camera,418,3,1,20.2,9.1,184,139,0.0184,0.0139,0.5,0.5,0.2500,0.5m x 0.5m,0.72,IE_KAL,578.6,517.5,370,416,786,618,-33.958667,18.459818,122.2,0.0,080526182645.0,Mostly Clear,
2026-05-08 20:26:51,RPi_001,rpi_camera,419,3,1,20.2,9.6,193,141,0.0193,0.0141,0.5,0.5,0.2500,0.5m x 0.5m,0.69,IE_KAL,578.6,517.7,370,415,786,619,-33.958667,18.459818,122.2,0.0,080526182645.0,Mostly Clear,
2026-05-08 20:26:51,RPi_001,rpi_camera,420,3,1,19.9,9.1,182,139,0.0182,0.0139,0.5,0.5,0.2500,0.5m x 0.5m,0.71,IE_KAL,578.5,517.6,370,416,786,618,-33.958667,18.459818,122.2,0.0,080526182645.0,Mostly Clear,
2026-05-08 20:26:51,RPi_001,rpi_camera,421,3,1,20.2,9.1,184,140,0.0184,0.0140,0.5,0.5,0.2500,0.5m x 0.5m,0.71,IE_KAL,578.5,517.5,370,416,786,618,-33.958667,18.459818,122.2,0.0,080526182645.0,Mostly Clear,
2026-05-08 20:26:51,RPi_001,rpi_camera,422,3,1,19.9,9.1,182,138,0.0182,0.0138,0.5,0.5,0.2500,0.5m x 0.5m,0.73,IE_KAL,578.7,517.5,370,416,786,618,-33.958667,18.459818,122.2,0.0,080526182645.0,Mostly Clear,
2026-05-08 20:26:51,RPi_001,rpi_camera,423,3,1,20.2,9.1,184,140,0.0184,0.0140,0.5,0.5,0.2500,0.5m x 0.5m,0.70,IE_KAL,578.7,517.5,370,416,786,618,-33.958667,18.459818,122.2,0.0,080526182645.0,Mostly Clear,
2026-05-08 20:26:51,RPi_001,rpi_camera,424,3,1,19.9,9.1,182,139,0.0182,0.0139,0.5,0.5,0.2500,0.5m x 0.5m,0.73,IE_KAL,578.6,517.5,370,416,786,618,-33.958667,18.459818,122.2,0.0,080526182645.0,Mostly Clear,
2026-05-08 20:26:51,RPi_001,rpi_camera,425,3,1,19.9,9.1,182,140,0.0182,0.0140,0.5,0.5,0.2500,0.5m x 0.5m,0.71,IE_KAL,578.9,517.5,370,416,786,618,-33.958667,18.459818,122.2,0.0,080526182645.0,Mostly Clear,
2026-05-08 20:26:51,RPi_001,rpi_camera,426,3,1,20.2,9.1,184,139,0.0184,0.0139,0.5,0.5,0.2500,0.5m x 0.5m,0.72,IE_KAL,578.6,517.6,370,416,786,618,-33.958667,18.459818,122.2,0.0,080526182645.0,Mostly Clear,
2026-05-08 20:26:51,RPi_001,rpi_camera,427,3,1,20.2,9.1,184,139,0.0184,0.0139,0.5,0.5,0.2500,0.5m x 0.5m,0.71,IE_KAL,578.4,517.6,370,416,786,618,-33.958667,18.459818,122.2,0.0,080526182645.0,Mostly Clear,
2026-05-08 20:26:51,RPi_001,rpi_camera,428,3,1,19.9,9.1,182,139,0.0182,0.0139,0.5,0.5,0.2500,0.5m x 0.5m,0.71,IE_KAL,579.0,517.5,370,416,787,618,-33.958667,18.459818,122.2,0.0,080526182645.0,Mostly Clear,
2026-05-08 20:26:52,RPi_001,rpi_camera,429,3,1,20.2,9.1,184,140,0.0184,0.0140,0.5,0.5,0.2500,0.5m x 0.5m,0.71,IE_KAL,578.6,517.5,370,416,786,618,-33.958667,18.459818,122.2,0.0,080526182645.0,Mostly Clear,
2026-05-08 20:26:52,RPi_001,rpi_camera,430,3,1,19.9,9.1,182,138,0.0182,0.0138,0.5,0.5,0.2500,0.5m x 0.5m,0.72,IE_KAL,579.0,517.5,370,416,787,618,-33.958667,18.459818,122.2,0.0,080526182645.0,Mostly Clear,
2026-05-08 20:26:52,RPi_001,rpi_camera,431,3,1,19.9,9.4,186,139,0.0186,0.0139,0.5,0.5,0.2500,0.5m x 0.5m,0.72,IE_KAL,578.7,517.7,370,416,787,619,-33.958667,18.459818,122.2,0.0,080526182645.0,Mostly Clear,
2026-05-08 20:26:52,RPi_001,rpi_camera,432,3,1,20.2,9.1,184,139,0.0184,0.0139,0.5,0.5,0.2500,0.5m x 0.5m,0.72,IE_KAL,578.2,517.6,370,416,786,618,-33.958667,18.459818,122.2,0.0,080526182645.0,Mostly Clear,
2026-05-08 20:26:52,RPi_001,rpi_camera,433,3,1,20.2,9.4,189,141,0.0189,0.0141,0.5,0.5,0.2500,0.5m x 0.5m,0.67,IE_KAL,578.4,517.7,370,416,786,619,-33.958667,18.459818,122.2,0.0,080526182645.0,Mostly Clear,
2026-05-08 20:26:52,RPi_001,rpi_camera,434,3,1,19.9,9.6,191,141,0.0191,0.0141,0.5,0.5,0.2500,0.5m x 0.5m,0.67,IE_KAL,578.9,517.8,370,415,787,619,-33.958667,18.459818,122.2,0.0,080526182645.0,Mostly Clear,
2026-05-08 20:26:52,RPi_001,rpi_camera,435,3,1,19.9,9.1,182,139,0.0182,0.0139,0.5,0.5,0.2500,0.5m x 0.5m,0.66,IE_KAL,578.7,517.6,370,416,786,618,-33.958667,18.459818,122.2,0.0,080526182645.0,Mostly Clear,
2026-05-08 20:26:52,RPi_001,rpi_camera,436,3,1,19.9,9.1,182,140,0.0182,0.0140,0.5,0.5,0.2500,0.5m x 0.5m,0.67,IE_KAL,578.9,517.5,370,416,786,618,-33.958667,18.459818,122.2,0.0,080526182645.0,Mostly Clear,
2026-05-08 20:26:52,RPi_001,rpi_camera,437,3,1,19.9,9.1,182,140,0.0182,0.0140,0.5,0.5,0.2500,0.5m x 0.5m,0.67,IE_KAL,578.7,517.5,370,416,786,618,-33.958667,18.459818,122.2,0.0,080526182645.0,Mostly Clear,
2026-05-08 20:26:52,RPi_001,rpi_camera,438,3,1,20.2,9.1,184,140,0.0184,0.0140,0.5,0.5,0.2500,0.5m x 0.5m,0.63,IE_KAL,578.4,517.5,370,416,786,618,-33.958667,18.459818,122.2,0.0,080526182645.0,Mostly Clear,
2026-05-08 20:26:52,RPi_001,rpi_camera,439,3,1,19.9,9.6,191,141,0.0191,0.0141,0.5,0.5,0.2500,0.5m x 0.5m,0.65,IE_KAL,578.7,517.8,370,415,786,619,-33.958667,18.459818,122.2,0.0,080526182645.0,Mostly Clear,
2026-05-08 20:26:52,RPi_001,rpi_camera,440,3,1,19.9,9.1,182,139,0.0182,0.0139,0.5,0.5,0.2500,0.5m x 0.5m,0.65,IE_KAL,578.5,517.5,370,416,786,618,-33.958667,18.459818,122.2,0.0,080526182645.0,Mostly Clear,
2026-05-08 20:26:52,RPi_001,rpi_camera,441,3,1,20.2,9.1,184,140,0.0184,0.0140,0.5,0.5,0.2500,0.5m x 0.5m,0.65,IE_KAL,578.3,517.5,370,416,786,618,-33.958667,18.459818,122.2,0.0,080526182645.0,Mostly Clear,
2026-05-08 20:26:52,RPi_001,rpi_camera,442,3,1,20.2,9.1,184,140,0.0184,0.0140,0.5,0.5,0.2500,0.5m x 0.5m,0.64,IE_KAL,578.3,517.5,370,416,786,618,-33.958667,18.459818,122.2,0.0,080526182645.0,Mostly Clear,
2026-05-08 20:26:52,RPi_001,rpi_camera,443,3,1,19.9,9.1,182,140,0.0182,0.0140,0.5,0.5,0.2500,0.5m x 0.5m,0.67,IE_KAL,578.9,517.6,370,416,786,618,-33.958667,18.459818,122.2,0.0,080526182645.0,Mostly Clear,
2026-05-08 20:26:52,RPi_001,rpi_camera,444,3,1,20.2,9.6,193,141,0.0193,0.0141,0.5,0.5,0.2500,0.5m x 0.5m,0.66,IE_KAL,578.4,517.8,370,415,786,619,-33.958667,18.459818,122.2,0.0,080526182645.0,Mostly Clear,
2026-05-08 20:26:53,RPi_001,rpi_camera,445,3,1,19.9,9.1,182,139,0.0182,0.0139,0.5,0.5,0.2500,0.5m x 0.5m,0.66,IE_KAL,578.6,517.6,370,416,786,618,-33.958667,18.459818,122.2,0.0,080526182645.0,Mostly Clear,
2026-05-08 20:26:53,RPi_001,rpi_camera,446,3,1,20.2,9.4,189,143,0.0189,0.0143,0.5,0.5,0.2500,0.5m x 0.5m,0.60,IE_KAL,578.5,517.6,370,416,786,619,-33.958667,18.459818,122.2,0.0,080526182645.0,Mostly Clear,
2026-05-08 20:26:53,RPi_001,rpi_camera,447,3,1,19.9,9.4,186,141,0.0186,0.0141,0.5,0.5,0.2500,0.5m x 0.5m,0.66,IE_KAL,578.8,517.6,370,416,787,619,-33.958667,18.459818,122.2,0.0,080526182645.0,Mostly Clear,
2026-05-08 20:26:53,RPi_001,rpi_camera,448,3,1,19.9,9.1,182,140,0.0182,0.0140,0.5,0.5,0.2500,0.5m x 0.5m,0.71,IE_KAL,579.2,517.5,371,416,787,618,-33.958667,18.459818,122.2,0.0,080526182645.0,Mostly Clear,
2026-05-08 20:26:53,RPi_001,rpi_camera,449,3,1,20.2,9.1,184,141,0.0184,0.0141,0.5,0.5,0.2500,0.5m x 0.5m,0.67,IE_KAL,578.3,517.5,370,416,786,618,-33.958667,18.459818,122.2,0.0,080526182645.0,Mostly Clear,
2026-05-08 20:26:53,RPi_001,rpi_camera,450,3,1,19.9,9.6,191,141,0.0191,0.0141,0.5,0.5,0.2500,0.5m x 0.5m,0.68,IE_KAL,578.5,517.8,370,415,786,619,-33.958667,18.459818,122.2,0.0,080526182645.0,Mostly Clear,
2026-05-08 20:26:53,RPi_001,rpi_camera,451,3,1,19.9,9.1,182,138,0.0182,0.0138,0.5,0.5,0.2500,0.5m x 0.5m,0.69,IE_KAL,578.8,517.5,370,416,786,618,-33.958667,18.459818,122.2,0.0,080526182645.0,Mostly Clear,
2026-05-08 20:26:53,RPi_001,rpi_camera,452,3,1,19.9,9.6,191,139,0.0191,0.0139,0.5,0.5,0.2500,0.5m x 0.5m,0.71,IE_KAL,578.9,517.8,370,415,787,619,-33.958667,18.459818,122.2,0.0,080526182645.0,Mostly Clear,
2026-05-08 20:26:53,RPi_001,rpi_camera,453,3,1,19.7,8.9,175,138,0.0175,0.0138,0.5,0.5,0.2500,0.5m x 0.5m,0.73,IE_KAL,579.0,517.9,370,416,787,619,-33.958667,18.459818,122.2,0.0,080526182645.0,Mostly Clear,
2026-05-08 20:26:53,RPi_001,rpi_camera,454,3,1,19.7,9.6,188,140,0.0188,0.0140,0.5,0.5,0.2500,0.5m x 0.5m,0.66,IE_KAL,578.0,517.7,369,415,786,619,-33.958667,18.459818,122.2,0.0,080526182645.0,Mostly Clear,
2026-05-08 20:26:53,RPi_001,rpi_camera,455,3,1,19.9,9.1,182,139,0.0182,0.0139,0.5,0.5,0.2500,0.5m x 0.5m,0.71,IE_KAL,578.4,517.2,370,415,786,618,-33.958667,18.459818,122.2,0.0,080526182645.0,Mostly Clear,
2026-05-08 20:26:53,RPi_001,rpi_camera,456,3,1,19.9,9.1,182,139,0.0182,0.0139,0.5,0.5,0.2500,0.5m x 0.5m,0.72,IE_KAL,578.3,517.3,370,416,786,618,-33.958667,18.459818,122.2,0.0,080526182645.0,Mostly Clear,
2026-05-08 20:26:53,RPi_001,rpi_camera,457,3,1,19.7,8.9,175,136,0.0175,0.0136,0.5,0.5,0.2500,0.5m x 0.5m,0.69,IE_KAL,578.2,517.6,369,416,786,618,-33.958667,18.459818,122.2,0.0,080526182650.0,Mostly Clear,
2026-05-08 20:26:53,RPi_001,rpi_camera,458,3,1,19.7,8.9,175,136,0.0175,0.0136,0.5,0.5,0.2500,0.5m x 0.5m,0.70,IE_KAL,578.4,517.6,370,416,786,618,-33.958667,18.459818,122.2,0.0,080526182650.0,Mostly Clear,
2026-05-08 20:26:53,RPi_001,rpi_camera,459,3,1,19.7,8.9,175,136,0.0175,0.0136,0.5,0.5,0.2500,0.5m x 0.5m,0.67,IE_KAL,578.7,517.7,370,416,786,619,-33.958667,18.459818,122.2,0.0,080526182650.0,Mostly Clear,
2026-05-08 20:26:53,RPi_001,rpi_camera,460,3,1,19.7,9.1,179,138,0.0179,0.0138,0.5,0.5,0.2500,0.5m x 0.5m,0.71,IE_KAL,578.6,517.8,370,416,786,619,-33.958667,18.459818,122.2,0.0,080526182650.0,Mostly Clear,
2026-05-08 20:26:53,RPi_001,rpi_camera,461,3,1,19.9,9.1,182,138,0.0182,0.0138,0.5,0.5,0.2500,0.5m x 0.5m,0.70,IE_KAL,578.8,517.8,370,416,787,619,-33.958667,18.459818,122.2,0.0,080526182650.0,Mostly Clear,
2026-05-08 20:26:53,RPi_001,rpi_camera,462,3,1,19.8,9.1,181,138,0.0181,0.0138,0.5,0.5,0.2500,0.5m x 0.5m,0.69,IE_KAL,578.7,517.6,370,416,786,618,-33.958667,18.459818,122.2,0.0,080526182650.0,Mostly Clear,
2026-05-08 20:26:53,RPi_001,rpi_camera,463,3,1,19.9,9.1,182,138,0.0182,0.0138,0.5,0.5,0.2500,0.5m x 0.5m,0.70,IE_KAL,578.5,517.6,370,416,786,618,-33.958667,18.459818,122.2,0.0,080526182650.0,Mostly Clear,
2026-05-08 20:26:53,RPi_001,rpi_camera,464,3,1,19.9,9.4,186,139,0.0186,0.0139,0.5,0.5,0.2500,0.5m x 0.5m,0.72,IE_KAL,578.7,517.7,370,416,786,619,-33.958667,18.459818,122.2,0.0,080526182650.0,Mostly Clear,
2026-05-08 20:26:54,RPi_001,rpi_camera,465,3,1,19.9,9.1,182,138,0.0182,0.0138,0.5,0.5,0.2500,0.5m x 0.5m,0.68,IE_KAL,578.6,518.0,370,416,786,619,-33.958667,18.459818,122.2,0.0,080526182650.0,Mostly Clear,
2026-05-08 20:26:54,RPi_001,rpi_camera,466,3,1,19.9,9.4,186,140,0.0186,0.0140,0.5,0.5,0.2500,0.5m x 0.5m,0.71,IE_KAL,578.6,517.8,370,416,786,619,-33.958667,18.459818,122.2,0.0,080526182650.0,Mostly Clear,
2026-05-08 20:26:54,RPi_001,rpi_camera,467,3,1,19.9,9.4,186,139,0.0186,0.0139,0.5,0.5,0.2500,0.5m x 0.5m,0.70,IE_KAL,578.5,517.8,370,416,786,619,-33.958667,18.459818,122.2,0.0,080526182650.0,Mostly Clear,
2026-05-08 20:26:54,RPi_001,rpi_camera,468,3,1,19.9,9.1,182,138,0.0182,0.0138,0.5,0.5,0.2500,0.5m x 0.5m,0.69,IE_KAL,578.4,517.7,370,416,786,618,-33.958667,18.459818,122.2,0.0,080526182650.0,Mostly Clear,
2026-05-08 20:26:54,RPi_001,rpi_camera,469,3,1,19.9,9.4,186,140,0.0186,0.0140,0.5,0.5,0.2500,0.5m x 0.5m,0.67,IE_KAL,578.4,517.8,370,416,786,619,-33.958667,18.459818,122.2,0.0,080526182650.0,Mostly Clear,
2026-05-08 20:26:54,RPi_001,rpi_camera,470,3,1,19.7,9.3,183,138,0.0183,0.0138,0.5,0.5,0.2500,0.5m x 0.5m,0.65,IE_KAL,578.4,517.9,369,416,786,619,-33.958667,18.459818,122.2,0.0,080526182650.0,Mostly Clear,
2026-05-08 20:26:54,RPi_001,rpi_camera,471,3,1,19.7,8.9,175,137,0.0175,0.0137,0.5,0.5,0.2500,0.5m x 0.5m,0.64,IE_KAL,578.5,517.7,370,416,786,619,-33.958667,18.459818,122.2,0.0,080526182650.0,Mostly Clear,
2026-05-08 20:26:54,RPi_001,rpi_camera,472,3,1,20.0,8.9,178,137,0.0178,0.0137,0.5,0.5,0.2500,0.5m x 0.5m,0.65,IE_KAL,578.6,517.8,370,416,786,619,-33.958667,18.459818,122.2,0.0,080526182650.0,Mostly Clear,
2026-05-08 20:26:54,RPi_001,rpi_camera,473,3,1,19.9,9.1,182,138,0.0182,0.0138,0.5,0.5,0.2500,0.5m x 0.5m,0.65,IE_KAL,578.1,517.5,370,416,786,618,-33.958667,18.459818,122.2,0.0,080526182650.0,Mostly Clear,
2026-05-08 20:26:54,RPi_001,rpi_camera,474,3,1,19.9,9.6,191,140,0.0191,0.0140,0.5,0.5,0.2500,0.5m x 0.5m,0.63,IE_KAL,578.4,517.9,370,415,786,619,-33.958667,18.459818,122.2,0.0,080526182650.0,Mostly Clear,
2026-05-08 20:26:54,RPi_001,rpi_camera,475,3,1,19.9,9.1,182,139,0.0182,0.0139,0.5,0.5,0.2500,0.5m x 0.5m,0.66,IE_KAL,578.8,518.0,370,416,787,619,-33.958667,18.459818,122.2,0.0,080526182650.0,Mostly Clear,
2026-05-08 20:26:54,RPi_001,rpi_camera,476,3,1,19.7,9.3,183,138,0.0183,0.0138,0.5,0.5,0.2500,0.5m x 0.5m,0.65,IE_KAL,578.1,518.1,369,416,786,619,-33.958667,18.459818,122.2,0.0,080526182650.0,Mostly Clear,
2026-05-08 20:26:54,RPi_001,rpi_camera,477,3,1,19.9,9.3,186,138,0.0186,0.0138,0.5,0.5,0.2500,0.5m x 0.5m,0.68,IE_KAL,578.7,518.0,370,416,787,619,-33.958667,18.459818,122.2,0.0,080526182650.0,Mostly Clear,
2026-05-08 20:26:54,RPi_001,rpi_camera,478,3,1,20.2,9.4,189,140,0.0189,0.0140,0.5,0.5,0.2500,0.5m x 0.5m,0.65,IE_KAL,577.9,517.8,369,416,786,619,-33.958667,18.459818,122.2,0.0,080526182650.0,Mostly Clear,
2026-05-08 20:26:54,RPi_001,rpi_camera,479,3,1,19.8,8.9,176,136,0.0176,0.0136,0.5,0.5,0.2500,0.5m x 0.5m,0.65,IE_KAL,578.8,517.8,370,416,787,619,-33.958667,18.459818,122.2,0.0,080526182650.0,Mostly Clear,
2026-05-08 20:26:54,RPi_001,rpi_camera,480,3,1,19.9,9.1,182,137,0.0182,0.0137,0.5,0.5,0.2500,0.5m x 0.5m,0.67,IE_KAL,578.8,518.0,370,416,787,619,-33.958667,18.459818,122.2,0.0,080526182650.0,Mostly Clear,
2026-05-08 20:26:55,RPi_001,rpi_camera,481,3,1,19.8,9.4,185,139,0.0185,0.0139,0.5,0.5,0.2500,0.5m x 0.5m,0.68,IE_KAL,578.7,517.8,370,416,786,619,-33.958667,18.459818,122.2,0.0,080526182650.0,Mostly Clear,
2026-05-08 20:26:55,RPi_001,rpi_camera,482,3,1,19.8,9.1,181,137,0.0181,0.0137,0.5,0.5,0.2500,0.5m x 0.5m,0.65,IE_KAL,578.6,517.6,370,416,786,618,-33.958667,18.459818,122.2,0.0,080526182650.0,Mostly Clear,
2026-05-08 20:26:55,RPi_001,rpi_camera,483,3,1,19.8,9.1,181,137,0.0181,0.0137,0.5,0.5,0.2500,0.5m x 0.5m,0.67,IE_KAL,578.7,517.6,370,416,786,618,-33.958667,18.459818,122.2,0.0,080526182650.0,Mostly Clear,
2026-05-08 20:26:55,RPi_001,rpi_camera,484,3,1,19.7,9.1,180,137,0.0180,0.0137,0.5,0.5,0.2500,0.5m x 0.5m,0.67,IE_KAL,578.9,517.7,370,416,786,618,-33.958667,18.459818,122.2,0.0,080526182650.0,Mostly Clear,
2026-05-08 20:26:55,RPi_001,rpi_camera,485,3,1,19.9,9.4,186,138,0.0186,0.0138,0.5,0.5,0.2500,0.5m x 0.5m,0.69,IE_KAL,578.4,517.8,370,416,786,619,-33.958667,18.459818,122.2,0.0,080526182650.0,Mostly Clear,
2026-05-08 20:26:55,RPi_001,rpi_camera,486,3,1,19.9,9.1,182,139,0.0182,0.0139,0.5,0.5,0.2500,0.5m x 0.5m,0.70,IE_KAL,578.6,518.0,370,416,786,619,-33.958667,18.459818,122.2,0.0,080526182650.0,Mostly Clear,
2026-05-08 20:26:55,RPi_001,rpi_camera,487,3,1,19.9,9.1,182,137,0.0182,0.0137,0.5,0.5,0.2500,0.5m x 0.5m,0.71,IE_KAL,578.6,518.0,370,416,786,619,-33.958667,18.459818,122.2,0.0,080526182650.0,Mostly Clear,
2026-05-08 20:26:55,RPi_001,rpi_camera,488,3,1,19.9,9.1,182,137,0.0182,0.0137,0.5,0.5,0.2500,0.5m x 0.5m,0.68,IE_KAL,578.6,518.0,370,416,786,619,-33.958667,18.459818,122.2,0.0,080526182650.0,Mostly Clear,
2026-05-08 20:26:55,RPi_001,rpi_camera,489,3,1,19.9,8.9,177,137,0.0177,0.0137,0.5,0.5,0.2500,0.5m x 0.5m,0.70,IE_KAL,578.8,517.9,370,416,787,619,-33.958667,18.459818,122.2,0.0,080526182650.0,Mostly Clear,
2026-05-08 20:26:55,RPi_001,rpi_camera,490,3,1,19.7,9.3,183,136,0.0183,0.0136,0.5,0.5,0.2500,0.5m x 0.5m,0.71,IE_KAL,578.5,518.0,369,416,786,619,-33.958667,18.459818,122.2,0.0,080526182650.0,Mostly Clear,
2026-05-08 20:26:55,RPi_001,rpi_camera,491,3,1,19.9,8.9,177,135,0.0177,0.0135,0.5,0.5,0.2500,0.5m x 0.5m,0.68,IE_KAL,578.8,517.8,370,416,787,619,-33.958667,18.459818,122.2,0.0,080526182650.0,Mostly Clear,
2026-05-08 20:26:55,RPi_001,rpi_camera,492,3,1,19.9,9.1,182,136,0.0182,0.0136,0.5,0.5,0.2500,0.5m x 0.5m,0.71,IE_KAL,578.4,517.9,370,416,786,619,-33.958667,18.459818,122.2,0.0,080526182650.0,Mostly Clear,
2026-05-08 20:26:55,RPi_001,rpi_camera,493,3,1,19.7,8.9,175,135,0.0175,0.0135,0.5,0.5,0.2500,0.5m x 0.5m,0.70,IE_KAL,578.5,517.8,370,416,786,619,-33.958667,18.459818,122.2,0.0,080526182650.0,Mostly Clear,
2026-05-08 20:26:55,RPi_001,rpi_camera,494,3,1,19.9,8.9,177,136,0.0177,0.0136,0.5,0.5,0.2500,0.5m x 0.5m,0.69,IE_KAL,578.7,517.8,370,416,786,619,-33.958667,18.459818,122.2,0.0,080526182650.0,Mostly Clear,
2026-05-08 20:26:55,RPi_001,rpi_camera,495,3,1,19.9,9.1,182,137,0.0182,0.0137,0.5,0.5,0.2500,0.5m x 0.5m,0.69,IE_KAL,578.7,518.0,370,416,786,619,-33.958667,18.459818,122.2,0.0,080526182650.0,Mostly Clear,
2026-05-08 20:26:55,RPi_001,rpi_camera,496,3,1,19.9,9.3,186,137,0.0186,0.0137,0.5,0.5,0.2500,0.5m x 0.5m,0.68,IE_KAL,578.8,518.1,370,416,787,619,-33.958667,18.459818,122.2,0.0,080526182650.0,Mostly Clear,
2026-05-08 20:26:55,RPi_001,rpi_camera,497,3,1,19.7,8.9,175,136,0.0175,0.0136,0.5,0.5,0.2500,0.5m x 0.5m,0.66,IE_KAL,578.4,517.8,370,416,786,619,-33.958667,18.459818,122.2,0.0,080526182650.0,Mostly Clear,
2026-05-08 20:26:55,RPi_001,rpi_camera,498,3,1,19.7,9.1,180,137,0.0180,0.0137,0.5,0.5,0.2500,0.5m x 0.5m,0.69,IE_KAL,578.3,517.6,370,416,786,618,-33.958667,18.459818,122.2,0.0,080526182650.0,Mostly Clear,
2026-05-08 20:26:55,RPi_001,rpi_camera,499,3,1,19.7,8.9,175,135,0.0175,0.0135,0.5,0.5,0.2500,0.5m x 0.5m,0.69,IE_KAL,578.2,517.8,369,416,786,619,-33.958667,18.459818,122.2,0.0,080526182650.0,Mostly Clear,
2026-05-08 20:26:55,RPi_001,rpi_camera,500,3,1,20.2,9.1,184,138,0.0184,0.0138,0.5,0.5,0.2500,0.5m x 0.5m,0.69,IE_KAL,578.0,517.9,369,416,786,619,-33.958667,18.459818,122.2,0.0,080526182650.0,Mostly Clear,
2026-05-08 20:26:56,RPi_001,rpi_camera,501,3,1,19.9,9.4,186,139,0.0186,0.0139,0.5,0.5,0.2500,0.5m x 0.5m,0.68,IE_KAL,578.4,517.9,370,416,786,619,-33.958667,18.459818,122.2,0.0,080526182650.0,Mostly Clear,
2026-05-08 20:26:56,RPi_001,rpi_camera,502,3,1,19.7,8.9,175,136,0.0175,0.0136,0.5,0.5,0.2500,0.5m x 0.5m,0.69,IE_KAL,578.2,517.8,369,416,786,619,-33.958667,18.459818,122.2,0.0,080526182650.0,Mostly Clear,
2026-05-08 20:26:56,RPi_001,rpi_camera,503,3,1,19.9,8.9,177,136,0.0177,0.0136,0.5,0.5,0.2500,0.5m x 0.5m,0.69,IE_KAL,578.6,517.8,370,416,786,619,-33.958667,18.459818,122.2,0.0,080526182650.0,Mostly Clear,
2026-05-08 20:26:56,RPi_001,rpi_camera,504,3,1,19.9,9.1,182,138,0.0182,0.0138,0.5,0.5,0.2500,0.5m x 0.5m,0.70,IE_KAL,578.3,517.6,370,416,786,618,-33.958667,18.459818,122.2,0.0,080526182650.0,Mostly Clear,
2026-05-08 20:26:56,RPi_001,rpi_camera,505,3,1,19.9,9.1,182,138,0.0182,0.0138,0.5,0.5,0.2500,0.5m x 0.5m,0.68,IE_KAL,578.5,517.6,370,416,786,618,-33.958667,18.459818,122.2,0.0,080526182650.0,Mostly Clear,
2026-05-08 20:26:56,RPi_001,rpi_camera,506,3,1,19.9,8.9,177,136,0.0177,0.0136,0.5,0.5,0.2500,0.5m x 0.5m,0.70,IE_KAL,578.5,517.8,370,416,786,619,-33.958667,18.459818,122.2,0.0,080526182650.0,Mostly Clear,
2026-05-08 20:26:56,RPi_001,rpi_camera,507,3,1,19.7,8.9,175,136,0.0175,0.0136,0.5,0.5,0.2500,0.5m x 0.5m,0.67,IE_KAL,578.3,517.8,369,416,786,619,-33.958667,18.459818,122.2,0.0,080526182650.0,Mostly Clear,
2026-05-08 20:26:56,RPi_001,rpi_camera,508,3,1,19.7,8.9,175,135,0.0175,0.0135,0.5,0.5,0.2500,0.5m x 0.5m,0.69,IE_KAL,578.3,517.8,370,416,786,619,-33.958667,18.459818,122.2,0.0,080526182650.0,Mostly Clear,
2026-05-08 20:26:56,RPi_001,rpi_camera,509,3,1,19.7,8.9,175,135,0.0175,0.0135,0.5,0.5,0.2500,0.5m x 0.5m,0.69,IE_KAL,578.3,517.8,370,416,786,619,-33.958667,18.459818,122.2,0.0,080526182650.0,Mostly Clear,
2026-05-08 20:26:56,RPi_001,rpi_camera,510,3,1,19.9,8.9,177,136,0.0177,0.0136,0.5,0.5,0.2500,0.5m x 0.5m,0.71,IE_KAL,578.5,517.7,370,416,786,619,-33.958667,18.459818,122.2,0.0,080526182650.0,Mostly Clear,
2026-05-08 20:26:56,RPi_001,rpi_camera,511,3,1,19.7,9.4,184,139,0.0184,0.0139,0.5,0.5,0.2500,0.5m x 0.5m,0.69,IE_KAL,578.2,517.8,369,416,786,619,-33.958667,18.459818,122.2,0.0,080526182650.0,Mostly Clear,
2026-05-08 20:26:56,RPi_001,rpi_camera,512,3,1,19.9,8.9,177,136,0.0177,0.0136,0.5,0.5,0.2500,0.5m x 0.5m,0.69,IE_KAL,578.5,517.8,370,416,786,619,-33.958667,18.459818,122.2,0.0,080526182650.0,Mostly Clear,
2026-05-08 20:26:56,RPi_001,rpi_camera,513,3,1,19.9,8.9,177,137,0.0177,0.0137,0.5,0.5,0.2500,0.5m x 0.5m,0.68,IE_KAL,578.7,517.9,370,416,786,619,-33.958667,18.459818,122.2,0.0,080526182650.0,Mostly Clear,
2026-05-08 20:26:56,RPi_001,rpi_camera,514,3,1,19.7,8.9,175,135,0.0175,0.0135,0.5,0.5,0.2500,0.5m x 0.5m,0.70,IE_KAL,578.2,517.8,369,416,786,619,-33.958667,18.459818,122.2,0.0,080526182650.0,Mostly Clear,
2026-05-08 20:26:56,RPi_001,rpi_camera,515,3,1,19.7,9.1,179,137,0.0179,0.0137,0.5,0.5,0.2500,0.5m x 0.5m,0.71,IE_KAL,578.4,518.0,370,416,786,619,-33.958667,18.459818,122.2,0.0,080526182650.0,Mostly Clear,
2026-05-08 20:26:56,RPi_001,rpi_camera,516,3,1,19.9,8.9,177,136,0.0177,0.0136,0.5,0.5,0.2500,0.5m x 0.5m,0.67,IE_KAL,578.8,517.8,370,416,787,619,-33.958667,18.459818,122.2,0.0,080526182650.0,Mostly Clear,
2026-05-08 20:26:57,RPi_001,rpi_camera,517,3,1,19.7,9.1,180,137,0.0180,0.0137,0.5,0.5,0.2500,0.5m x 0.5m,0.71,IE_KAL,578.4,517.6,370,416,786,618,-33.958667,18.459818,122.2,0.0,080526182650.0,Mostly Clear,
2026-05-08 20:26:57,RPi_001,rpi_camera,518,3,1,19.8,8.9,176,135,0.0176,0.0135,0.5,0.5,0.2500,0.5m x 0.5m,0.67,IE_KAL,578.8,517.8,370,416,787,619,-33.958667,18.459818,122.2,0.0,080526182650.0,Mostly Clear,
2026-05-08 20:26:57,RPi_001,rpi_camera,519,3,1,19.9,8.9,177,136,0.0177,0.0136,0.5,0.5,0.2500,0.5m x 0.5m,0.67,IE_KAL,578.7,517.8,370,416,786,619,-33.958667,18.459818,122.2,0.0,080526182650.0,Mostly Clear,
2026-05-08 20:26:57,RPi_001,rpi_camera,520,3,1,20.2,8.9,179,137,0.0179,0.0137,0.5,0.5,0.2500,0.5m x 0.5m,0.70,IE_KAL,578.4,517.8,370,416,786,619,-33.958667,18.459818,122.2,0.0,080526182650.0,Mostly Clear,
2026-05-08 20:26:57,RPi_001,rpi_camera,521,3,1,19.9,8.9,177,135,0.0177,0.0135,0.5,0.5,0.2500,0.5m x 0.5m,0.70,IE_KAL,578.8,517.8,370,416,787,619,-33.958667,18.459818,122.2,0.0,080526182650.0,Mostly Clear,
2026-05-08 20:26:57,RPi_001,rpi_camera,522,3,1,19.9,9.1,182,137,0.0182,0.0137,0.5,0.5,0.2500,0.5m x 0.5m,0.70,IE_KAL,578.5,517.6,370,416,786,618,-33.958667,18.459818,122.2,0.0,080526182650.0,Mostly Clear,
2026-05-08 20:26:57,RPi_001,rpi_camera,523,3,1,19.7,8.9,175,136,0.0175,0.0136,0.5,0.5,0.2500,0.5m x 0.5m,0.70,IE_KAL,578.5,517.8,370,416,786,619,-33.958667,18.459818,122.2,0.0,080526182650.0,Mostly Clear,
2026-05-08 20:26:57,RPi_001,rpi_camera,524,3,1,19.7,8.9,175,136,0.0175,0.0136,0.5,0.5,0.2500,0.5m x 0.5m,0.70,IE_KAL,578.4,517.8,370,416,786,619,-33.958667,18.459818,122.2,0.0,080526182650.0,Mostly Clear,
2026-05-08 20:26:57,RPi_001,rpi_camera,525,3,1,19.9,8.9,177,136,0.0177,0.0136,0.5,0.5,0.2500,0.5m x 0.5m,0.69,IE_KAL,578.8,517.8,370,416,787,619,-33.958667,18.459818,122.2,0.0,080526182650.0,Mostly Clear,
2026-05-08 20:26:57,RPi_001,rpi_camera,526,3,1,19.9,8.9,177,136,0.0177,0.0136,0.5,0.5,0.2500,0.5m x 0.5m,0.70,IE_KAL,578.5,517.8,370,416,786,619,-33.958667,18.459818,122.2,0.0,080526182650.0,Mostly Clear,
2026-05-08 20:26:57,RPi_001,rpi_camera,527,3,1,19.9,8.9,177,136,0.0177,0.0136,0.5,0.5,0.2500,0.5m x 0.5m,0.71,IE_KAL,578.6,517.8,370,416,786,619,-33.958667,18.459818,122.2,0.0,080526182650.0,Mostly Clear,
2026-05-08 20:26:57,RPi_001,rpi_camera,528,3,1,19.9,8.9,177,136,0.0177,0.0136,0.5,0.5,0.2500,0.5m x 0.5m,0.68,IE_KAL,578.7,517.8,370,416,787,619,-33.958667,18.459818,122.2,0.0,080526182650.0,Mostly Clear,
2026-05-08 20:26:57,RPi_001,rpi_camera,529,3,1,19.9,9.1,182,137,0.0182,0.0137,0.5,0.5,0.2500,0.5m x 0.5m,0.71,IE_KAL,578.5,517.6,370,416,786,618,-33.958667,18.459818,122.2,0.0,080526182650.0,Mostly Clear,
2026-05-08 20:26:57,RPi_001,rpi_camera,530,3,1,19.9,9.1,182,137,0.0182,0.0137,0.5,0.5,0.2500,0.5m x 0.5m,0.71,IE_KAL,578.7,517.6,370,416,786,618,-33.958667,18.459818,122.2,0.0,080526182650.0,Mostly Clear,
2026-05-08 20:26:57,RPi_001,rpi_camera,531,3,1,19.7,9.1,180,137,0.0180,0.0137,0.5,0.5,0.2500,0.5m x 0.5m,0.68,IE_KAL,578.3,517.6,370,416,786,618,-33.958667,18.459818,122.2,0.0,080526182650.0,Mostly Clear,
2026-05-08 20:26:57,RPi_001,rpi_camera,532,3,1,19.9,9.1,182,138,0.0182,0.0138,0.5,0.5,0.2500,0.5m x 0.5m,0.70,IE_KAL,578.3,517.6,370,416,786,618,-33.958667,18.459818,122.2,0.0,080526182650.0,Mostly Clear,
2026-05-08 20:26:57,RPi_001,rpi_camera,533,3,1,19.9,9.1,182,137,0.0182,0.0137,0.5,0.5,0.2500,0.5m x 0.5m,0.70,IE_KAL,578.2,517.6,370,416,786,618,-33.958667,18.459818,122.2,0.0,080526182650.0,Mostly Clear,
2026-05-08 20:26:57,RPi_001,rpi_camera,534,3,1,19.7,8.9,175,136,0.0175,0.0136,0.5,0.5,0.2500,0.5m x 0.5m,0.69,IE_KAL,578.4,517.8,370,416,786,619,-33.958667,18.459818,122.2,0.0,080526182650.0,Mostly Clear,
2026-05-08 20:26:57,RPi_001,rpi_camera,535,3,1,19.9,9.1,182,138,0.0182,0.0138,0.5,0.5,0.2500,0.5m x 0.5m,0.71,IE_KAL,578.3,517.6,370,416,786,618,-33.958667,18.459818,122.2,0.0,080526182650.0,Mostly Clear,
2026-05-08 20:26:57,RPi_001,rpi_camera,536,3,1,19.7,9.1,180,137,0.0180,0.0137,0.5,0.5,0.2500,0.5m x 0.5m,0.69,IE_KAL,578.1,517.6,370,416,786,618,-33.958667,18.459818,122.2,0.0,080526182650.0,Mostly Clear,
2026-05-08 20:26:58,RPi_001,rpi_camera,537,3,1,19.9,9.1,182,137,0.0182,0.0137,0.5,0.5,0.2500,0.5m x 0.5m,0.71,IE_KAL,578.7,517.6,370,416,786,618,-33.958667,18.459818,122.2,0.0,080526182650.0,Mostly Clear,
2026-05-08 20:26:58,RPi_001,rpi_camera,538,3,1,19.9,8.9,177,136,0.0177,0.0136,0.5,0.5,0.2500,0.5m x 0.5m,0.70,IE_KAL,577.8,517.7,369,416,786,619,-33.958667,18.459818,122.2,0.0,080526182650.0,Mostly Clear,
2026-05-08 20:26:58,RPi_001,rpi_camera,539,3,1,19.9,8.9,177,135,0.0177,0.0135,0.5,0.5,0.2500,0.5m x 0.5m,0.71,IE_KAL,578.6,517.7,370,416,786,619,-33.958667,18.459818,122.2,0.0,080526182650.0,Mostly Clear,
2026-05-08 20:26:58,RPi_001,rpi_camera,540,3,1,20.0,8.9,178,136,0.0178,0.0136,0.5,0.5,0.2500,0.5m x 0.5m,0.69,IE_KAL,578.8,517.8,370,416,787,619,-33.958667,18.459818,122.2,0.0,080526182650.0,Mostly Clear,
2026-05-08 20:26:58,RPi_001,rpi_camera,541,3,1,19.9,9.3,186,136,0.0186,0.0136,0.5,0.5,0.2500,0.5m x 0.5m,0.69,IE_KAL,578.6,518.0,370,416,787,619,-33.958667,18.459818,122.2,0.0,080526182650.0,Mostly Clear,
2026-05-08 20:26:58,RPi_001,rpi_camera,542,3,1,19.9,9.1,182,137,0.0182,0.0137,0.5,0.5,0.2500,0.5m x 0.5m,0.69,IE_KAL,578.4,517.6,370,416,786,618,-33.958667,18.459818,122.2,0.0,080526182650.0,Mostly Clear,
2026-05-08 20:26:58,RPi_001,rpi_camera,543,3,1,19.9,8.9,177,136,0.0177,0.0136,0.5,0.5,0.2500,0.5m x 0.5m,0.69,IE_KAL,577.9,517.7,369,416,786,618,-33.958667,18.459818,122.2,0.0,080526182650.0,Mostly Clear,
2026-05-08 20:26:58,RPi_001,rpi_camera,544,3,1,19.7,8.9,175,136,0.0175,0.0136,0.5,0.5,0.2500,0.5m x 0.5m,0.68,IE_KAL,578.5,517.8,370,416,786,619,-33.958667,18.459818,122.2,0.0,080526182650.0,Mostly Clear,
2026-05-08 20:26:58,RPi_001,rpi_camera,545,3,1,19.9,9.1,182,138,0.0182,0.0138,0.5,0.5,0.2500,0.5m x 0.5m,0.71,IE_KAL,578.4,517.6,370,416,786,618,-33.958667,18.459818,122.2,0.0,080526182655.0,Mostly Clear,
2026-05-08 20:26:58,RPi_001,rpi_camera,546,3,1,19.7,8.9,175,136,0.0175,0.0136,0.5,0.5,0.2500,0.5m x 0.5m,0.69,IE_KAL,578.3,517.8,370,416,786,619,-33.958667,18.459818,122.2,0.0,080526182655.0,Mostly Clear,
2026-05-08 20:26:58,RPi_001,rpi_camera,547,3,1,19.9,8.9,177,136,0.0177,0.0136,0.5,0.5,0.2500,0.5m x 0.5m,0.70,IE_KAL,578.0,517.8,369,416,786,619,-33.958667,18.459818,122.2,0.0,080526182655.0,Mostly Clear,
2026-05-08 20:26:58,RPi_001,rpi_camera,548,3,1,19.9,8.9,177,137,0.0177,0.0137,0.5,0.5,0.2500,0.5m x 0.5m,0.69,IE_KAL,578.0,517.8,369,416,786,619,-33.958667,18.459818,122.2,0.0,080526182655.0,Mostly Clear,
2026-05-08 20:26:58,RPi_001,rpi_camera,549,3,1,19.9,8.9,177,136,0.0177,0.0136,0.5,0.5,0.2500,0.5m x 0.5m,0.71,IE_KAL,577.9,517.8,369,416,786,619,-33.958667,18.459818,122.2,0.0,080526182655.0,Mostly Clear,
2026-05-08 20:26:58,RPi_001,rpi_camera,550,3,1,20.2,8.9,179,136,0.0179,0.0136,0.5,0.5,0.2500,0.5m x 0.5m,0.71,IE_KAL,578.1,517.7,369,416,786,619,-33.958667,18.459818,122.2,0.0,080526182655.0,Mostly Clear,
2026-05-08 20:26:58,RPi_001,rpi_camera,551,3,1,19.7,8.9,175,135,0.0175,0.0135,0.5,0.5,0.2500,0.5m x 0.5m,0.69,IE_KAL,578.4,517.7,370,416,786,619,-33.958667,18.459818,122.2,0.0,080526182655.0,Mostly Clear,
2026-05-08 20:26:58,RPi_001,rpi_camera,552,3,1,19.8,9.1,181,137,0.0181,0.0137,0.5,0.5,0.2500,0.5m x 0.5m,0.67,IE_KAL,578.7,517.6,370,416,786,618,-33.958667,18.459818,122.2,0.0,080526182655.0,Mostly Clear,
2026-05-08 20:26:59,RPi_001,rpi_camera,553,3,1,19.9,8.9,177,136,0.0177,0.0136,0.5,0.5,0.2500,0.5m x 0.5m,0.67,IE_KAL,578.7,517.8,370,416,786,619,-33.958667,18.459818,122.2,0.0,080526182655.0,Mostly Clear,
2026-05-08 20:26:59,RPi_001,rpi_camera,554,3,1,20.2,9.1,184,137,0.0184,0.0137,0.5,0.5,0.2500,0.5m x 0.5m,0.68,IE_KAL,578.0,517.5,369,416,786,618,-33.958667,18.459818,122.2,0.0,080526182655.0,Mostly Clear,
2026-05-08 20:26:59,RPi_001,rpi_camera,555,3,1,19.7,9.1,180,137,0.0180,0.0137,0.5,0.5,0.2500,0.5m x 0.5m,0.70,IE_KAL,578.3,517.5,370,416,786,618,-33.958667,18.459818,122.2,0.0,080526182655.0,Mostly Clear,
2026-05-08 20:26:59,RPi_001,rpi_camera,556,3,1,19.9,9.1,182,137,0.0182,0.0137,0.5,0.5,0.2500,0.5m x 0.5m,0.69,IE_KAL,578.5,517.6,370,416,786,618,-33.958667,18.459818,122.2,0.0,080526182655.0,Mostly Clear,
2026-05-08 20:26:59,RPi_001,rpi_camera,557,3,1,19.9,9.1,182,137,0.0182,0.0137,0.5,0.5,0.2500,0.5m x 0.5m,0.71,IE_KAL,577.4,517.6,369,416,785,618,-33.958667,18.459818,122.2,0.0,080526182655.0,Mostly Clear,
2026-05-08 20:26:59,RPi_001,rpi_camera,558,3,1,19.9,9.1,182,137,0.0182,0.0137,0.5,0.5,0.2500,0.5m x 0.5m,0.69,IE_KAL,578.3,517.6,370,416,786,618,-33.958667,18.459818,122.2,0.0,080526182655.0,Mostly Clear,
2026-05-08 20:26:59,RPi_001,rpi_camera,559,3,1,19.9,9.1,182,138,0.0182,0.0138,0.5,0.5,0.2500,0.5m x 0.5m,0.71,IE_KAL,578.4,517.6,370,416,786,618,-33.958667,18.459818,122.2,0.0,080526182655.0,Mostly Clear,
2026-05-08 20:26:59,RPi_001,rpi_camera,560,3,1,19.9,9.1,182,138,0.0182,0.0138,0.5,0.5,0.2500,0.5m x 0.5m,0.70,IE_KAL,578.5,517.6,370,416,786,618,-33.958667,18.459818,122.2,0.0,080526182655.0,Mostly Clear,
2026-05-08 20:26:59,RPi_001,rpi_camera,561,3,1,19.7,9.1,180,137,0.0180,0.0137,0.5,0.5,0.2500,0.5m x 0.5m,0.73,IE_KAL,578.1,517.6,370,416,786,618,-33.958667,18.459818,122.2,0.0,080526182655.0,Mostly Clear,
2026-05-08 20:26:59,RPi_001,rpi_camera,562,3,1,19.9,9.1,182,138,0.0182,0.0138,0.5,0.5,0.2500,0.5m x 0.5m,0.69,IE_KAL,578.5,517.6,370,416,786,618,-33.958667,18.459818,122.2,0.0,080526182655.0,Mostly Clear,
2026-05-08 20:26:59,RPi_001,rpi_camera,563,3,1,19.9,9.1,182,138,0.0182,0.0138,0.5,0.5,0.2500,0.5m x 0.5m,0.70,IE_KAL,578.3,517.6,370,416,786,618,-33.958667,18.459818,122.2,0.0,080526182655.0,Mostly Clear,
2026-05-08 20:26:59,RPi_001,rpi_camera,564,3,1,19.7,8.9,175,136,0.0175,0.0136,0.5,0.5,0.2500,0.5m x 0.5m,0.71,IE_KAL,578.4,517.8,370,416,786,619,-33.958667,18.459818,122.2,0.0,080526182655.0,Mostly Clear,
2026-05-08 20:26:59,RPi_001,rpi_camera,565,3,1,19.9,8.9,177,136,0.0177,0.0136,0.5,0.5,0.2500,0.5m x 0.5m,0.71,IE_KAL,578.6,517.8,370,416,786,619,-33.958667,18.459818,122.2,0.0,080526182655.0,Mostly Clear,
2026-05-08 20:26:59,RPi_001,rpi_camera,566,3,1,19.9,9.1,182,137,0.0182,0.0137,0.5,0.5,0.2500,0.5m x 0.5m,0.71,IE_KAL,578.5,517.9,370,416,786,619,-33.958667,18.459818,122.2,0.0,080526182655.0,Mostly Clear,
2026-05-08 20:26:59,RPi_001,rpi_camera,567,3,1,19.9,9.1,182,138,0.0182,0.0138,0.5,0.5,0.2500,0.5m x 0.5m,0.69,IE_KAL,578.6,517.6,370,416,786,618,-33.958667,18.459818,122.2,0.0,080526182655.0,Mostly Clear,
2026-05-08 20:26:59,RPi_001,rpi_camera,568,3,1,20.2,9.1,184,138,0.0184,0.0138,0.5,0.5,0.2500,0.5m x 0.5m,0.69,IE_KAL,577.8,517.5,369,416,785,618,-33.958667,18.459818,122.2,0.0,080526182655.0,Mostly Clear,
2026-05-08 20:26:59,RPi_001,rpi_camera,569,3,1,19.9,8.9,177,136,0.0177,0.0136,0.5,0.5,0.2500,0.5m x 0.5m,0.64,IE_KAL,578.3,517.8,370,416,786,619,-33.958667,18.459818,122.2,0.0,080526182655.0,Mostly Clear,
2026-05-08 20:26:59,RPi_001,rpi_camera,570,3,1,19.7,9.1,180,136,0.0180,0.0136,0.5,0.5,0.2500,0.5m x 0.5m,0.71,IE_KAL,577.9,517.6,369,416,785,618,-33.958667,18.459818,122.2,0.0,080526182655.0,Mostly Clear,
2026-05-08 20:26:59,RPi_001,rpi_camera,571,3,1,19.7,9.1,180,137,0.0180,0.0137,0.5,0.5,0.2500,0.5m x 0.5m,0.69,IE_KAL,578.1,517.6,370,416,786,618,-33.958667,18.459818,122.2,0.0,080526182655.0,Mostly Clear,
2026-05-08 20:26:59,RPi_001,rpi_camera,572,3,1,19.9,9.1,182,137,0.0182,0.0137,0.5,0.5,0.2500,0.5m x 0.5m,0.68,IE_KAL,578.5,517.5,370,416,786,618,-33.958667,18.459818,122.2,0.0,080526182655.0,Mostly Clear,
2026-05-08 20:27:00,RPi_001,rpi_camera,573,3,1,19.9,8.9,177,136,0.0177,0.0136,0.5,0.5,0.2500,0.5m x 0.5m,0.69,IE_KAL,578.8,517.8,370,416,787,619,-33.958667,18.459818,122.2,0.0,080526182655.0,Mostly Clear,
2026-05-08 20:27:00,RPi_001,rpi_camera,574,3,1,19.9,9.1,182,137,0.0182,0.0137,0.5,0.5,0.2500,0.5m x 0.5m,0.67,IE_KAL,577.8,517.6,369,416,785,618,-33.958667,18.459818,122.2,0.0,080526182655.0,Mostly Clear,
2026-05-08 20:27:00,RPi_001,rpi_camera,575,3,1,19.9,8.9,177,135,0.0177,0.0135,0.5,0.5,0.2500,0.5m x 0.5m,0.69,IE_KAL,578.6,517.7,370,416,786,619,-33.958667,18.459818,122.2,0.0,080526182655.0,Mostly Clear,
2026-05-08 20:27:00,RPi_001,rpi_camera,576,3,1,19.9,9.1,182,137,0.0182,0.0137,0.5,0.5,0.2500,0.5m x 0.5m,0.73,IE_KAL,578.4,517.6,370,416,786,618,-33.958667,18.459818,122.2,0.0,080526182655.0,Mostly Clear,
2026-05-08 20:27:00,RPi_001,rpi_camera,577,3,1,19.9,9.1,182,137,0.0182,0.0137,0.5,0.5,0.2500,0.5m x 0.5m,0.71,IE_KAL,578.4,517.6,370,416,786,618,-33.958667,18.459818,122.2,0.0,080526182655.0,Mostly Clear,
2026-05-08 20:27:00,RPi_001,rpi_camera,578,3,1,19.7,8.9,175,135,0.0175,0.0135,0.5,0.5,0.2500,0.5m x 0.5m,0.67,IE_KAL,578.1,517.7,369,416,786,619,-33.958667,18.459818,122.2,0.0,080526182655.0,Mostly Clear,
2026-05-08 20:27:00,RPi_001,rpi_camera,579,3,1,19.9,9.1,182,137,0.0182,0.0137,0.5,0.5,0.2500,0.5m x 0.5m,0.70,IE_KAL,578.3,517.5,370,416,786,618,-33.958667,18.459818,122.2,0.0,080526182655.0,Mostly Clear,
2026-05-08 20:27:00,RPi_001,rpi_camera,580,3,1,20.2,8.9,179,137,0.0179,0.0137,0.5,0.5,0.2500,0.5m x 0.5m,0.71,IE_KAL,578.3,517.7,370,416,786,619,-33.958667,18.459818,122.2,0.0,080526182655.0,Mostly Clear,
2026-05-08 20:27:00,RPi_001,rpi_camera,581,3,1,20.2,8.9,179,137,0.0179,0.0137,0.5,0.5,0.2500,0.5m x 0.5m,0.67,IE_KAL,578.4,517.8,370,416,786,619,-33.958667,18.459818,122.2,0.0,080526182655.0,Mostly Clear,
2026-05-08 20:27:00,RPi_001,rpi_camera,582,3,1,19.9,9.1,182,138,0.0182,0.0138,0.5,0.5,0.2500,0.5m x 0.5m,0.69,IE_KAL,578.7,517.6,370,416,786,618,-33.958667,18.459818,122.2,0.0,080526182655.0,Mostly Clear,
2026-05-08 20:27:00,RPi_001,rpi_camera,583,3,1,19.9,8.9,177,135,0.0177,0.0135,0.5,0.5,0.2500,0.5m x 0.5m,0.73,IE_KAL,578.8,517.7,370,416,787,619,-33.958667,18.459818,122.2,0.0,080526182655.0,Mostly Clear,
2026-05-08 20:27:00,RPi_001,rpi_camera,584,3,1,19.9,8.9,177,135,0.0177,0.0135,0.5,0.5,0.2500,0.5m x 0.5m,0.69,IE_KAL,578.5,517.8,370,416,786,619,-33.958667,18.459818,122.2,0.0,080526182655.0,Mostly Clear,
2026-05-08 20:27:00,RPi_001,rpi_camera,585,3,1,19.7,9.1,180,137,0.0180,0.0137,0.5,0.5,0.2500,0.5m x 0.5m,0.70,IE_KAL,578.3,517.6,370,416,786,618,-33.958667,18.459818,122.2,0.0,080526182655.0,Mostly Clear,
2026-05-08 20:27:00,RPi_001,rpi_camera,586,3,1,19.9,9.1,182,137,0.0182,0.0137,0.5,0.5,0.2500,0.5m x 0.5m,0.69,IE_KAL,578.7,517.6,370,416,786,618,-33.958667,18.459818,122.2,0.0,080526182655.0,Mostly Clear,
2026-05-08 20:27:00,RPi_001,rpi_camera,587,3,1,19.9,8.9,177,136,0.0177,0.0136,0.5,0.5,0.2500,0.5m x 0.5m,0.70,IE_KAL,578.5,517.7,370,416,786,619,-33.958667,18.459818,122.2,0.0,080526182655.0,Mostly Clear,
2026-05-08 20:27:00,RPi_001,rpi_camera,588,3,1,19.9,8.9,177,136,0.0177,0.0136,0.5,0.5,0.2500,0.5m x 0.5m,0.71,IE_KAL,578.5,517.7,370,416,786,619,-33.958667,18.459818,122.2,0.0,080526182655.0,Mostly Clear,
2026-05-08 20:27:00,RPi_001,rpi_camera,588,4,1,15.2,13.7,208,165,0.0208,0.0165,0.5,0.5,0.2500,0.5m x 0.5m,0.38,IE_KAL,566.6,404.7,406,346,726,463,-33.958667,18.459818,122.2,0.0,080526182655.0,Mostly Clear,/home/pi/pothole_crops_20260508_202627/pothole_track4.jpg
2026-05-08 20:27:00,RPi_001,rpi_camera,589,3,1,19.7,8.9,175,135,0.0175,0.0135,0.5,0.5,0.2500,0.5m x 0.5m,0.72,IE_KAL,578.4,517.8,370,416,786,619,-33.958667,18.459818,122.2,0.0,080526182655.0,Mostly Clear,
2026-05-08 20:27:00,RPi_001,rpi_camera,590,3,1,19.7,9.1,180,136,0.0180,0.0136,0.5,0.5,0.2500,0.5m x 0.5m,0.69,IE_KAL,578.0,517.5,369,416,786,618,-33.958667,18.459818,122.2,0.0,080526182655.0,Mostly Clear,
2026-05-08 20:27:00,RPi_001,rpi_camera,591,3,1,19.9,8.9,177,136,0.0177,0.0136,0.5,0.5,0.2500,0.5m x 0.5m,0.69,IE_KAL,577.9,517.8,369,416,786,619,-33.958667,18.459818,122.2,0.0,080526182655.0,Mostly Clear,
2026-05-08 20:27:00,RPi_001,rpi_camera,592,3,1,19.7,9.1,180,136,0.0180,0.0136,0.5,0.5,0.2500,0.5m x 0.5m,0.69,IE_KAL,578.1,517.5,370,416,786,618,-33.958667,18.459818,122.2,0.0,080526182655.0,Mostly Clear,
2026-05-08 20:27:01,RPi_001,rpi_camera,593,3,1,19.9,9.1,182,137,0.0182,0.0137,0.5,0.5,0.2500,0.5m x 0.5m,0.68,IE_KAL,578.4,517.6,370,416,786,618,-33.958667,18.459818,122.2,0.0,080526182655.0,Mostly Clear,
2026-05-08 20:27:01,RPi_001,rpi_camera,594,3,1,19.7,9.1,180,137,0.0180,0.0137,0.5,0.5,0.2500,0.5m x 0.5m,0.71,IE_KAL,578.3,517.6,370,416,786,618,-33.958667,18.459818,122.2,0.0,080526182655.0,Mostly Clear,
2026-05-08 20:27:01,RPi_001,rpi_camera,595,3,1,19.7,9.1,180,136,0.0180,0.0136,0.5,0.5,0.2500,0.5m x 0.5m,0.67,IE_KAL,578.0,517.5,369,416,786,618,-33.958667,18.459818,122.2,0.0,080526182655.0,Mostly Clear,
2026-05-08 20:27:01,RPi_001,rpi_camera,596,3,1,19.9,9.1,182,136,0.0182,0.0136,0.5,0.5,0.2500,0.5m x 0.5m,0.69,IE_KAL,578.1,517.5,370,416,786,618,-33.958667,18.459818,122.2,0.0,080526182655.0,Mostly Clear,
2026-05-08 20:27:01,RPi_001,rpi_camera,597,3,1,19.9,8.9,177,136,0.0177,0.0136,0.5,0.5,0.2500,0.5m x 0.5m,0.68,IE_KAL,578.7,517.8,370,416,786,619,-33.958667,18.459818,122.2,0.0,080526182655.0,Mostly Clear,
2026-05-08 20:27:01,RPi_001,rpi_camera,598,3,1,19.7,9.1,180,138,0.0180,0.0138,0.5,0.5,0.2500,0.5m x 0.5m,0.67,IE_KAL,578.2,517.6,370,416,786,618,-33.958667,18.459818,122.2,0.0,080526182655.0,Mostly Clear,
2026-05-08 20:27:01,RPi_001,rpi_camera,599,3,1,19.9,9.1,182,137,0.0182,0.0137,0.5,0.5,0.2500,0.5m x 0.5m,0.67,IE_KAL,578.3,517.5,370,416,786,618,-33.958667,18.459818,122.2,0.0,080526182655.0,Mostly Clear,
2026-05-08 20:27:01,RPi_001,rpi_camera,600,3,1,19.7,8.9,175,135,0.0175,0.0135,0.5,0.5,0.2500,0.5m x 0.5m,0.66,IE_KAL,578.4,517.8,370,416,786,619,-33.958667,18.459818,122.2,0.0,080526182655.0,Mostly Clear,
2026-05-08 20:27:01,RPi_001,rpi_camera,601,3,1,19.8,8.9,176,136,0.0176,0.0136,0.5,0.5,0.2500,0.5m x 0.5m,0.64,IE_KAL,578.3,517.8,370,416,786,619,-33.958667,18.459818,122.2,0.0,080526182655.0,Mostly Clear,
2026-05-08 20:27:01,RPi_001,rpi_camera,602,3,1,20.2,8.9,179,136,0.0179,0.0136,0.5,0.5,0.2500,0.5m x 0.5m,0.62,IE_KAL,578.2,517.7,369,416,786,619,-33.958667,18.459818,122.2,0.0,080526182655.0,Mostly Clear,
2026-05-08 20:27:01,RPi_001,rpi_camera,603,3,1,19.9,9.1,182,138,0.0182,0.0138,0.5,0.5,0.2500,0.5m x 0.5m,0.65,IE_KAL,578.4,518.0,370,416,786,619,-33.958667,18.459818,122.2,0.0,080526182655.0,Mostly Clear,
2026-05-08 20:27:01,RPi_001,rpi_camera,604,3,1,19.8,9.4,185,138,0.0185,0.0138,0.5,0.5,0.2500,0.5m x 0.5m,0.65,IE_KAL,578.6,517.7,370,416,786,619,-33.958667,18.459818,122.2,0.0,080526182655.0,Mostly Clear,
2026-05-08 20:27:01,RPi_001,rpi_camera,605,3,1,19.9,9.4,186,141,0.0186,0.0141,0.5,0.5,0.2500,0.5m x 0.5m,0.66,IE_KAL,579.0,517.8,370,416,787,619,-33.958667,18.459818,122.2,0.0,080526182655.0,Mostly Clear,
2026-05-08 20:27:01,RPi_001,rpi_camera,606,3,1,20.0,9.4,188,140,0.0188,0.0140,0.5,0.5,0.2500,0.5m x 0.5m,0.64,IE_KAL,578.7,517.7,370,416,786,619,-33.958667,18.459818,122.2,0.0,080526182655.0,Mostly Clear,
2026-05-08 20:27:01,RPi_001,rpi_camera,607,3,1,19.9,9.1,182,140,0.0182,0.0140,0.5,0.5,0.2500,0.5m x 0.5m,0.65,IE_KAL,578.8,517.4,370,416,786,618,-33.958667,18.459818,122.2,0.0,080526182655.0,Mostly Clear,
2026-05-08 20:27:01,RPi_001,rpi_camera,608,3,1,19.9,9.6,191,141,0.0191,0.0141,0.5,0.5,0.2500,0.5m x 0.5m,0.60,IE_KAL,578.8,517.9,370,415,787,619,-33.958667,18.459818,122.2,0.0,080526182655.0,Mostly Clear,
2026-05-08 20:27:02,RPi_001,rpi_camera,609,3,1,19.7,9.3,183,139,0.0183,0.0139,0.5,0.5,0.2500,0.5m x 0.5m,0.61,IE_KAL,578.4,518.0,369,416,786,619,-33.958667,18.459818,122.2,0.0,080526182655.0,Mostly Clear,
2026-05-08 20:27:02,RPi_001,rpi_camera,610,3,1,19.9,8.9,177,137,0.0177,0.0137,0.5,0.5,0.2500,0.5m x 0.5m,0.61,IE_KAL,578.5,517.7,370,416,786,618,-33.958667,18.459818,122.2,0.0,080526182655.0,Mostly Clear,
2026-05-08 20:27:02,RPi_001,rpi_camera,611,3,1,19.9,8.9,177,138,0.0177,0.0138,0.5,0.5,0.2500,0.5m x 0.5m,0.57,IE_KAL,579.0,517.7,370,416,787,619,-33.958667,18.459818,122.2,0.0,080526182655.0,Mostly Clear,
2026-05-08 20:27:02,RPi_001,rpi_camera,612,3,1,19.9,8.9,177,138,0.0177,0.0138,0.5,0.5,0.2500,0.5m x 0.5m,0.60,IE_KAL,578.7,517.7,370,416,786,619,-33.958667,18.459818,122.2,0.0,080526182655.0,Mostly Clear,
2026-05-08 20:27:02,RPi_001,rpi_camera,613,3,1,19.7,9.3,183,139,0.0183,0.0139,0.5,0.5,0.2500,0.5m x 0.5m,0.62,IE_KAL,578.6,518.0,370,416,787,619,-33.958667,18.459818,122.2,0.0,080526182655.0,Mostly Clear,
2026-05-08 20:27:02,RPi_001,rpi_camera,614,3,1,19.8,9.1,180,137,0.0180,0.0137,0.5,0.5,0.2500,0.5m x 0.5m,0.62,IE_KAL,579.0,517.9,370,416,787,619,-33.958667,18.459818,122.2,0.0,080526182655.0,Mostly Clear,
2026-05-08 20:27:02,RPi_001,rpi_camera,615,3,1,20.2,8.9,179,140,0.0179,0.0140,0.5,0.5,0.2500,0.5m x 0.5m,0.60,IE_KAL,578.2,517.5,369,416,786,618,-33.958667,18.459818,122.2,0.0,080526182655.0,Mostly Clear,
2026-05-08 20:27:02,RPi_001,rpi_camera,616,3,1,19.7,9.3,183,140,0.0183,0.0140,0.5,0.5,0.2500,0.5m x 0.5m,0.66,IE_KAL,578.7,517.9,370,416,787,619,-33.958667,18.459818,122.2,0.0,080526182655.0,Mostly Clear,
2026-05-08 20:27:02,RPi_001,rpi_camera,617,3,1,19.7,9.6,188,140,0.0188,0.0140,0.5,0.5,0.2500,0.5m x 0.5m,0.67,IE_KAL,578.4,517.8,370,415,786,619,-33.958667,18.459818,122.2,0.0,080526182655.0,Mostly Clear,
2026-05-08 20:27:02,RPi_001,rpi_camera,618,3,1,19.8,9.4,185,139,0.0185,0.0139,0.5,0.5,0.2500,0.5m x 0.5m,0.67,IE_KAL,579.1,517.7,370,416,787,619,-33.958667,18.459818,122.2,0.0,080526182655.0,Mostly Clear,
2026-05-08 20:27:02,RPi_001,rpi_camera,619,3,1,20.0,9.1,183,139,0.0183,0.0139,0.5,0.5,0.2500,0.5m x 0.5m,0.67,IE_KAL,579.1,517.9,370,416,787,619,-33.958667,18.459818,122.2,0.0,080526182655.0,Mostly Clear,
2026-05-08 20:27:02,RPi_001,rpi_camera,620,3,1,19.7,9.3,183,139,0.0183,0.0139,0.5,0.5,0.2500,0.5m x 0.5m,0.69,IE_KAL,578.8,518.0,370,416,787,619,-33.958667,18.459818,122.2,0.0,080526182655.0,Mostly Clear,
2026-05-08 20:27:02,RPi_001,rpi_camera,621,3,1,19.7,8.9,175,138,0.0175,0.0138,0.5,0.5,0.2500,0.5m x 0.5m,0.67,IE_KAL,578.6,517.6,370,416,786,618,-33.958667,18.459818,122.2,0.0,080526182655.0,Mostly Clear,
2026-05-08 20:27:02,RPi_001,rpi_camera,622,3,1,19.7,9.3,183,140,0.0183,0.0140,0.5,0.5,0.2500,0.5m x 0.5m,0.60,IE_KAL,578.4,518.0,369,416,786,619,-33.958667,18.459818,122.2,0.0,080526182655.0,Mostly Clear,
2026-05-08 20:27:02,RPi_001,rpi_camera,623,3,1,19.6,9.1,178,137,0.0178,0.0137,0.5,0.5,0.2500,0.5m x 0.5m,0.59,IE_KAL,579.1,518.1,370,416,787,619,-33.958667,18.459818,122.2,0.0,080526182655.0,Mostly Clear,
2026-05-08 20:27:02,RPi_001,rpi_camera,624,3,1,19.8,9.1,179,138,0.0179,0.0138,0.5,0.5,0.2500,0.5m x 0.5m,0.62,IE_KAL,579.8,518.4,371,416,788,620,-33.958667,18.459818,122.2,0.0,080526182655.0,Mostly Clear,
2026-05-08 20:27:03,RPi_001,rpi_camera,625,3,1,19.8,9.3,184,140,0.0184,0.0140,0.5,0.5,0.2500,0.5m x 0.5m,0.63,IE_KAL,579.9,518.2,371,416,788,620,-33.958667,18.459818,122.2,0.0,080526182655.0,Mostly Clear,
2026-05-08 20:27:03,RPi_001,rpi_camera,626,3,1,19.9,9.3,186,142,0.0186,0.0142,0.5,0.5,0.2500,0.5m x 0.5m,0.66,IE_KAL,580.6,518.2,372,416,789,620,-33.958667,18.459818,122.2,0.0,080526182655.0,Mostly Clear,
2026-05-08 20:27:03,RPi_001,rpi_camera,627,3,1,19.8,9.6,189,145,0.0189,0.0145,0.5,0.5,0.2500,0.5m x 0.5m,0.38,IE_KAL,580.5,518.1,372,416,788,620,-33.958667,18.459818,122.2,0.0,080526182655.0,Mostly Clear,
2026-05-08 20:27:05,RPi_001,rpi_camera,675,5,1,15.4,12.9,199,150,0.0199,0.0150,0.5,0.5,0.2500,0.5m x 0.5m,0.60,IE_KAL,586.5,520.3,377,415,795,625,-33.958667,18.459818,122.2,0.0,080526182700.0,Mostly Clear,/home/pi/pothole_crops_20260508_202627/pothole_track5.jpg
2026-05-08 20:27:05,RPi_001,rpi_camera,676,5,1,15.3,12.9,197,150,0.0197,0.0150,0.5,0.5,0.2500,0.5m x 0.5m,0.53,IE_KAL,587.1,519.9,378,415,796,624,-33.958667,18.459818,122.2,0.0,080526182700.0,Mostly Clear,
2026-05-08 20:27:05,RPi_001,rpi_camera,677,5,1,15.2,12.9,196,150,0.0196,0.0150,0.5,0.5,0.2500,0.5m x 0.5m,0.52,IE_KAL,587.0,520.0,378,415,796,624,-33.958667,18.459818,122.2,0.0,080526182700.0,Mostly Clear,
2026-05-08 20:27:05,RPi_001,rpi_camera,678,5,1,15.3,12.7,194,149,0.0194,0.0149,0.5,0.5,0.2500,0.5m x 0.5m,0.47,IE_KAL,587.4,519.9,378,415,796,624,-33.958667,18.459818,122.2,0.0,080526182700.0,Mostly Clear,
2026-05-08 20:27:05,RPi_001,rpi_camera,679,5,1,15.4,12.9,199,153,0.0199,0.0153,0.5,0.5,0.2500,0.5m x 0.5m,0.36,IE_KAL,587.4,520.2,378,415,796,624,-33.958667,18.459818,122.2,0.0,080526182700.0,Mostly Clear,
2026-05-08 20:27:05,RPi_001,rpi_camera,682,5,1,15.8,12.9,204,157,0.0204,0.0157,0.5,0.5,0.2500,0.5m x 0.5m,0.36,IE_KAL,589.5,519.4,380,414,798,624,-33.958667,18.459818,122.2,0.0,080526182700.0,Mostly Clear,
2026-05-08 20:27:06,RPi_001,rpi_camera,690,5,1,15.4,12.9,199,153,0.0199,0.0153,0.5,0.5,0.2500,0.5m x 0.5m,0.47,IE_KAL,587.3,519.6,378,414,796,624,-33.958667,18.459818,122.2,0.0,080526182700.0,Mostly Clear,
2026-05-08 20:27:06,RPi_001,rpi_camera,691,5,1,15.8,12.9,204,151,0.0204,0.0151,0.5,0.5,0.2500,0.5m x 0.5m,0.49,IE_KAL,587.1,519.9,378,415,796,624,-33.958667,18.459818,122.2,0.0,080526182700.0,Mostly Clear,
2026-05-08 20:27:06,RPi_001,rpi_camera,694,5,1,15.6,13.1,204,152,0.0204,0.0152,0.5,0.5,0.2500,0.5m x 0.5m,0.51,IE_KAL,586.8,519.5,378,414,795,624,-33.958667,18.459818,122.2,0.0,080526182700.0,Mostly Clear,
2026-05-08 20:27:06,RPi_001,rpi_camera,695,5,1,15.6,12.9,201,153,0.0201,0.0153,0.5,0.5,0.2500,0.5m x 0.5m,0.48,IE_KAL,587.3,519.2,378,414,795,623,-33.958667,18.459818,122.2,0.0,080526182700.0,Mostly Clear,
2026-05-08 20:27:06,RPi_001,rpi_camera,696,5,1,15.7,12.9,202,152,0.0202,0.0152,0.5,0.5,0.2500,0.5m x 0.5m,0.52,IE_KAL,587.1,519.7,378,414,796,624,-33.958667,18.459818,122.2,0.0,080526182700.0,Mostly Clear,
2026-05-08 20:27:06,RPi_001,rpi_camera,697,5,1,15.4,12.9,199,151,0.0199,0.0151,0.5,0.5,0.2500,0.5m x 0.5m,0.51,IE_KAL,586.9,519.7,377,414,795,624,-33.958667,18.459818,122.2,0.0,080526182700.0,Mostly Clear,
2026-05-08 20:27:06,RPi_001,rpi_camera,698,5,1,15.6,13.1,204,153,0.0204,0.0153,0.5,0.5,0.2500,0.5m x 0.5m,0.57,IE_KAL,586.5,519.5,377,414,795,624,-33.958667,18.459818,122.2,0.0,080526182700.0,Mostly Clear,
2026-05-08 20:27:06,RPi_001,rpi_camera,699,5,1,15.6,13.4,208,158,0.0208,0.0158,0.5,0.5,0.2500,0.5m x 0.5m,0.49,IE_KAL,587.4,519.0,378,414,795,623,-33.958667,18.459818,122.2,0.0,080526182700.0,Mostly Clear,
2026-05-08 20:27:06,RPi_001,rpi_camera,700,5,1,15.6,13.1,204,155,0.0204,0.0155,0.5,0.5,0.2500,0.5m x 0.5m,0.48,IE_KAL,587.1,519.4,378,414,795,624,-33.958667,18.459818,122.2,0.0,080526182700.0,Mostly Clear,
2026-05-08 20:27:06,RPi_001,rpi_camera,701,5,1,15.7,13.4,210,157,0.0210,0.0157,0.5,0.5,0.2500,0.5m x 0.5m,0.46,IE_KAL,587.6,519.1,379,414,796,623,-33.958667,18.459818,122.2,0.0,080526182700.0,Mostly Clear,
2026-05-08 20:27:06,RPi_001,rpi_camera,702,5,1,15.8,12.9,204,153,0.0204,0.0153,0.5,0.5,0.2500,0.5m x 0.5m,0.47,IE_KAL,586.8,519.7,377,414,795,624,-33.958667,18.459818,122.2,0.0,080526182700.0,Mostly Clear,
2026-05-08 20:27:06,RPi_001,rpi_camera,703,5,1,15.6,13.4,208,157,0.0208,0.0157,0.5,0.5,0.2500,0.5m x 0.5m,0.45,IE_KAL,587.2,519.1,378,414,795,623,-33.958667,18.459818,122.2,0.0,080526182700.0,Mostly Clear,
2026-05-08 20:27:06,RPi_001,rpi_camera,704,5,1,15.6,13.4,208,156,0.0208,0.0156,0.5,0.5,0.2500,0.5m x 0.5m,0.48,IE_KAL,587.0,519.1,378,414,795,623,-33.958667,18.459818,122.2,0.0,080526182700.0,Mostly Clear,
2026-05-08 20:27:07,RPi_001,rpi_camera,705,5,1,15.6,12.9,200,153,0.0200,0.0153,0.5,0.5,0.2500,0.5m x 0.5m,0.47,IE_KAL,586.9,519.6,377,414,795,624,-33.958667,18.459818,122.2,0.0,080526182700.0,Mostly Clear,
2026-05-08 20:27:07,RPi_001,rpi_camera,706,5,1,15.7,12.9,202,156,0.0202,0.0156,0.5,0.5,0.2500,0.5m x 0.5m,0.44,IE_KAL,587.8,519.4,378,414,796,624,-33.958667,18.459818,122.2,0.0,080526182700.0,Mostly Clear,
2026-05-08 20:27:07,RPi_001,rpi_camera,707,5,1,15.6,12.9,200,154,0.0200,0.0154,0.5,0.5,0.2500,0.5m x 0.5m,0.50,IE_KAL,586.9,519.6,377,414,795,624,-33.958667,18.459818,122.2,0.0,080526182700.0,Mostly Clear,
2026-05-08 20:27:07,RPi_001,rpi_camera,708,5,1,15.9,13.4,213,160,0.0213,0.0160,0.5,0.5,0.2500,0.5m x 0.5m,0.49,IE_KAL,587.3,518.9,378,414,795,623,-33.958667,18.459818,122.2,0.0,080526182700.0,Mostly Clear,
2026-05-08 20:27:07,RPi_001,rpi_camera,709,5,1,15.8,13.4,212,159,0.0212,0.0159,0.5,0.5,0.2500,0.5m x 0.5m,0.53,IE_KAL,587.5,518.9,379,414,796,623,-33.958667,18.459818,122.2,0.0,080526182700.0,Mostly Clear,
2026-05-08 20:27:07,RPi_001,rpi_camera,710,5,1,15.8,12.9,204,156,0.0204,0.0156,0.5,0.5,0.2500,0.5m x 0.5m,0.46,IE_KAL,587.8,519.6,378,414,796,624,-33.958667,18.459818,122.2,0.0,080526182700.0,Mostly Clear,
2026-05-08 20:27:07,RPi_001,rpi_camera,711,5,1,15.8,13.4,212,160,0.0212,0.0160,0.5,0.5,0.2500,0.5m x 0.5m,0.47,IE_KAL,588.2,518.8,379,414,796,623,-33.958667,18.459818,122.2,0.0,080526182700.0,Mostly Clear,
2026-05-08 20:27:07,RPi_001,rpi_camera,712,5,1,15.8,12.9,204,154,0.0204,0.0154,0.5,0.5,0.2500,0.5m x 0.5m,0.55,IE_KAL,587.1,519.6,378,414,796,624,-33.958667,18.459818,122.2,0.0,080526182700.0,Mostly Clear,
2026-05-08 20:27:07,RPi_001,rpi_camera,713,5,1,15.7,13.4,210,159,0.0210,0.0159,0.5,0.5,0.2500,0.5m x 0.5m,0.49,IE_KAL,588.1,518.9,379,414,796,623,-33.958667,18.459818,122.2,0.0,080526182700.0,Mostly Clear,
2026-05-08 20:27:07,RPi_001,rpi_camera,714,5,1,15.8,12.9,204,154,0.0204,0.0154,0.5,0.5,0.2500,0.5m x 0.5m,0.48,IE_KAL,587.4,519.6,378,414,796,624,-33.958667,18.459818,122.2,0.0,080526182700.0,Mostly Clear,
2026-05-08 20:27:07,RPi_001,rpi_camera,715,5,1,15.7,13.1,206,154,0.0206,0.0154,0.5,0.5,0.2500,0.5m x 0.5m,0.57,IE_KAL,587.0,519.5,378,414,795,624,-33.958667,18.459818,122.2,0.0,080526182700.0,Mostly Clear,
2026-05-08 20:27:07,RPi_001,rpi_camera,716,5,1,15.6,12.9,200,152,0.0200,0.0152,0.5,0.5,0.2500,0.5m x 0.5m,0.49,IE_KAL,586.9,519.7,377,414,795,624,-33.958667,18.459818,122.2,0.0,080526182700.0,Mostly Clear,
2026-05-08 20:27:07,RPi_001,rpi_camera,717,5,1,15.6,12.9,200,153,0.0200,0.0153,0.5,0.5,0.2500,0.5m x 0.5m,0.52,IE_KAL,587.1,519.8,378,415,796,624,-33.958667,18.459818,122.2,0.0,080526182700.0,Mostly Clear,
2026-05-08 20:27:07,RPi_001,rpi_camera,718,5,1,15.8,12.9,204,155,0.0204,0.0155,0.5,0.5,0.2500,0.5m x 0.5m,0.49,IE_KAL,587.7,519.5,378,414,796,624,-33.958667,18.459818,122.2,0.0,080526182700.0,Mostly Clear,
2026-05-08 20:27:07,RPi_001,rpi_camera,719,5,1,15.8,12.9,204,152,0.0204,0.0152,0.5,0.5,0.2500,0.5m x 0.5m,0.53,IE_KAL,587.1,519.6,378,414,796,624,-33.958667,18.459818,122.2,0.0,080526182700.0,Mostly Clear,
2026-05-08 20:27:07,RPi_001,rpi_camera,720,5,1,15.6,13.1,204,155,0.0204,0.0155,0.5,0.5,0.2500,0.5m x 0.5m,0.55,IE_KAL,587.2,519.3,378,414,795,624,-33.958667,18.459818,122.2,0.0,080526182700.0,Mostly Clear,
2026-05-08 20:27:07,RPi_001,rpi_camera,721,5,1,15.8,12.9,204,153,0.0204,0.0153,0.5,0.5,0.2500,0.5m x 0.5m,0.54,IE_KAL,587.3,519.6,378,414,796,624,-33.958667,18.459818,122.2,0.0,080526182700.0,Mostly Clear,
2026-05-08 20:27:07,RPi_001,rpi_camera,722,5,1,15.8,13.1,208,155,0.0208,0.0155,0.5,0.5,0.2500,0.5m x 0.5m,0.56,IE_KAL,587.3,519.3,378,414,796,624,-33.958667,18.459818,122.2,0.0,080526182700.0,Mostly Clear,
2026-05-08 20:27:07,RPi_001,rpi_camera,723,5,1,15.6,13.4,208,156,0.0208,0.0156,0.5,0.5,0.2500,0.5m x 0.5m,0.51,IE_KAL,587.2,519.0,378,414,795,623,-33.958667,18.459818,122.2,0.0,080526182700.0,Mostly Clear,
2026-05-08 20:27:07,RPi_001,rpi_camera,724,5,1,15.7,13.4,210,158,0.0210,0.0158,0.5,0.5,0.2500,0.5m x 0.5m,0.47,IE_KAL,588.2,518.9,379,414,796,623,-33.958667,18.459818,122.2,0.0,080526182700.0,Mostly Clear,
2026-05-08 20:27:08,RPi_001,rpi_camera,725,5,1,15.7,13.4,210,157,0.0210,0.0157,0.5,0.5,0.2500,0.5m x 0.5m,0.46,IE_KAL,588.0,519.1,379,414,796,623,-33.958667,18.459818,122.2,0.0,080526182700.0,Mostly Clear,
2026-05-08 20:27:08,RPi_001,rpi_camera,726,5,1,15.6,12.9,200,152,0.0200,0.0152,0.5,0.5,0.2500,0.5m x 0.5m,0.49,IE_KAL,586.8,519.7,377,414,795,624,-33.958667,18.459818,122.2,0.0,080526182700.0,Mostly Clear,
2026-05-08 20:27:08,RPi_001,rpi_camera,727,5,1,15.8,12.9,204,153,0.0204,0.0153,0.5,0.5,0.2500,0.5m x 0.5m,0.53,IE_KAL,587.0,519.5,378,414,795,624,-33.958667,18.459818,122.2,0.0,080526182700.0,Mostly Clear,
2026-05-08 20:27:08,RPi_001,rpi_camera,728,5,1,15.7,12.9,202,153,0.0202,0.0153,0.5,0.5,0.2500,0.5m x 0.5m,0.48,IE_KAL,587.5,519.5,378,414,796,624,-33.958667,18.459818,122.2,0.0,080526182700.0,Mostly Clear,
2026-05-08 20:27:08,RPi_001,rpi_camera,729,5,1,15.8,12.9,204,155,0.0204,0.0155,0.5,0.5,0.2500,0.5m x 0.5m,0.47,IE_KAL,587.4,519.6,378,414,796,624,-33.958667,18.459818,122.2,0.0,080526182700.0,Mostly Clear,
2026-05-08 20:27:08,RPi_001,rpi_camera,730,5,1,15.7,12.9,202,154,0.0202,0.0154,0.5,0.5,0.2500,0.5m x 0.5m,0.43,IE_KAL,587.8,519.7,378,414,796,624,-33.958667,18.459818,122.2,0.0,080526182700.0,Mostly Clear,
2026-05-08 20:27:08,RPi_001,rpi_camera,731,5,1,15.7,13.1,206,154,0.0206,0.0154,0.5,0.5,0.2500,0.5m x 0.5m,0.54,IE_KAL,587.6,519.3,378,414,796,624,-33.958667,18.459818,122.2,0.0,080526182700.0,Mostly Clear,
2026-05-08 20:27:08,RPi_001,rpi_camera,732,5,1,15.6,13.4,208,156,0.0208,0.0156,0.5,0.5,0.2500,0.5m x 0.5m,0.51,IE_KAL,587.0,519.2,378,414,795,623,-33.958667,18.459818,122.2,0.0,080526182700.0,Mostly Clear,
2026-05-08 20:27:08,RPi_001,rpi_camera,733,5,1,15.7,13.4,210,158,0.0210,0.0158,0.5,0.5,0.2500,0.5m x 0.5m,0.47,IE_KAL,587.9,519.0,379,414,796,623,-33.958667,18.459818,122.2,0.0,080526182700.0,Mostly Clear,
2026-05-08 20:27:08,RPi_001,rpi_camera,734,5,1,15.8,13.2,208,158,0.0208,0.0158,0.5,0.5,0.2500,0.5m x 0.5m,0.44,IE_KAL,587.8,518.8,379,414,796,623,-33.958667,18.459818,122.2,0.0,080526182700.0,Mostly Clear,
2026-05-08 20:27:08,RPi_001,rpi_camera,735,5,1,15.8,13.4,212,158,0.0212,0.0158,0.5,0.5,0.2500,0.5m x 0.5m,0.49,IE_KAL,587.7,519.0,379,414,796,623,-33.958667,18.459818,122.2,0.0,080526182700.0,Mostly Clear,
2026-05-08 20:27:08,RPi_001,rpi_camera,736,5,1,15.6,12.9,200,153,0.0200,0.0153,0.5,0.5,0.2500,0.5m x 0.5m,0.52,IE_KAL,586.9,519.8,377,415,795,624,-33.958667,18.459818,122.2,0.0,080526182700.0,Mostly Clear,
2026-05-08 20:27:08,RPi_001,rpi_camera,737,5,1,15.8,12.9,204,154,0.0204,0.0154,0.5,0.5,0.2500,0.5m x 0.5m,0.44,IE_KAL,587.3,519.7,378,414,796,624,-33.958667,18.459818,122.2,0.0,080526182705.0,Mostly Clear,
2026-05-08 20:27:08,RPi_001,rpi_camera,738,5,1,15.8,12.9,204,155,0.0204,0.0155,0.5,0.5,0.2500,0.5m x 0.5m,0.44,IE_KAL,587.9,519.4,378,414,796,624,-33.958667,18.459818,122.2,0.0,080526182705.0,Mostly Clear,
2026-05-08 20:27:08,RPi_001,rpi_camera,739,5,1,15.8,12.9,204,154,0.0204,0.0154,0.5,0.5,0.2500,0.5m x 0.5m,0.48,IE_KAL,587.0,519.7,378,414,796,624,-33.958667,18.459818,122.2,0.0,080526182705.0,Mostly Clear,
2026-05-08 20:27:08,RPi_001,rpi_camera,740,5,1,15.8,12.9,204,154,0.0204,0.0154,0.5,0.5,0.2500,0.5m x 0.5m,0.48,IE_KAL,587.6,519.5,378,414,796,624,-33.958667,18.459818,122.2,0.0,080526182705.0,Mostly Clear,
2026-05-08 20:27:09,RPi_001,rpi_camera,741,5,1,15.7,13.1,206,154,0.0206,0.0154,0.5,0.5,0.2500,0.5m x 0.5m,0.52,IE_KAL,587.0,519.3,378,414,795,624,-33.958667,18.459818,122.2,0.0,080526182705.0,Mostly Clear,
2026-05-08 20:27:09,RPi_001,rpi_camera,742,5,1,15.6,12.9,200,153,0.0200,0.0153,0.5,0.5,0.2500,0.5m x 0.5m,0.51,IE_KAL,586.9,519.7,377,414,795,624,-33.958667,18.459818,122.2,0.0,080526182705.0,Mostly Clear,
2026-05-08 20:27:09,RPi_001,rpi_camera,743,5,1,15.8,13.1,208,155,0.0208,0.0155,0.5,0.5,0.2500,0.5m x 0.5m,0.50,IE_KAL,587.8,519.3,379,414,796,624,-33.958667,18.459818,122.2,0.0,080526182705.0,Mostly Clear,
2026-05-08 20:27:09,RPi_001,rpi_camera,744,5,1,15.6,13.1,204,155,0.0204,0.0155,0.5,0.5,0.2500,0.5m x 0.5m,0.54,IE_KAL,587.2,519.2,378,414,795,623,-33.958667,18.459818,122.2,0.0,080526182705.0,Mostly Clear,
2026-05-08 20:27:09,RPi_001,rpi_camera,745,5,1,15.8,12.9,204,154,0.0204,0.0154,0.5,0.5,0.2500,0.5m x 0.5m,0.48,IE_KAL,587.5,519.5,378,414,796,624,-33.958667,18.459818,122.2,0.0,080526182705.0,Mostly Clear,
2026-05-08 20:27:09,RPi_001,rpi_camera,746,5,1,15.6,12.9,200,154,0.0200,0.0154,0.5,0.5,0.2500,0.5m x 0.5m,0.48,IE_KAL,587.0,519.6,378,414,795,624,-33.958667,18.459818,122.2,0.0,080526182705.0,Mostly Clear,
2026-05-08 20:27:09,RPi_001,rpi_camera,747,5,1,15.6,12.9,200,152,0.0200,0.0152,0.5,0.5,0.2500,0.5m x 0.5m,0.53,IE_KAL,586.9,519.7,377,414,795,624,-33.958667,18.459818,122.2,0.0,080526182705.0,Mostly Clear,
2026-05-08 20:27:09,RPi_001,rpi_camera,748,5,1,15.8,13.2,208,158,0.0208,0.0158,0.5,0.5,0.2500,0.5m x 0.5m,0.52,IE_KAL,588.2,518.9,379,414,796,623,-33.958667,18.459818,122.2,0.0,080526182705.0,Mostly Clear,
2026-05-08 20:27:09,RPi_001,rpi_camera,749,5,1,15.6,12.7,197,153,0.0197,0.0153,0.5,0.5,0.2500,0.5m x 0.5m,0.52,IE_KAL,587.0,519.5,378,414,795,623,-33.958667,18.459818,122.2,0.0,080526182705.0,Mostly Clear,
2026-05-08 20:27:09,RPi_001,rpi_camera,750,5,1,15.8,12.9,204,154,0.0204,0.0154,0.5,0.5,0.2500,0.5m x 0.5m,0.47,IE_KAL,587.1,519.6,378,414,796,624,-33.958667,18.459818,122.2,0.0,080526182705.0,Mostly Clear,
2026-05-08 20:27:09,RPi_001,rpi_camera,751,5,1,15.8,13.4,212,157,0.0212,0.0157,0.5,0.5,0.2500,0.5m x 0.5m,0.44,IE_KAL,587.2,519.2,378,414,795,623,-33.958667,18.459818,122.2,0.0,080526182705.0,Mostly Clear,
2026-05-08 20:27:09,RPi_001,rpi_camera,752,5,1,15.7,12.9,202,153,0.0202,0.0153,0.5,0.5,0.2500,0.5m x 0.5m,0.43,IE_KAL,586.6,519.7,377,414,795,624,-33.958667,18.459818,122.2,0.0,080526182705.0,Mostly Clear,
2026-05-08 20:27:09,RPi_001,rpi_camera,753,5,1,15.8,13.4,212,158,0.0212,0.0158,0.5,0.5,0.2500,0.5m x 0.5m,0.42,IE_KAL,587.3,519.2,378,414,795,623,-33.958667,18.459818,122.2,0.0,080526182705.0,Mostly Clear,
2026-05-08 20:27:09,RPi_001,rpi_camera,754,5,1,15.7,13.4,210,157,0.0210,0.0157,0.5,0.5,0.2500,0.5m x 0.5m,0.44,IE_KAL,587.8,519.1,379,414,796,623,-33.958667,18.459818,122.2,0.0,080526182705.0,Mostly Clear,
2026-05-08 20:27:09,RPi_001,rpi_camera,755,5,1,15.7,13.4,210,158,0.0210,0.0158,0.5,0.5,0.2500,0.5m x 0.5m,0.43,IE_KAL,588.3,518.9,379,414,796,623,-33.958667,18.459818,122.2,0.0,080526182705.0,Mostly Clear,
2026-05-08 20:27:09,RPi_001,rpi_camera,756,5,1,15.8,12.9,204,153,0.0204,0.0153,0.5,0.5,0.2500,0.5m x 0.5m,0.42,IE_KAL,587.2,519.7,378,414,796,624,-33.958667,18.459818,122.2,0.0,080526182705.0,Mostly Clear,
2026-05-08 20:27:09,RPi_001,rpi_camera,757,5,1,15.8,12.9,204,152,0.0204,0.0152,0.5,0.5,0.2500,0.5m x 0.5m,0.45,IE_KAL,587.3,519.8,378,415,796,624,-33.958667,18.459818,122.2,0.0,080526182705.0,Mostly Clear,
2026-05-08 20:27:09,RPi_001,rpi_camera,758,5,1,15.7,12.9,202,153,0.0202,0.0153,0.5,0.5,0.2500,0.5m x 0.5m,0.44,IE_KAL,587.7,519.7,378,414,796,624,-33.958667,18.459818,122.2,0.0,080526182705.0,Mostly Clear,
2026-05-08 20:27:09,RPi_001,rpi_camera,759,5,1,15.7,13.4,210,158,0.0210,0.0158,0.5,0.5,0.2500,0.5m x 0.5m,0.40,IE_KAL,588.2,519.0,379,414,796,623,-33.958667,18.459818,122.2,0.0,080526182705.0,Mostly Clear,
2026-05-08 20:27:09,RPi_001,rpi_camera,760,5,1,15.7,12.7,199,152,0.0199,0.0152,0.5,0.5,0.2500,0.5m x 0.5m,0.45,IE_KAL,587.5,519.6,378,415,796,624,-33.958667,18.459818,122.2,0.0,080526182705.0,Mostly Clear,
2026-05-08 20:27:10,RPi_001,rpi_camera,761,5,1,15.6,12.9,200,152,0.0200,0.0152,0.5,0.5,0.2500,0.5m x 0.5m,0.52,IE_KAL,586.9,519.8,377,415,795,624,-33.958667,18.459818,122.2,0.0,080526182705.0,Mostly Clear,
2026-05-08 20:27:10,RPi_001,rpi_camera,762,5,1,15.8,12.9,204,152,0.0204,0.0152,0.5,0.5,0.2500,0.5m x 0.5m,0.46,IE_KAL,586.7,519.8,377,415,795,624,-33.958667,18.459818,122.2,0.0,080526182705.0,Mostly Clear,
2026-05-08 20:27:10,RPi_001,rpi_camera,763,5,1,15.8,12.9,204,151,0.0204,0.0151,0.5,0.5,0.2500,0.5m x 0.5m,0.52,IE_KAL,587.1,519.8,378,415,796,624,-33.958667,18.459818,122.2,0.0,080526182705.0,Mostly Clear,
2026-05-08 20:27:10,RPi_001,rpi_camera,764,5,1,15.7,12.9,202,151,0.0202,0.0151,0.5,0.5,0.2500,0.5m x 0.5m,0.45,IE_KAL,587.3,519.9,378,415,796,624,-33.958667,18.459818,122.2,0.0,080526182705.0,Mostly Clear,
2026-05-08 20:27:10,RPi_001,rpi_camera,765,5,1,15.7,12.9,202,153,0.0202,0.0153,0.5,0.5,0.2500,0.5m x 0.5m,0.44,IE_KAL,587.7,519.6,378,414,796,624,-33.958667,18.459818,122.2,0.0,080526182705.0,Mostly Clear,
2026-05-08 20:27:10,RPi_001,rpi_camera,767,5,1,15.8,12.7,200,153,0.0200,0.0153,0.5,0.5,0.2500,0.5m x 0.5m,0.38,IE_KAL,587.5,519.6,378,415,796,624,-33.958667,18.459818,122.2,0.0,080526182705.0,Mostly Clear,
2026-05-08 20:27:10,RPi_001,rpi_camera,768,5,1,15.7,12.7,199,154,0.0199,0.0154,0.5,0.5,0.2500,0.5m x 0.5m,0.37,IE_KAL,588.4,519.7,379,415,797,624,-33.958667,18.459818,122.2,0.0,080526182705.0,Mostly Clear,
2026-05-08 20:27:11,RPi_001,rpi_camera,796,6,1,19.5,8.9,173,135,0.0173,0.0135,0.5,0.5,0.2500,0.5m x 0.5m,0.39,IE_KAL,527.1,593.1,289,458,764,719,-33.958667,18.459818,122.2,0.0,080526182705.0,Mostly Clear,/home/pi/pothole_crops_20260508_202627/pothole_track6.jpg
2026-05-08 20:27:11,RPi_001,rpi_camera,797,6,1,19.6,9.0,177,136,0.0177,0.0136,0.5,0.5,0.2500,0.5m x 0.5m,0.39,IE_KAL,527.3,593.0,289,457,764,719,-33.958667,18.459818,122.2,0.0,080526182705.0,Mostly Clear,
2026-05-08 20:27:11,RPi_001,rpi_camera,800,6,1,19.4,8.8,171,134,0.0171,0.0134,0.5,0.5,0.2500,0.5m x 0.5m,0.36,IE_KAL,527.8,593.3,290,457,765,719,-33.958667,18.459818,122.2,0.0,080526182705.0,Mostly Clear,
2026-05-08 20:27:12,RPi_001,rpi_camera,801,6,1,19.4,8.8,171,134,0.0171,0.0134,0.5,0.5,0.2500,0.5m x 0.5m,0.36,IE_KAL,527.2,593.2,289,457,764,719,-33.958667,18.459818,122.2,0.0,080526182705.0,Mostly Clear,
2026-05-08 20:27:12,RPi_001,rpi_camera,802,6,1,19.4,8.8,171,135,0.0171,0.0135,0.5,0.5,0.2500,0.5m x 0.5m,0.38,IE_KAL,527.6,593.2,289,457,765,719,-33.958667,18.459818,122.2,0.0,080526182705.0,Mostly Clear,
2026-05-08 20:27:12,RPi_001,rpi_camera,803,6,1,19.4,8.8,171,134,0.0171,0.0134,0.5,0.5,0.2500,0.5m x 0.5m,0.38,IE_KAL,527.3,593.1,289,457,764,719,-33.958667,18.459818,122.2,0.0,080526182705.0,Mostly Clear,
2026-05-08 20:27:12,RPi_001,rpi_camera,804,6,1,19.4,8.8,171,133,0.0171,0.0133,0.5,0.5,0.2500,0.5m x 0.5m,0.36,IE_KAL,527.1,593.3,289,457,764,719,-33.958667,18.459818,122.2,0.0,080526182705.0,Mostly Clear,
2026-05-08 20:27:12,RPi_001,rpi_camera,805,6,1,19.4,8.8,171,133,0.0171,0.0133,0.5,0.5,0.2500,0.5m x 0.5m,0.36,IE_KAL,527.3,593.3,289,457,764,719,-33.958667,18.459818,122.2,0.0,080526182705.0,Mostly Clear,
2026-05-08 20:27:12,RPi_001,rpi_camera,806,6,1,19.4,8.8,171,134,0.0171,0.0134,0.5,0.5,0.2500,0.5m x 0.5m,0.39,IE_KAL,527.3,593.1,289,457,765,719,-33.958667,18.459818,122.2,0.0,080526182705.0,Mostly Clear,
2026-05-08 20:27:12,RPi_001,rpi_camera,807,6,1,19.4,8.7,168,131,0.0168,0.0131,0.5,0.5,0.2500,0.5m x 0.5m,0.47,IE_KAL,526.8,593.7,289,457,764,719,-33.958667,18.459818,122.2,0.0,080526182705.0,Mostly Clear,
2026-05-08 20:27:12,RPi_001,rpi_camera,808,6,1,19.4,8.8,171,134,0.0171,0.0134,0.5,0.5,0.2500,0.5m x 0.5m,0.40,IE_KAL,527.2,593.3,289,457,764,719,-33.958667,18.459818,122.2,0.0,080526182705.0,Mostly Clear,
2026-05-08 20:27:12,RPi_001,rpi_camera,809,6,1,19.4,8.8,171,134,0.0171,0.0134,0.5,0.5,0.2500,0.5m x 0.5m,0.43,IE_KAL,527.1,593.1,289,457,764,719,-33.958667,18.459818,122.2,0.0,080526182705.0,Mostly Clear,
2026-05-08 20:27:12,RPi_001,rpi_camera,810,6,1,19.5,8.7,169,133,0.0169,0.0133,0.5,0.5,0.2500,0.5m x 0.5m,0.47,IE_KAL,527.1,593.3,289,457,764,719,-33.958667,18.459818,122.2,0.0,080526182705.0,Mostly Clear,
2026-05-08 20:27:12,RPi_001,rpi_camera,811,6,1,19.5,8.7,169,133,0.0169,0.0133,0.5,0.5,0.2500,0.5m x 0.5m,0.48,IE_KAL,527.8,593.4,290,457,765,719,-33.958667,18.459818,122.2,0.0,080526182705.0,Mostly Clear,
2026-05-08 20:27:12,RPi_001,rpi_camera,812,6,1,19.5,8.8,172,135,0.0172,0.0135,0.5,0.5,0.2500,0.5m x 0.5m,0.41,IE_KAL,527.7,593.1,289,457,765,719,-33.958667,18.459818,122.2,0.0,080526182705.0,Mostly Clear,
2026-05-08 20:27:12,RPi_001,rpi_camera,815,6,1,19.4,8.8,171,133,0.0171,0.0133,0.5,0.5,0.2500,0.5m x 0.5m,0.47,IE_KAL,527.4,593.1,289,457,765,719,-33.958667,18.459818,122.2,0.0,080526182705.0,Mostly Clear,
2026-05-08 20:27:12,RPi_001,rpi_camera,816,6,1,19.5,8.8,172,134,0.0172,0.0134,0.5,0.5,0.2500,0.5m x 0.5m,0.50,IE_KAL,527.2,593.1,289,457,764,719,-33.958667,18.459818,122.2,0.0,080526182705.0,Mostly Clear,
2026-05-08 20:27:12,RPi_001,rpi_camera,816,7,1,15.2,12.7,193,145,0.0193,0.0145,0.5,0.5,0.2500,0.5m x 0.5m,0.35,IE_KAL,587.1,519.7,378,415,795,624,-33.958667,18.459818,122.2,0.0,080526182705.0,Mostly Clear,/home/pi/pothole_crops_20260508_202627/pothole_track7.jpg
2026-05-08 20:27:13,RPi_001,rpi_camera,817,6,1,19.5,8.8,172,134,0.0172,0.0134,0.5,0.5,0.2500,0.5m x 0.5m,0.51,IE_KAL,527.5,593.2,289,457,765,719,-33.958667,18.459818,122.2,0.0,080526182705.0,Mostly Clear,
2026-05-08 20:27:13,RPi_001,rpi_camera,817,7,1,15.2,12.9,197,145,0.0197,0.0145,0.5,0.5,0.2500,0.5m x 0.5m,0.40,IE_KAL,587.0,519.5,378,415,795,624,-33.958667,18.459818,122.2,0.0,080526182705.0,Mostly Clear,
2026-05-08 20:27:13,RPi_001,rpi_camera,818,6,1,19.5,8.8,172,133,0.0172,0.0133,0.5,0.5,0.2500,0.5m x 0.5m,0.52,IE_KAL,527.0,593.6,289,457,764,719,-33.958667,18.459818,122.2,0.0,080526182705.0,Mostly Clear,
2026-05-08 20:27:13,RPi_001,rpi_camera,818,7,1,15.2,12.9,197,145,0.0197,0.0145,0.5,0.5,0.2500,0.5m x 0.5m,0.45,IE_KAL,587.3,519.3,378,414,795,623,-33.958667,18.459818,122.2,0.0,080526182705.0,Mostly Clear,
2026-05-08 20:27:13,RPi_001,rpi_camera,819,6,1,19.5,8.8,172,133,0.0172,0.0133,0.5,0.5,0.2500,0.5m x 0.5m,0.55,IE_KAL,526.8,593.5,289,457,764,719,-33.958667,18.459818,122.2,0.0,080526182705.0,Mostly Clear,
2026-05-08 20:27:13,RPi_001,rpi_camera,819,7,1,15.2,12.7,194,146,0.0194,0.0146,0.5,0.5,0.2500,0.5m x 0.5m,0.45,IE_KAL,587.6,519.2,379,415,795,623,-33.958667,18.459818,122.2,0.0,080526182705.0,Mostly Clear,
2026-05-08 20:27:13,RPi_001,rpi_camera,820,6,1,19.5,8.8,172,134,0.0172,0.0134,0.5,0.5,0.2500,0.5m x 0.5m,0.52,IE_KAL,527.0,593.3,289,457,764,719,-33.958667,18.459818,122.2,0.0,080526182705.0,Mostly Clear,
2026-05-08 20:27:13,RPi_001,rpi_camera,820,7,1,15.2,12.9,197,146,0.0197,0.0146,0.5,0.5,0.2500,0.5m x 0.5m,0.42,IE_KAL,587.3,519.4,378,414,795,623,-33.958667,18.459818,122.2,0.0,080526182705.0,Mostly Clear,
2026-05-08 20:27:13,RPi_001,rpi_camera,821,6,1,19.6,8.8,173,135,0.0173,0.0135,0.5,0.5,0.2500,0.5m x 0.5m,0.55,IE_KAL,527.6,593.3,289,457,765,719,-33.958667,18.459818,122.2,0.0,080526182705.0,Mostly Clear,
2026-05-08 20:27:13,RPi_001,rpi_camera,821,7,1,15.2,12.9,197,145,0.0197,0.0145,0.5,0.5,0.2500,0.5m x 0.5m,0.40,IE_KAL,587.4,519.4,378,414,795,623,-33.958667,18.459818,122.2,0.0,080526182705.0,Mostly Clear,
2026-05-08 20:27:13,RPi_001,rpi_camera,822,6,1,19.4,8.8,171,133,0.0171,0.0133,0.5,0.5,0.2500,0.5m x 0.5m,0.53,IE_KAL,527.2,593.3,289,457,764,719,-33.958667,18.459818,122.2,0.0,080526182705.0,Mostly Clear,
2026-05-08 20:27:13,RPi_001,rpi_camera,822,7,1,15.5,12.7,196,146,0.0196,0.0146,0.5,0.5,0.2500,0.5m x 0.5m,0.36,IE_KAL,586.6,519.5,377,415,795,624,-33.958667,18.459818,122.2,0.0,080526182705.0,Mostly Clear,
2026-05-08 20:27:13,RPi_001,rpi_camera,823,6,1,19.6,8.8,173,134,0.0173,0.0134,0.5,0.5,0.2500,0.5m x 0.5m,0.52,IE_KAL,527.1,593.3,289,457,764,719,-33.958667,18.459818,122.2,0.0,080526182705.0,Mostly Clear,
2026-05-08 20:27:13,RPi_001,rpi_camera,824,6,1,19.5,8.8,172,134,0.0172,0.0134,0.5,0.5,0.2500,0.5m x 0.5m,0.48,IE_KAL,527.1,593.1,289,457,764,719,-33.958667,18.459818,122.2,0.0,080526182705.0,Mostly Clear,
2026-05-08 20:27:13,RPi_001,rpi_camera,824,7,1,15.2,12.9,197,146,0.0197,0.0146,0.5,0.5,0.2500,0.5m x 0.5m,0.37,IE_KAL,587.3,519.4,378,414,795,623,-33.958667,18.459818,122.2,0.0,080526182705.0,Mostly Clear,
2026-05-08 20:27:13,RPi_001,rpi_camera,825,6,1,19.5,8.8,172,133,0.0172,0.0133,0.5,0.5,0.2500,0.5m x 0.5m,0.53,IE_KAL,527.0,593.4,289,457,764,719,-33.958667,18.459818,122.2,0.0,080526182705.0,Mostly Clear,
2026-05-08 20:27:13,RPi_001,rpi_camera,825,7,1,15.2,12.9,197,145,0.0197,0.0145,0.5,0.5,0.2500,0.5m x 0.5m,0.45,IE_KAL,587.4,519.4,378,414,795,623,-33.958667,18.459818,122.2,0.0,080526182705.0,Mostly Clear,
2026-05-08 20:27:13,RPi_001,rpi_camera,826,6,1,19.5,8.8,172,133,0.0172,0.0133,0.5,0.5,0.2500,0.5m x 0.5m,0.52,IE_KAL,526.8,593.3,289,457,764,719,-33.958667,18.459818,122.2,0.0,080526182705.0,Mostly Clear,
2026-05-08 20:27:13,RPi_001,rpi_camera,826,7,1,15.2,12.9,197,145,0.0197,0.0145,0.5,0.5,0.2500,0.5m x 0.5m,0.42,IE_KAL,587.4,519.1,378,414,795,623,-33.958667,18.459818,122.2,0.0,080526182705.0,Mostly Clear,
2026-05-08 20:27:13,RPi_001,rpi_camera,827,6,1,19.5,8.8,172,132,0.0172,0.0132,0.5,0.5,0.2500,0.5m x 0.5m,0.52,IE_KAL,526.7,593.4,288,457,764,719,-33.958667,18.459818,122.2,0.0,080526182705.0,Mostly Clear,
2026-05-08 20:27:13,RPi_001,rpi_camera,827,7,1,15.2,12.5,190,144,0.0190,0.0144,0.5,0.5,0.2500,0.5m x 0.5m,0.45,IE_KAL,587.4,519.4,378,415,795,623,-33.958667,18.459818,122.2,0.0,080526182705.0,Mostly Clear,
2026-05-08 20:27:13,RPi_001,rpi_camera,828,6,1,19.5,8.8,172,133,0.0172,0.0133,0.5,0.5,0.2500,0.5m x 0.5m,0.55,IE_KAL,526.7,593.4,289,457,764,719,-33.958667,18.459818,122.2,0.0,080526182705.0,Mostly Clear,
2026-05-08 20:27:13,RPi_001,rpi_camera,828,7,1,15.2,12.7,194,145,0.0194,0.0145,0.5,0.5,0.2500,0.5m x 0.5m,0.47,IE_KAL,587.5,519.3,379,415,795,623,-33.958667,18.459818,122.2,0.0,080526182705.0,Mostly Clear,
2026-05-08 20:27:13,RPi_001,rpi_camera,829,6,1,19.5,8.8,172,134,0.0172,0.0134,0.5,0.5,0.2500,0.5m x 0.5m,0.55,IE_KAL,526.9,593.3,289,457,764,719,-33.958667,18.459818,122.2,0.0,080526182710.0,Mostly Clear,
2026-05-08 20:27:13,RPi_001,rpi_camera,829,7,1,15.2,12.9,197,145,0.0197,0.0145,0.5,0.5,0.2500,0.5m x 0.5m,0.49,IE_KAL,587.4,519.3,378,414,795,623,-33.958667,18.459818,122.2,0.0,080526182710.0,Mostly Clear,
2026-05-08 20:27:13,RPi_001,rpi_camera,830,6,1,19.5,8.8,172,133,0.0172,0.0133,0.5,0.5,0.2500,0.5m x 0.5m,0.55,IE_KAL,526.8,593.4,289,457,764,719,-33.958667,18.459818,122.2,0.0,080526182710.0,Mostly Clear,
2026-05-08 20:27:13,RPi_001,rpi_camera,830,7,1,15.1,12.7,191,143,0.0191,0.0143,0.5,0.5,0.2500,0.5m x 0.5m,0.45,IE_KAL,587.4,519.5,378,414,796,624,-33.958667,18.459818,122.2,0.0,080526182710.0,Mostly Clear,
2026-05-08 20:27:13,RPi_001,rpi_camera,831,6,1,19.5,8.8,172,133,0.0172,0.0133,0.5,0.5,0.2500,0.5m x 0.5m,0.52,IE_KAL,526.7,593.3,289,457,764,719,-33.958667,18.459818,122.2,0.0,080526182710.0,Mostly Clear,
2026-05-08 20:27:13,RPi_001,rpi_camera,831,7,1,15.2,12.7,193,143,0.0193,0.0143,0.5,0.5,0.2500,0.5m x 0.5m,0.45,IE_KAL,587.2,519.4,378,414,795,623,-33.958667,18.459818,122.2,0.0,080526182710.0,Mostly Clear,
2026-05-08 20:27:13,RPi_001,rpi_camera,832,6,1,19.5,8.8,172,134,0.0172,0.0134,0.5,0.5,0.2500,0.5m x 0.5m,0.52,IE_KAL,526.9,593.3,289,457,764,719,-33.958667,18.459818,122.2,0.0,080526182710.0,Mostly Clear,
2026-05-08 20:27:13,RPi_001,rpi_camera,832,7,1,15.2,12.9,197,145,0.0197,0.0145,0.5,0.5,0.2500,0.5m x 0.5m,0.46,IE_KAL,587.2,519.2,378,414,795,623,-33.958667,18.459818,122.2,0.0,080526182710.0,Mostly Clear,
2026-05-08 20:27:14,RPi_001,rpi_camera,833,6,1,19.5,8.8,172,134,0.0172,0.0134,0.5,0.5,0.2500,0.5m x 0.5m,0.49,IE_KAL,527.4,593.0,289,457,765,719,-33.958667,18.459818,122.2,0.0,080526182710.0,Mostly Clear,
2026-05-08 20:27:14,RPi_001,rpi_camera,834,6,1,19.5,8.8,172,133,0.0172,0.0133,0.5,0.5,0.2500,0.5m x 0.5m,0.53,IE_KAL,526.7,593.3,289,457,764,719,-33.958667,18.459818,122.2,0.0,080526182710.0,Mostly Clear,
2026-05-08 20:27:14,RPi_001,rpi_camera,834,7,1,15.2,12.9,197,145,0.0197,0.0145,0.5,0.5,0.2500,0.5m x 0.5m,0.48,IE_KAL,587.4,519.1,378,414,795,623,-33.958667,18.459818,122.2,0.0,080526182710.0,Mostly Clear,
2026-05-08 20:27:14,RPi_001,rpi_camera,835,6,1,19.5,8.8,172,134,0.0172,0.0134,0.5,0.5,0.2500,0.5m x 0.5m,0.53,IE_KAL,527.3,593.2,289,457,764,719,-33.958667,18.459818,122.2,0.0,080526182710.0,Mostly Clear,
2026-05-08 20:27:14,RPi_001,rpi_camera,835,7,1,15.2,12.7,193,144,0.0193,0.0144,0.5,0.5,0.2500,0.5m x 0.5m,0.40,IE_KAL,587.0,519.6,378,415,795,624,-33.958667,18.459818,122.2,0.0,080526182710.0,Mostly Clear,
2026-05-08 20:27:14,RPi_001,rpi_camera,836,6,1,19.5,8.8,172,135,0.0172,0.0135,0.5,0.5,0.2500,0.5m x 0.5m,0.52,IE_KAL,527.4,593.1,289,457,765,719,-33.958667,18.459818,122.2,0.0,080526182710.0,Mostly Clear,
2026-05-08 20:27:14,RPi_001,rpi_camera,836,7,1,15.2,12.7,193,144,0.0193,0.0144,0.5,0.5,0.2500,0.5m x 0.5m,0.47,IE_KAL,587.0,519.6,378,415,795,624,-33.958667,18.459818,122.2,0.0,080526182710.0,Mostly Clear,
2026-05-08 20:27:14,RPi_001,rpi_camera,837,6,1,19.5,8.8,172,133,0.0172,0.0133,0.5,0.5,0.2500,0.5m x 0.5m,0.51,IE_KAL,527.0,593.2,289,457,764,719,-33.958667,18.459818,122.2,0.0,080526182710.0,Mostly Clear,
2026-05-08 20:27:14,RPi_001,rpi_camera,837,7,1,15.2,12.9,197,146,0.0197,0.0146,0.5,0.5,0.2500,0.5m x 0.5m,0.42,IE_KAL,587.2,519.4,378,414,795,623,-33.958667,18.459818,122.2,0.0,080526182710.0,Mostly Clear,
2026-05-08 20:27:14,RPi_001,rpi_camera,838,6,1,19.5,8.8,172,133,0.0172,0.0133,0.5,0.5,0.2500,0.5m x 0.5m,0.52,IE_KAL,526.9,593.2,289,457,764,719,-33.958667,18.459818,122.2,0.0,080526182710.0,Mostly Clear,
2026-05-08 20:27:14,RPi_001,rpi_camera,838,7,1,15.2,12.7,193,144,0.0193,0.0144,0.5,0.5,0.2500,0.5m x 0.5m,0.40,IE_KAL,586.8,519.6,378,415,795,624,-33.958667,18.459818,122.2,0.0,080526182710.0,Mostly Clear,
2026-05-08 20:27:14,RPi_001,rpi_camera,839,6,1,19.5,8.8,172,134,0.0172,0.0134,0.5,0.5,0.2500,0.5m x 0.5m,0.52,IE_KAL,527.2,593.1,289,457,764,719,-33.958667,18.459818,122.2,0.0,080526182710.0,Mostly Clear,
2026-05-08 20:27:14,RPi_001,rpi_camera,839,7,1,15.2,12.7,193,143,0.0193,0.0143,0.5,0.5,0.2500,0.5m x 0.5m,0.42,IE_KAL,586.9,519.6,378,415,795,624,-33.958667,18.459818,122.2,0.0,080526182710.0,Mostly Clear,
2026-05-08 20:27:14,RPi_001,rpi_camera,840,6,1,19.5,8.8,172,134,0.0172,0.0134,0.5,0.5,0.2500,0.5m x 0.5m,0.52,IE_KAL,527.2,593.1,289,457,764,719,-33.958667,18.459818,122.2,0.0,080526182710.0,Mostly Clear,
2026-05-08 20:27:14,RPi_001,rpi_camera,840,7,1,15.2,12.9,197,144,0.0197,0.0144,0.5,0.5,0.2500,0.5m x 0.5m,0.44,IE_KAL,587.1,519.3,378,414,795,623,-33.958667,18.459818,122.2,0.0,080526182710.0,Mostly Clear,
2026-05-08 20:27:14,RPi_001,rpi_camera,841,6,1,19.5,8.8,172,133,0.0172,0.0133,0.5,0.5,0.2500,0.5m x 0.5m,0.52,IE_KAL,526.7,593.2,289,457,764,719,-33.958667,18.459818,122.2,0.0,080526182710.0,Mostly Clear,
2026-05-08 20:27:14,RPi_001,rpi_camera,841,7,1,15.2,12.7,193,143,0.0193,0.0143,0.5,0.5,0.2500,0.5m x 0.5m,0.47,IE_KAL,587.0,519.5,378,414,795,623,-33.958667,18.459818,122.2,0.0,080526182710.0,Mostly Clear,
2026-05-08 20:27:14,RPi_001,rpi_camera,842,6,1,19.4,8.8,171,134,0.0171,0.0134,0.5,0.5,0.2500,0.5m x 0.5m,0.52,IE_KAL,527.1,593.1,289,457,764,719,-33.958667,18.459818,122.2,0.0,080526182710.0,Mostly Clear,
2026-05-08 20:27:14,RPi_001,rpi_camera,842,7,1,15.2,12.7,193,144,0.0193,0.0144,0.5,0.5,0.2500,0.5m x 0.5m,0.42,IE_KAL,587.1,519.6,378,415,795,624,-33.958667,18.459818,122.2,0.0,080526182710.0,Mostly Clear,
2026-05-08 20:27:14,RPi_001,rpi_camera,843,6,1,19.5,8.8,172,134,0.0172,0.0134,0.5,0.5,0.2500,0.5m x 0.5m,0.52,IE_KAL,527.1,593.2,289,457,764,719,-33.958667,18.459818,122.2,0.0,080526182710.0,Mostly Clear,
2026-05-08 20:27:14,RPi_001,rpi_camera,843,7,1,15.2,12.9,197,145,0.0197,0.0145,0.5,0.5,0.2500,0.5m x 0.5m,0.44,IE_KAL,587.4,519.3,378,414,795,623,-33.958667,18.459818,122.2,0.0,080526182710.0,Mostly Clear,
2026-05-08 20:27:14,RPi_001,rpi_camera,844,6,1,19.5,8.8,172,133,0.0172,0.0133,0.5,0.5,0.2500,0.5m x 0.5m,0.51,IE_KAL,527.0,593.1,289,457,764,719,-33.958667,18.459818,122.2,0.0,080526182710.0,Mostly Clear,
2026-05-08 20:27:14,RPi_001,rpi_camera,844,7,1,15.2,12.9,197,147,0.0197,0.0147,0.5,0.5,0.2500,0.5m x 0.5m,0.42,IE_KAL,587.2,519.4,378,414,795,623,-33.958667,18.459818,122.2,0.0,080526182710.0,Mostly Clear,
2026-05-08 20:27:14,RPi_001,rpi_camera,845,6,1,19.5,8.7,170,134,0.0170,0.0134,0.5,0.5,0.2500,0.5m x 0.5m,0.51,IE_KAL,526.9,593.0,289,458,764,719,-33.958667,18.459818,122.2,0.0,080526182710.0,Mostly Clear,
2026-05-08 20:27:14,RPi_001,rpi_camera,845,7,1,15.2,12.7,193,144,0.0193,0.0144,0.5,0.5,0.2500,0.5m x 0.5m,0.46,IE_KAL,587.0,519.7,378,415,795,624,-33.958667,18.459818,122.2,0.0,080526182710.0,Mostly Clear,
2026-05-08 20:27:14,RPi_001,rpi_camera,846,6,1,19.5,8.8,172,133,0.0172,0.0133,0.5,0.5,0.2500,0.5m x 0.5m,0.52,IE_KAL,526.8,593.3,289,457,764,719,-33.958667,18.459818,122.2,0.0,080526182710.0,Mostly Clear,
2026-05-08 20:27:14,RPi_001,rpi_camera,846,7,1,15.2,12.7,193,143,0.0193,0.0143,0.5,0.5,0.2500,0.5m x 0.5m,0.42,IE_KAL,587.2,519.5,378,414,795,623,-33.958667,18.459818,122.2,0.0,080526182710.0,Mostly Clear,
2026-05-08 20:27:14,RPi_001,rpi_camera,847,6,1,19.4,8.8,171,133,0.0171,0.0133,0.5,0.5,0.2500,0.5m x 0.5m,0.52,IE_KAL,527.0,593.2,289,457,764,719,-33.958667,18.459818,122.2,0.0,080526182710.0,Mostly Clear,
2026-05-08 20:27:14,RPi_001,rpi_camera,847,7,1,15.2,12.7,193,144,0.0193,0.0144,0.5,0.5,0.2500,0.5m x 0.5m,0.42,IE_KAL,587.2,519.6,378,415,795,624,-33.958667,18.459818,122.2,0.0,080526182710.0,Mostly Clear,
2026-05-08 20:27:14,RPi_001,rpi_camera,848,6,1,19.6,8.8,173,135,0.0173,0.0135,0.5,0.5,0.2500,0.5m x 0.5m,0.51,IE_KAL,527.4,593.0,289,457,765,719,-33.958667,18.459818,122.2,0.0,080526182710.0,Mostly Clear,
2026-05-08 20:27:14,RPi_001,rpi_camera,848,7,1,15.2,12.9,197,145,0.0197,0.0145,0.5,0.5,0.2500,0.5m x 0.5m,0.45,IE_KAL,587.3,519.4,378,414,795,623,-33.958667,18.459818,122.2,0.0,080526182710.0,Mostly Clear,
2026-05-08 20:27:14,RPi_001,rpi_camera,849,6,1,19.5,8.8,172,132,0.0172,0.0132,0.5,0.5,0.2500,0.5m x 0.5m,0.51,IE_KAL,526.4,593.3,288,457,764,719,-33.958667,18.459818,122.2,0.0,080526182710.0,Mostly Clear,
2026-05-08 20:27:14,RPi_001,rpi_camera,849,7,1,15.2,12.9,197,145,0.0197,0.0145,0.5,0.5,0.2500,0.5m x 0.5m,0.46,IE_KAL,587.3,519.4,378,414,795,623,-33.958667,18.459818,122.2,0.0,080526182710.0,Mostly Clear,
2026-05-08 20:27:14,RPi_001,rpi_camera,850,6,1,19.5,8.8,172,133,0.0172,0.0133,0.5,0.5,0.2500,0.5m x 0.5m,0.51,IE_KAL,526.8,593.1,289,457,764,719,-33.958667,18.459818,122.2,0.0,080526182710.0,Mostly Clear,
2026-05-08 20:27:14,RPi_001,rpi_camera,850,7,1,15.2,12.7,193,143,0.0193,0.0143,0.5,0.5,0.2500,0.5m x 0.5m,0.40,IE_KAL,587.2,519.5,378,415,795,624,-33.958667,18.459818,122.2,0.0,080526182710.0,Mostly Clear,
2026-05-08 20:27:14,RPi_001,rpi_camera,851,6,1,19.5,8.8,172,133,0.0172,0.0133,0.5,0.5,0.2500,0.5m x 0.5m,0.52,IE_KAL,526.6,593.2,288,457,764,719,-33.958667,18.459818,122.2,0.0,080526182710.0,Mostly Clear,
2026-05-08 20:27:14,RPi_001,rpi_camera,851,7,1,15.2,12.9,197,145,0.0197,0.0145,0.5,0.5,0.2500,0.5m x 0.5m,0.45,IE_KAL,587.2,519.3,378,414,795,623,-33.958667,18.459818,122.2,0.0,080526182710.0,Mostly Clear,
2026-05-08 20:27:14,RPi_001,rpi_camera,852,6,1,19.4,8.8,171,134,0.0171,0.0134,0.5,0.5,0.2500,0.5m x 0.5m,0.52,IE_KAL,527.3,593.2,289,457,764,719,-33.958667,18.459818,122.2,0.0,080526182710.0,Mostly Clear,
2026-05-08 20:27:14,RPi_001,rpi_camera,852,7,1,15.2,12.9,197,146,0.0197,0.0146,0.5,0.5,0.2500,0.5m x 0.5m,0.39,IE_KAL,587.3,519.2,378,414,795,623,-33.958667,18.459818,122.2,0.0,080526182710.0,Mostly Clear,
2026-05-08 20:27:15,RPi_001,rpi_camera,853,6,1,19.4,8.8,171,133,0.0171,0.0133,0.5,0.5,0.2500,0.5m x 0.5m,0.52,IE_KAL,527.2,593.2,289,457,764,719,-33.958667,18.459818,122.2,0.0,080526182710.0,Mostly Clear,
2026-05-08 20:27:15,RPi_001,rpi_camera,853,7,1,15.2,12.9,197,146,0.0197,0.0146,0.5,0.5,0.2500,0.5m x 0.5m,0.43,IE_KAL,587.1,519.2,378,414,795,623,-33.958667,18.459818,122.2,0.0,080526182710.0,Mostly Clear,
2026-05-08 20:27:15,RPi_001,rpi_camera,854,6,1,19.5,8.8,172,133,0.0172,0.0133,0.5,0.5,0.2500,0.5m x 0.5m,0.52,IE_KAL,526.9,593.2,289,457,764,719,-33.958667,18.459818,122.2,0.0,080526182710.0,Mostly Clear,
2026-05-08 20:27:15,RPi_001,rpi_camera,854,7,1,15.2,12.7,193,143,0.0193,0.0143,0.5,0.5,0.2500,0.5m x 0.5m,0.45,IE_KAL,587.1,519.5,378,415,795,624,-33.958667,18.459818,122.2,0.0,080526182710.0,Mostly Clear,
2026-05-08 20:27:15,RPi_001,rpi_camera,855,6,1,19.5,8.8,172,134,0.0172,0.0134,0.5,0.5,0.2500,0.5m x 0.5m,0.52,IE_KAL,526.9,593.1,289,457,764,719,-33.958667,18.459818,122.2,0.0,080526182710.0,Mostly Clear,
2026-05-08 20:27:15,RPi_001,rpi_camera,855,7,1,15.2,12.7,193,142,0.0193,0.0142,0.5,0.5,0.2500,0.5m x 0.5m,0.45,IE_KAL,587.0,519.5,378,415,795,624,-33.958667,18.459818,122.2,0.0,080526182710.0,Mostly Clear,
2026-05-08 20:27:15,RPi_001,rpi_camera,856,6,1,19.5,8.8,172,133,0.0172,0.0133,0.5,0.5,0.2500,0.5m x 0.5m,0.51,IE_KAL,526.8,593.2,289,457,764,719,-33.958667,18.459818,122.2,0.0,080526182710.0,Mostly Clear,
2026-05-08 20:27:15,RPi_001,rpi_camera,856,7,1,15.2,12.7,193,143,0.0193,0.0143,0.5,0.5,0.2500,0.5m x 0.5m,0.42,IE_KAL,587.3,519.5,378,414,796,623,-33.958667,18.459818,122.2,0.0,080526182710.0,Mostly Clear,
2026-05-08 20:27:15,RPi_001,rpi_camera,857,6,1,19.5,8.7,170,134,0.0170,0.0134,0.5,0.5,0.2500,0.5m x 0.5m,0.51,IE_KAL,527.2,592.9,289,457,764,719,-33.958667,18.459818,122.2,0.0,080526182710.0,Mostly Clear,
2026-05-08 20:27:15,RPi_001,rpi_camera,857,7,1,15.2,12.7,193,143,0.0193,0.0143,0.5,0.5,0.2500,0.5m x 0.5m,0.37,IE_KAL,587.4,519.4,378,414,796,623,-33.958667,18.459818,122.2,0.0,080526182710.0,Mostly Clear,
2026-05-08 20:27:15,RPi_001,rpi_camera,858,6,1,19.4,8.8,171,133,0.0171,0.0133,0.5,0.5,0.2500,0.5m x 0.5m,0.52,IE_KAL,526.8,593.2,289,457,764,719,-33.958667,18.459818,122.2,0.0,080526182710.0,Mostly Clear,
2026-05-08 20:27:15,RPi_001,rpi_camera,858,7,1,15.2,12.7,193,145,0.0193,0.0145,0.5,0.5,0.2500,0.5m x 0.5m,0.38,IE_KAL,587.3,519.5,378,415,796,624,-33.958667,18.459818,122.2,0.0,080526182710.0,Mostly Clear,
2026-05-08 20:27:15,RPi_001,rpi_camera,859,6,1,19.5,8.8,172,134,0.0172,0.0134,0.5,0.5,0.2500,0.5m x 0.5m,0.51,IE_KAL,527.1,593.1,289,457,764,719,-33.958667,18.459818,122.2,0.0,080526182710.0,Mostly Clear,
2026-05-08 20:27:15,RPi_001,rpi_camera,859,7,1,15.2,12.9,197,145,0.0197,0.0145,0.5,0.5,0.2500,0.5m x 0.5m,0.42,IE_KAL,587.4,519.3,378,414,795,623,-33.958667,18.459818,122.2,0.0,080526182710.0,Mostly Clear,
2026-05-08 20:27:15,RPi_001,rpi_camera,860,6,1,19.5,8.8,172,132,0.0172,0.0132,0.5,0.5,0.2500,0.5m x 0.5m,0.53,IE_KAL,526.6,593.2,288,457,764,719,-33.958667,18.459818,122.2,0.0,080526182710.0,Mostly Clear,
2026-05-08 20:27:15,RPi_001,rpi_camera,860,7,1,15.2,12.7,194,146,0.0194,0.0146,0.5,0.5,0.2500,0.5m x 0.5m,0.49,IE_KAL,587.5,519.1,379,415,795,623,-33.958667,18.459818,122.2,0.0,080526182710.0,Mostly Clear,
2026-05-08 20:27:15,RPi_001,rpi_camera,861,6,1,19.5,8.8,172,135,0.0172,0.0135,0.5,0.5,0.2500,0.5m x 0.5m,0.51,IE_KAL,527.6,592.9,289,457,765,719,-33.958667,18.459818,122.2,0.0,080526182710.0,Mostly Clear,
2026-05-08 20:27:15,RPi_001,rpi_camera,861,7,1,15.2,12.9,197,145,0.0197,0.0145,0.5,0.5,0.2500,0.5m x 0.5m,0.42,IE_KAL,587.5,519.2,379,414,796,623,-33.958667,18.459818,122.2,0.0,080526182710.0,Mostly Clear,
2026-05-08 20:27:15,RPi_001,rpi_camera,862,6,1,19.5,8.8,172,133,0.0172,0.0133,0.5,0.5,0.2500,0.5m x 0.5m,0.53,IE_KAL,526.6,593.2,288,457,764,719,-33.958667,18.459818,122.2,0.0,080526182710.0,Mostly Clear,
2026-05-08 20:27:15,RPi_001,rpi_camera,862,7,1,15.2,12.7,194,145,0.0194,0.0145,0.5,0.5,0.2500,0.5m x 0.5m,0.45,IE_KAL,587.4,519.2,379,415,795,623,-33.958667,18.459818,122.2,0.0,080526182710.0,Mostly Clear,
2026-05-08 20:27:15,RPi_001,rpi_camera,863,6,1,19.5,8.8,172,132,0.0172,0.0132,0.5,0.5,0.2500,0.5m x 0.5m,0.52,IE_KAL,526.4,593.2,288,457,764,719,-33.958667,18.459818,122.2,0.0,080526182710.0,Mostly Clear,
2026-05-08 20:27:15,RPi_001,rpi_camera,863,7,1,15.2,12.7,193,143,0.0193,0.0143,0.5,0.5,0.2500,0.5m x 0.5m,0.42,IE_KAL,587.2,519.4,378,414,795,623,-33.958667,18.459818,122.2,0.0,080526182710.0,Mostly Clear,
2026-05-08 20:27:15,RPi_001,rpi_camera,864,6,1,19.5,8.7,170,134,0.0170,0.0134,0.5,0.5,0.2500,0.5m x 0.5m,0.49,IE_KAL,527.2,592.9,289,457,764,719,-33.958667,18.459818,122.2,0.0,080526182710.0,Mostly Clear,
2026-05-08 20:27:15,RPi_001,rpi_camera,864,7,1,15.2,12.7,193,144,0.0193,0.0144,0.5,0.5,0.2500,0.5m x 0.5m,0.41,IE_KAL,587.2,519.4,378,414,795,623,-33.958667,18.459818,122.2,0.0,080526182710.0,Mostly Clear,
2026-05-08 20:27:15,RPi_001,rpi_camera,865,6,1,19.6,8.8,173,134,0.0173,0.0134,0.5,0.5,0.2500,0.5m x 0.5m,0.51,IE_KAL,527.0,593.2,289,457,764,719,-33.958667,18.459818,122.2,0.0,080526182710.0,Mostly Clear,
2026-05-08 20:27:15,RPi_001,rpi_camera,865,7,1,15.2,12.9,197,145,0.0197,0.0145,0.5,0.5,0.2500,0.5m x 0.5m,0.46,IE_KAL,587.4,519.2,378,414,795,623,-33.958667,18.459818,122.2,0.0,080526182710.0,Mostly Clear,
2026-05-08 20:27:15,RPi_001,rpi_camera,866,6,1,19.5,8.7,170,135,0.0170,0.0135,0.5,0.5,0.2500,0.5m x 0.5m,0.51,IE_KAL,527.3,592.9,289,457,764,719,-33.958667,18.459818,122.2,0.0,080526182710.0,Mostly Clear,
2026-05-08 20:27:15,RPi_001,rpi_camera,866,7,1,15.2,12.7,193,144,0.0193,0.0144,0.5,0.5,0.2500,0.5m x 0.5m,0.36,IE_KAL,587.2,519.4,378,414,795,623,-33.958667,18.459818,122.2,0.0,080526182710.0,Mostly Clear,
2026-05-08 20:27:15,RPi_001,rpi_camera,867,6,1,19.5,8.8,172,134,0.0172,0.0134,0.5,0.5,0.2500,0.5m x 0.5m,0.51,IE_KAL,527.1,593.1,289,457,764,719,-33.958667,18.459818,122.2,0.0,080526182710.0,Mostly Clear,
2026-05-08 20:27:15,RPi_001,rpi_camera,867,7,1,15.2,12.7,193,144,0.0193,0.0144,0.5,0.5,0.2500,0.5m x 0.5m,0.38,IE_KAL,587.0,519.5,378,414,795,623,-33.958667,18.459818,122.2,0.0,080526182710.0,Mostly Clear,
2026-05-08 20:27:15,RPi_001,rpi_camera,868,6,1,19.5,8.8,172,133,0.0172,0.0133,0.5,0.5,0.2500,0.5m x 0.5m,0.52,IE_KAL,526.6,593.3,288,457,764,719,-33.958667,18.459818,122.2,0.0,080526182710.0,Mostly Clear,
2026-05-08 20:27:15,RPi_001,rpi_camera,868,7,1,15.2,12.5,190,144,0.0190,0.0144,0.5,0.5,0.2500,0.5m x 0.5m,0.35,IE_KAL,587.1,519.4,378,415,795,623,-33.958667,18.459818,122.2,0.0,080526182710.0,Mostly Clear,
2026-05-08 20:27:16,RPi_001,rpi_camera,869,6,1,19.5,8.7,170,134,0.0170,0.0134,0.5,0.5,0.2500,0.5m x 0.5m,0.50,IE_KAL,527.0,593.0,289,458,764,719,-33.958667,18.459818,122.2,0.0,080526182710.0,Mostly Clear,
2026-05-08 20:27:16,RPi_001,rpi_camera,869,7,1,15.2,12.7,193,143,0.0193,0.0143,0.5,0.5,0.2500,0.5m x 0.5m,0.40,IE_KAL,587.0,519.4,378,414,795,623,-33.958667,18.459818,122.2,0.0,080526182710.0,Mostly Clear,
2026-05-08 20:27:16,RPi_001,rpi_camera,870,6,1,19.4,8.8,171,133,0.0171,0.0133,0.5,0.5,0.2500,0.5m x 0.5m,0.55,IE_KAL,527.0,593.2,289,457,764,719,-33.958667,18.459818,122.2,0.0,080526182710.0,Mostly Clear,
2026-05-08 20:27:16,RPi_001,rpi_camera,870,7,1,15.2,12.7,194,146,0.0194,0.0146,0.5,0.5,0.2500,0.5m x 0.5m,0.47,IE_KAL,587.2,519.1,378,415,795,623,-33.958667,18.459818,122.2,0.0,080526182710.0,Mostly Clear,
2026-05-08 20:27:16,RPi_001,rpi_camera,871,6,1,19.5,8.7,170,134,0.0170,0.0134,0.5,0.5,0.2500,0.5m x 0.5m,0.49,IE_KAL,527.1,593.0,289,458,764,719,-33.958667,18.459818,122.2,0.0,080526182710.0,Mostly Clear,
2026-05-08 20:27:16,RPi_001,rpi_camera,871,7,1,15.2,12.9,197,146,0.0197,0.0146,0.5,0.5,0.2500,0.5m x 0.5m,0.40,IE_KAL,587.1,519.2,378,414,795,623,-33.958667,18.459818,122.2,0.0,080526182710.0,Mostly Clear,
2026-05-08 20:27:16,RPi_001,rpi_camera,872,6,1,19.5,8.8,172,133,0.0172,0.0133,0.5,0.5,0.2500,0.5m x 0.5m,0.52,IE_KAL,526.9,593.2,289,457,764,719,-33.958667,18.459818,122.2,0.0,080526182710.0,Mostly Clear,
2026-05-08 20:27:16,RPi_001,rpi_camera,872,7,1,15.2,12.9,197,146,0.0197,0.0146,0.5,0.5,0.2500,0.5m x 0.5m,0.44,IE_KAL,587.2,519.3,378,414,795,623,-33.958667,18.459818,122.2,0.0,080526182710.0,Mostly Clear,
2026-05-08 20:27:16,RPi_001,rpi_camera,873,6,1,19.6,8.8,173,133,0.0173,0.0133,0.5,0.5,0.2500,0.5m x 0.5m,0.52,IE_KAL,526.9,593.2,289,457,764,719,-33.958667,18.459818,122.2,0.0,080526182710.0,Mostly Clear,
2026-05-08 20:27:16,RPi_001,rpi_camera,873,7,1,15.2,12.7,194,146,0.0194,0.0146,0.5,0.5,0.2500,0.5m x 0.5m,0.49,IE_KAL,587.4,519.1,379,415,795,623,-33.958667,18.459818,122.2,0.0,080526182710.0,Mostly Clear,
2026-05-08 20:27:16,RPi_001,rpi_camera,874,6,1,19.5,8.8,172,133,0.0172,0.0133,0.5,0.5,0.2500,0.5m x 0.5m,0.51,IE_KAL,527.0,593.1,289,457,764,719,-33.958667,18.459818,122.2,0.0,080526182710.0,Mostly Clear,
2026-05-08 20:27:16,RPi_001,rpi_camera,874,7,1,15.2,12.9,197,146,0.0197,0.0146,0.5,0.5,0.2500,0.5m x 0.5m,0.45,IE_KAL,587.3,519.1,378,414,795,623,-33.958667,18.459818,122.2,0.0,080526182710.0,Mostly Clear,
2026-05-08 20:27:16,RPi_001,rpi_camera,875,6,1,19.5,8.8,172,133,0.0172,0.0133,0.5,0.5,0.2500,0.5m x 0.5m,0.52,IE_KAL,526.6,593.2,288,457,764,719,-33.958667,18.459818,122.2,0.0,080526182710.0,Mostly Clear,
2026-05-08 20:27:16,RPi_001,rpi_camera,875,7,1,15.2,12.7,193,144,0.0193,0.0144,0.5,0.5,0.2500,0.5m x 0.5m,0.42,IE_KAL,587.0,519.5,378,414,795,624,-33.958667,18.459818,122.2,0.0,080526182710.0,Mostly Clear,
2026-05-08 20:27:16,RPi_001,rpi_camera,876,6,1,19.4,8.8,171,134,0.0171,0.0134,0.5,0.5,0.2500,0.5m x 0.5m,0.52,IE_KAL,527.3,593.1,289,457,764,719,-33.958667,18.459818,122.2,0.0,080526182710.0,Mostly Clear,
2026-05-08 20:27:16,RPi_001,rpi_camera,876,7,1,15.2,12.7,193,143,0.0193,0.0143,0.5,0.5,0.2500,0.5m x 0.5m,0.45,IE_KAL,587.0,519.6,378,415,795,624,-33.958667,18.459818,122.2,0.0,080526182710.0,Mostly Clear,
2026-05-08 20:27:16,RPi_001,rpi_camera,877,6,1,19.5,8.8,172,133,0.0172,0.0133,0.5,0.5,0.2500,0.5m x 0.5m,0.52,IE_KAL,527.1,593.1,289,457,764,719,-33.958667,18.459818,122.2,0.0,080526182710.0,Mostly Clear,
2026-05-08 20:27:16,RPi_001,rpi_camera,877,7,1,15.2,12.9,197,145,0.0197,0.0145,0.5,0.5,0.2500,0.5m x 0.5m,0.45,IE_KAL,587.2,519.2,378,414,795,623,-33.958667,18.459818,122.2,0.0,080526182710.0,Mostly Clear,
2026-05-08 20:27:16,RPi_001,rpi_camera,878,6,1,19.5,8.8,172,134,0.0172,0.0134,0.5,0.5,0.2500,0.5m x 0.5m,0.50,IE_KAL,526.9,593.1,289,457,764,719,-33.958667,18.459818,122.2,0.0,080526182710.0,Mostly Clear,
2026-05-08 20:27:16,RPi_001,rpi_camera,878,7,1,15.2,12.7,193,145,0.0193,0.0145,0.5,0.5,0.2500,0.5m x 0.5m,0.41,IE_KAL,587.0,519.6,378,415,795,624,-33.958667,18.459818,122.2,0.0,080526182710.0,Mostly Clear,
2026-05-08 20:27:16,RPi_001,rpi_camera,879,6,1,19.4,8.8,171,132,0.0171,0.0132,0.5,0.5,0.2500,0.5m x 0.5m,0.51,IE_KAL,526.8,593.1,289,457,764,719,-33.958667,18.459818,122.2,0.0,080526182710.0,Mostly Clear,
2026-05-08 20:27:16,RPi_001,rpi_camera,879,7,1,15.2,12.9,197,145,0.0197,0.0145,0.5,0.5,0.2500,0.5m x 0.5m,0.47,IE_KAL,587.2,519.4,378,414,795,623,-33.958667,18.459818,122.2,0.0,080526182710.0,Mostly Clear,
2026-05-08 20:27:16,RPi_001,rpi_camera,880,6,1,19.4,8.8,171,134,0.0171,0.0134,0.5,0.5,0.2500,0.5m x 0.5m,0.52,IE_KAL,527.0,593.2,289,457,764,719,-33.958667,18.459818,122.2,0.0,080526182710.0,Mostly Clear,
2026-05-08 20:27:16,RPi_001,rpi_camera,880,7,1,15.2,12.7,193,144,0.0193,0.0144,0.5,0.5,0.2500,0.5m x 0.5m,0.42,IE_KAL,587.0,519.5,378,414,795,624,-33.958667,18.459818,122.2,0.0,080526182710.0,Mostly Clear,
2026-05-08 20:27:16,RPi_001,rpi_camera,881,6,1,19.5,8.8,172,134,0.0172,0.0134,0.5,0.5,0.2500,0.5m x 0.5m,0.52,IE_KAL,527.0,593.0,289,457,764,719,-33.958667,18.459818,122.2,0.0,080526182710.0,Mostly Clear,
2026-05-08 20:27:16,RPi_001,rpi_camera,881,7,1,15.2,12.9,197,146,0.0197,0.0146,0.5,0.5,0.2500,0.5m x 0.5m,0.45,IE_KAL,587.2,519.3,378,414,795,623,-33.958667,18.459818,122.2,0.0,080526182710.0,Mostly Clear,
2026-05-08 20:27:16,RPi_001,rpi_camera,882,6,1,19.5,8.8,172,133,0.0172,0.0133,0.5,0.5,0.2500,0.5m x 0.5m,0.52,IE_KAL,527.1,593.3,289,457,764,719,-33.958667,18.459818,122.2,0.0,080526182710.0,Mostly Clear,
2026-05-08 20:27:16,RPi_001,rpi_camera,882,7,1,15.2,12.7,193,144,0.0193,0.0144,0.5,0.5,0.2500,0.5m x 0.5m,0.43,IE_KAL,587.0,519.5,378,415,795,624,-33.958667,18.459818,122.2,0.0,080526182710.0,Mostly Clear,
2026-05-08 20:27:16,RPi_001,rpi_camera,883,6,1,19.4,8.8,171,133,0.0171,0.0133,0.5,0.5,0.2500,0.5m x 0.5m,0.52,IE_KAL,526.9,593.2,289,457,764,719,-33.958667,18.459818,122.2,0.0,080526182710.0,Mostly Clear,
2026-05-08 20:27:16,RPi_001,rpi_camera,883,7,1,15.2,12.9,197,145,0.0197,0.0145,0.5,0.5,0.2500,0.5m x 0.5m,0.43,IE_KAL,587.1,519.3,378,414,795,623,-33.958667,18.459818,122.2,0.0,080526182710.0,Mostly Clear,
2026-05-08 20:27:16,RPi_001,rpi_camera,884,6,1,19.5,8.8,172,133,0.0172,0.0133,0.5,0.5,0.2500,0.5m x 0.5m,0.53,IE_KAL,526.8,593.2,289,457,764,719,-33.958667,18.459818,122.2,0.0,080526182710.0,Mostly Clear,
2026-05-08 20:27:16,RPi_001,rpi_camera,884,7,1,15.2,12.9,197,145,0.0197,0.0145,0.5,0.5,0.2500,0.5m x 0.5m,0.44,IE_KAL,587.4,519.2,378,414,795,623,-33.958667,18.459818,122.2,0.0,080526182710.0,Mostly Clear,
2026-05-08 20:27:17,RPi_001,rpi_camera,885,6,1,19.5,8.8,172,132,0.0172,0.0132,0.5,0.5,0.2500,0.5m x 0.5m,0.55,IE_KAL,526.6,593.3,288,457,764,719,-33.958667,18.459818,122.2,0.0,080526182710.0,Mostly Clear,
2026-05-08 20:27:17,RPi_001,rpi_camera,885,7,1,15.2,12.9,197,145,0.0197,0.0145,0.5,0.5,0.2500,0.5m x 0.5m,0.50,IE_KAL,587.3,519.3,378,414,795,623,-33.958667,18.459818,122.2,0.0,080526182710.0,Mostly Clear,
2026-05-08 20:27:17,RPi_001,rpi_camera,886,6,1,19.5,8.8,172,133,0.0172,0.0133,0.5,0.5,0.2500,0.5m x 0.5m,0.52,IE_KAL,526.7,593.2,288,457,764,719,-33.958667,18.459818,122.2,0.0,080526182710.0,Mostly Clear,
2026-05-08 20:27:17,RPi_001,rpi_camera,886,7,1,15.2,12.7,193,144,0.0193,0.0144,0.5,0.5,0.2500,0.5m x 0.5m,0.41,IE_KAL,586.8,519.5,378,414,795,624,-33.958667,18.459818,122.2,0.0,080526182710.0,Mostly Clear,
2026-05-08 20:27:17,RPi_001,rpi_camera,887,6,1,19.5,9.0,176,133,0.0176,0.0133,0.5,0.5,0.2500,0.5m x 0.5m,0.58,IE_KAL,526.5,593.3,289,457,763,719,-33.958667,18.459818,122.2,0.0,080526182710.0,Mostly Clear,
2026-05-08 20:27:17,RPi_001,rpi_camera,887,7,1,15.2,12.7,194,146,0.0194,0.0146,0.5,0.5,0.2500,0.5m x 0.5m,0.48,IE_KAL,587.3,519.2,379,415,795,623,-33.958667,18.459818,122.2,0.0,080526182710.0,Mostly Clear,
2026-05-08 20:27:17,RPi_001,rpi_camera,888,6,1,19.5,8.8,172,133,0.0172,0.0133,0.5,0.5,0.2500,0.5m x 0.5m,0.52,IE_KAL,526.9,593.2,289,457,764,719,-33.958667,18.459818,122.2,0.0,080526182710.0,Mostly Clear,
2026-05-08 20:27:17,RPi_001,rpi_camera,888,7,1,15.2,12.9,197,145,0.0197,0.0145,0.5,0.5,0.2500,0.5m x 0.5m,0.44,IE_KAL,587.1,519.4,378,414,795,623,-33.958667,18.459818,122.2,0.0,080526182710.0,Mostly Clear,
2026-05-08 20:27:17,RPi_001,rpi_camera,889,6,1,19.5,8.8,172,133,0.0172,0.0133,0.5,0.5,0.2500,0.5m x 0.5m,0.52,IE_KAL,526.9,593.2,289,457,764,719,-33.958667,18.459818,122.2,0.0,080526182710.0,Mostly Clear,
2026-05-08 20:27:17,RPi_001,rpi_camera,889,7,1,15.2,12.7,193,143,0.0193,0.0143,0.5,0.5,0.2500,0.5m x 0.5m,0.43,IE_KAL,587.0,519.6,378,415,795,624,-33.958667,18.459818,122.2,0.0,080526182710.0,Mostly Clear,
2026-05-08 20:27:17,RPi_001,rpi_camera,890,6,1,19.5,8.7,170,134,0.0170,0.0134,0.5,0.5,0.2500,0.5m x 0.5m,0.49,IE_KAL,527.2,592.9,289,457,764,719,-33.958667,18.459818,122.2,0.0,080526182710.0,Mostly Clear,
2026-05-08 20:27:17,RPi_001,rpi_camera,890,7,1,15.5,12.9,200,147,0.0200,0.0147,0.5,0.5,0.2500,0.5m x 0.5m,0.44,IE_KAL,586.6,519.4,378,414,795,623,-33.958667,18.459818,122.2,0.0,080526182710.0,Mostly Clear,
2026-05-08 20:27:17,RPi_001,rpi_camera,891,6,1,19.5,8.8,172,133,0.0172,0.0133,0.5,0.5,0.2500,0.5m x 0.5m,0.52,IE_KAL,527.0,593.2,289,457,764,719,-33.958667,18.459818,122.2,0.0,080526182710.0,Mostly Clear,
2026-05-08 20:27:17,RPi_001,rpi_camera,891,7,1,15.2,12.9,197,145,0.0197,0.0145,0.5,0.5,0.2500,0.5m x 0.5m,0.49,IE_KAL,587.2,519.3,378,414,795,623,-33.958667,18.459818,122.2,0.0,080526182710.0,Mostly Clear,
2026-05-08 20:27:17,RPi_001,rpi_camera,892,6,1,19.5,8.8,172,133,0.0172,0.0133,0.5,0.5,0.2500,0.5m x 0.5m,0.51,IE_KAL,526.9,593.1,289,457,764,719,-33.958667,18.459818,122.2,0.0,080526182710.0,Mostly Clear,
2026-05-08 20:27:17,RPi_001,rpi_camera,892,7,1,15.2,12.9,197,145,0.0197,0.0145,0.5,0.5,0.2500,0.5m x 0.5m,0.45,IE_KAL,587.3,519.4,378,414,795,623,-33.958667,18.459818,122.2,0.0,080526182710.0,Mostly Clear,
2026-05-08 20:27:17,RPi_001,rpi_camera,893,6,1,19.5,8.8,172,134,0.0172,0.0134,0.5,0.5,0.2500,0.5m x 0.5m,0.49,IE_KAL,527.1,593.0,289,457,764,719,-33.958667,18.459818,122.2,0.0,080526182710.0,Mostly Clear,
2026-05-08 20:27:17,RPi_001,rpi_camera,893,7,1,15.2,12.7,193,144,0.0193,0.0144,0.5,0.5,0.2500,0.5m x 0.5m,0.41,IE_KAL,587.0,519.5,378,414,795,623,-33.958667,18.459818,122.2,0.0,080526182710.0,Mostly Clear,
2026-05-08 20:27:17,RPi_001,rpi_camera,894,6,1,19.4,8.8,171,133,0.0171,0.0133,0.5,0.5,0.2500,0.5m x 0.5m,0.56,IE_KAL,527.0,593.3,289,457,764,719,-33.958667,18.459818,122.2,0.0,080526182710.0,Mostly Clear,
2026-05-08 20:27:17,RPi_001,rpi_camera,894,7,1,15.2,12.9,197,145,0.0197,0.0145,0.5,0.5,0.2500,0.5m x 0.5m,0.47,IE_KAL,587.3,519.3,378,414,795,623,-33.958667,18.459818,122.2,0.0,080526182710.0,Mostly Clear,
2026-05-08 20:27:17,RPi_001,rpi_camera,895,6,1,19.5,8.8,172,133,0.0172,0.0133,0.5,0.5,0.2500,0.5m x 0.5m,0.52,IE_KAL,526.5,593.3,288,457,764,719,-33.958667,18.459818,122.2,0.0,080526182710.0,Mostly Clear,
2026-05-08 20:27:17,RPi_001,rpi_camera,895,7,1,15.2,12.9,197,145,0.0197,0.0145,0.5,0.5,0.2500,0.5m x 0.5m,0.45,IE_KAL,587.5,519.3,379,414,796,623,-33.958667,18.459818,122.2,0.0,080526182710.0,Mostly Clear,
2026-05-08 20:27:17,RPi_001,rpi_camera,896,6,1,19.5,8.8,172,134,0.0172,0.0134,0.5,0.5,0.2500,0.5m x 0.5m,0.51,IE_KAL,527.1,593.1,289,457,764,719,-33.958667,18.459818,122.2,0.0,080526182710.0,Mostly Clear,
2026-05-08 20:27:17,RPi_001,rpi_camera,896,7,1,15.2,12.7,193,143,0.0193,0.0143,0.5,0.5,0.2500,0.5m x 0.5m,0.42,IE_KAL,587.0,519.5,378,415,795,624,-33.958667,18.459818,122.2,0.0,080526182710.0,Mostly Clear,
2026-05-08 20:27:17,RPi_001,rpi_camera,897,6,1,19.4,8.8,171,133,0.0171,0.0133,0.5,0.5,0.2500,0.5m x 0.5m,0.52,IE_KAL,527.0,593.3,289,457,764,719,-33.958667,18.459818,122.2,0.0,080526182710.0,Mostly Clear,
2026-05-08 20:27:17,RPi_001,rpi_camera,897,7,1,15.2,12.7,193,144,0.0193,0.0144,0.5,0.5,0.2500,0.5m x 0.5m,0.43,IE_KAL,586.9,519.6,378,415,795,624,-33.958667,18.459818,122.2,0.0,080526182710.0,Mostly Clear,
2026-05-08 20:27:17,RPi_001,rpi_camera,898,6,1,19.5,8.8,172,132,0.0172,0.0132,0.5,0.5,0.2500,0.5m x 0.5m,0.53,IE_KAL,526.6,593.2,288,457,764,719,-33.958667,18.459818,122.2,0.0,080526182710.0,Mostly Clear,
2026-05-08 20:27:17,RPi_001,rpi_camera,898,7,1,15.2,12.9,197,145,0.0197,0.0145,0.5,0.5,0.2500,0.5m x 0.5m,0.42,IE_KAL,587.0,519.3,378,414,795,623,-33.958667,18.459818,122.2,0.0,080526182710.0,Mostly Clear,
2026-05-08 20:27:17,RPi_001,rpi_camera,899,6,1,19.5,8.8,172,133,0.0172,0.0133,0.5,0.5,0.2500,0.5m x 0.5m,0.51,IE_KAL,526.9,593.1,289,457,764,719,-33.958667,18.459818,122.2,0.0,080526182710.0,Mostly Clear,
2026-05-08 20:27:17,RPi_001,rpi_camera,899,7,1,15.2,12.7,193,144,0.0193,0.0144,0.5,0.5,0.2500,0.5m x 0.5m,0.43,IE_KAL,587.0,519.5,378,415,795,624,-33.958667,18.459818,122.2,0.0,080526182710.0,Mostly Clear,
2026-05-08 20:27:17,RPi_001,rpi_camera,900,6,1,19.5,8.8,172,134,0.0172,0.0134,0.5,0.5,0.2500,0.5m x 0.5m,0.52,IE_KAL,527.0,593.2,289,457,764,719,-33.958667,18.459818,122.2,0.0,080526182710.0,Mostly Clear,
2026-05-08 20:27:17,RPi_001,rpi_camera,900,7,1,15.2,12.7,193,143,0.0193,0.0143,0.5,0.5,0.2500,0.5m x 0.5m,0.43,IE_KAL,587.3,519.5,378,414,796,623,-33.958667,18.459818,122.2,0.0,080526182710.0,Mostly Clear,
2026-05-08 20:27:18,RPi_001,rpi_camera,901,6,1,19.5,8.8,172,132,0.0172,0.0132,0.5,0.5,0.2500,0.5m x 0.5m,0.53,IE_KAL,526.7,593.4,288,457,764,719,-33.958667,18.459818,122.2,0.0,080526182710.0,Mostly Clear,
2026-05-08 20:27:18,RPi_001,rpi_camera,901,7,1,15.2,12.5,190,144,0.0190,0.0144,0.5,0.5,0.2500,0.5m x 0.5m,0.49,IE_KAL,587.1,519.5,378,415,795,623,-33.958667,18.459818,122.2,0.0,080526182710.0,Mostly Clear,
2026-05-08 20:27:18,RPi_001,rpi_camera,902,6,1,19.5,8.8,172,135,0.0172,0.0135,0.5,0.5,0.2500,0.5m x 0.5m,0.50,IE_KAL,527.3,593.0,289,457,764,719,-33.958667,18.459818,122.2,0.0,080526182710.0,Mostly Clear,
2026-05-08 20:27:18,RPi_001,rpi_camera,902,7,1,15.2,12.9,197,145,0.0197,0.0145,0.5,0.5,0.2500,0.5m x 0.5m,0.45,IE_KAL,587.0,519.4,378,414,795,623,-33.958667,18.459818,122.2,0.0,080526182710.0,Mostly Clear,
2026-05-08 20:27:18,RPi_001,rpi_camera,903,6,1,19.5,8.8,172,134,0.0172,0.0134,0.5,0.5,0.2500,0.5m x 0.5m,0.52,IE_KAL,526.9,593.2,289,457,764,719,-33.958667,18.459818,122.2,0.0,080526182710.0,Mostly Clear,
2026-05-08 20:27:18,RPi_001,rpi_camera,903,7,1,15.2,12.9,197,144,0.0197,0.0144,0.5,0.5,0.2500,0.5m x 0.5m,0.52,IE_KAL,587.4,519.2,378,414,795,623,-33.958667,18.459818,122.2,0.0,080526182710.0,Mostly Clear,
2026-05-08 20:27:18,RPi_001,rpi_camera,904,6,1,19.5,8.8,172,133,0.0172,0.0133,0.5,0.5,0.2500,0.5m x 0.5m,0.52,IE_KAL,526.9,593.2,289,457,764,719,-33.958667,18.459818,122.2,0.0,080526182710.0,Mostly Clear,
2026-05-08 20:27:18,RPi_001,rpi_camera,904,7,1,15.2,12.7,193,144,0.0193,0.0144,0.5,0.5,0.2500,0.5m x 0.5m,0.46,IE_KAL,587.1,519.6,378,415,795,624,-33.958667,18.459818,122.2,0.0,080526182710.0,Mostly Clear,
2026-05-08 20:27:18,RPi_001,rpi_camera,905,6,1,19.5,8.8,172,134,0.0172,0.0134,0.5,0.5,0.2500,0.5m x 0.5m,0.52,IE_KAL,526.9,593.1,289,457,764,719,-33.958667,18.459818,122.2,0.0,080526182710.0,Mostly Clear,
2026-05-08 20:27:18,RPi_001,rpi_camera,905,7,1,15.2,12.7,193,144,0.0193,0.0144,0.5,0.5,0.2500,0.5m x 0.5m,0.42,IE_KAL,586.8,519.5,378,415,795,624,-33.958667,18.459818,122.2,0.0,080526182710.0,Mostly Clear,
2026-05-08 20:27:18,RPi_001,rpi_camera,906,6,1,19.5,8.8,172,133,0.0172,0.0133,0.5,0.5,0.2500,0.5m x 0.5m,0.52,IE_KAL,526.8,593.2,289,457,764,719,-33.958667,18.459818,122.2,0.0,080526182710.0,Mostly Clear,
2026-05-08 20:27:18,RPi_001,rpi_camera,906,7,1,15.2,12.7,194,145,0.0194,0.0145,0.5,0.5,0.2500,0.5m x 0.5m,0.44,IE_KAL,587.2,519.2,378,415,795,623,-33.958667,18.459818,122.2,0.0,080526182710.0,Mostly Clear,
2026-05-08 20:27:18,RPi_001,rpi_camera,907,6,1,19.4,8.8,171,133,0.0171,0.0133,0.5,0.5,0.2500,0.5m x 0.5m,0.52,IE_KAL,527.2,593.1,289,457,764,719,-33.958667,18.459818,122.2,0.0,080526182710.0,Mostly Clear,
2026-05-08 20:27:18,RPi_001,rpi_camera,907,7,1,15.2,12.9,197,145,0.0197,0.0145,0.5,0.5,0.2500,0.5m x 0.5m,0.44,IE_KAL,587.1,519.2,378,414,795,623,-33.958667,18.459818,122.2,0.0,080526182710.0,Mostly Clear,
2026-05-08 20:27:18,RPi_001,rpi_camera,908,6,1,19.5,8.8,172,133,0.0172,0.0133,0.5,0.5,0.2500,0.5m x 0.5m,0.52,IE_KAL,526.8,593.2,289,457,764,719,-33.958667,18.459818,122.2,0.0,080526182710.0,Mostly Clear,
2026-05-08 20:27:18,RPi_001,rpi_camera,908,7,1,15.2,12.7,194,145,0.0194,0.0145,0.5,0.5,0.2500,0.5m x 0.5m,0.47,IE_KAL,587.5,519.1,379,415,795,623,-33.958667,18.459818,122.2,0.0,080526182710.0,Mostly Clear,
2026-05-08 20:27:18,RPi_001,rpi_camera,909,6,1,19.5,8.8,172,133,0.0172,0.0133,0.5,0.5,0.2500,0.5m x 0.5m,0.52,IE_KAL,526.9,593.3,289,457,764,719,-33.958667,18.459818,122.2,0.0,080526182710.0,Mostly Clear,
2026-05-08 20:27:18,RPi_001,rpi_camera,909,7,1,15.2,12.7,193,144,0.0193,0.0144,0.5,0.5,0.2500,0.5m x 0.5m,0.44,IE_KAL,587.1,519.5,378,415,795,624,-33.958667,18.459818,122.2,0.0,080526182710.0,Mostly Clear,
2026-05-08 20:27:18,RPi_001,rpi_camera,910,6,1,19.5,8.7,170,132,0.0170,0.0132,0.5,0.5,0.2500,0.5m x 0.5m,0.51,IE_KAL,526.7,593.1,289,458,764,719,-33.958667,18.459818,122.2,0.0,080526182710.0,Mostly Clear,
2026-05-08 20:27:18,RPi_001,rpi_camera,910,7,1,15.2,12.7,193,144,0.0193,0.0144,0.5,0.5,0.2500,0.5m x 0.5m,0.42,IE_KAL,586.9,519.7,378,415,795,624,-33.958667,18.459818,122.2,0.0,080526182710.0,Mostly Clear,
2026-05-08 20:27:18,RPi_001,rpi_camera,911,6,1,19.5,8.8,172,134,0.0172,0.0134,0.5,0.5,0.2500,0.5m x 0.5m,0.51,IE_KAL,527.3,593.2,289,457,764,719,-33.958667,18.459818,122.2,0.0,080526182710.0,Mostly Clear,
2026-05-08 20:27:18,RPi_001,rpi_camera,912,6,1,19.5,8.8,172,133,0.0172,0.0133,0.5,0.5,0.2500,0.5m x 0.5m,0.52,IE_KAL,526.9,593.2,289,457,764,719,-33.958667,18.459818,122.2,0.0,080526182710.0,Mostly Clear,
2026-05-08 20:27:18,RPi_001,rpi_camera,912,7,1,15.2,12.5,190,144,0.0190,0.0144,0.5,0.5,0.2500,0.5m x 0.5m,0.44,IE_KAL,587.3,519.4,378,415,795,623,-33.958667,18.459818,122.2,0.0,080526182710.0,Mostly Clear,
2026-05-08 20:27:18,RPi_001,rpi_camera,913,6,1,19.4,8.8,171,134,0.0171,0.0134,0.5,0.5,0.2500,0.5m x 0.5m,0.52,IE_KAL,527.3,593.1,289,457,764,719,-33.958667,18.459818,122.2,0.0,080526182715.0,Mostly Clear,
2026-05-08 20:27:18,RPi_001,rpi_camera,913,7,1,15.2,12.7,193,144,0.0193,0.0144,0.5,0.5,0.2500,0.5m x 0.5m,0.46,IE_KAL,587.1,519.6,378,415,795,624,-33.958667,18.459818,122.2,0.0,080526182715.0,Mostly Clear,
2026-05-08 20:27:18,RPi_001,rpi_camera,914,6,1,19.4,8.8,171,133,0.0171,0.0133,0.5,0.5,0.2500,0.5m x 0.5m,0.51,IE_KAL,526.9,593.2,289,457,764,719,-33.958667,18.459818,122.2,0.0,080526182715.0,Mostly Clear,
2026-05-08 20:27:18,RPi_001,rpi_camera,914,7,1,15.2,12.7,193,143,0.0193,0.0143,0.5,0.5,0.2500,0.5m x 0.5m,0.41,IE_KAL,587.2,519.5,378,414,795,623,-33.958667,18.459818,122.2,0.0,080526182715.0,Mostly Clear,
2026-05-08 20:27:18,RPi_001,rpi_camera,915,6,1,19.5,8.7,170,133,0.0170,0.0133,0.5,0.5,0.2500,0.5m x 0.5m,0.49,IE_KAL,526.7,593.0,289,458,764,719,-33.958667,18.459818,122.2,0.0,080526182715.0,Mostly Clear,
2026-05-08 20:27:18,RPi_001,rpi_camera,916,6,1,19.4,8.8,171,133,0.0171,0.0133,0.5,0.5,0.2500,0.5m x 0.5m,0.52,IE_KAL,527.1,593.1,289,457,764,719,-33.958667,18.459818,122.2,0.0,080526182715.0,Mostly Clear,
2026-05-08 20:27:18,RPi_001,rpi_camera,916,7,1,15.2,12.9,197,145,0.0197,0.0145,0.5,0.5,0.2500,0.5m x 0.5m,0.44,IE_KAL,587.2,519.1,378,414,795,623,-33.958667,18.459818,122.2,0.0,080526182715.0,Mostly Clear,
2026-05-08 20:27:18,RPi_001,rpi_camera,917,6,1,19.5,8.8,172,133,0.0172,0.0133,0.5,0.5,0.2500,0.5m x 0.5m,0.51,IE_KAL,526.6,593.2,288,457,764,719,-33.958667,18.459818,122.2,0.0,080526182715.0,Mostly Clear,
2026-05-08 20:27:18,RPi_001,rpi_camera,917,7,1,15.2,12.7,193,144,0.0193,0.0144,0.5,0.5,0.2500,0.5m x 0.5m,0.42,IE_KAL,587.2,519.5,378,415,795,624,-33.958667,18.459818,122.2,0.0,080526182715.0,Mostly Clear,
2026-05-08 20:27:18,RPi_001,rpi_camera,918,6,1,19.6,8.8,173,134,0.0173,0.0134,0.5,0.5,0.2500,0.5m x 0.5m,0.52,IE_KAL,526.9,593.2,289,457,764,719,-33.958667,18.459818,122.2,0.0,080526182715.0,Mostly Clear,
2026-05-08 20:27:18,RPi_001,rpi_camera,918,7,1,15.2,12.7,193,143,0.0193,0.0143,0.5,0.5,0.2500,0.5m x 0.5m,0.43,IE_KAL,587.1,519.4,378,414,795,623,-33.958667,18.459818,122.2,0.0,080526182715.0,Mostly Clear,
2026-05-08 20:27:18,RPi_001,rpi_camera,919,6,1,19.5,8.7,170,134,0.0170,0.0134,0.5,0.5,0.2500,0.5m x 0.5m,0.51,IE_KAL,527.1,593.0,289,458,764,719,-33.958667,18.459818,122.2,0.0,080526182715.0,Mostly Clear,
2026-05-08 20:27:18,RPi_001,rpi_camera,919,7,1,15.2,12.9,197,145,0.0197,0.0145,0.5,0.5,0.2500,0.5m x 0.5m,0.41,IE_KAL,587.4,519.2,378,414,795,623,-33.958667,18.459818,122.2,0.0,080526182715.0,Mostly Clear,
2026-05-08 20:27:18,RPi_001,rpi_camera,920,6,1,19.5,8.8,172,134,0.0172,0.0134,0.5,0.5,0.2500,0.5m x 0.5m,0.52,IE_KAL,527.0,593.2,289,457,764,719,-33.958667,18.459818,122.2,0.0,080526182715.0,Mostly Clear,
2026-05-08 20:27:18,RPi_001,rpi_camera,920,7,1,15.2,12.7,193,144,0.0193,0.0144,0.5,0.5,0.2500,0.5m x 0.5m,0.43,IE_KAL,587.2,519.4,378,414,795,623,-33.958667,18.459818,122.2,0.0,080526182715.0,Mostly Clear,
2026-05-08 20:27:19,RPi_001,rpi_camera,921,6,1,19.5,8.7,170,134,0.0170,0.0134,0.5,0.5,0.2500,0.5m x 0.5m,0.49,IE_KAL,527.3,592.8,289,457,764,719,-33.958667,18.459818,122.2,0.0,080526182715.0,Mostly Clear,
2026-05-08 20:27:19,RPi_001,rpi_camera,921,7,1,15.2,12.7,193,145,0.0193,0.0145,0.5,0.5,0.2500,0.5m x 0.5m,0.36,IE_KAL,587.1,519.5,378,414,795,624,-33.958667,18.459818,122.2,0.0,080526182715.0,Mostly Clear,
2026-05-08 20:27:19,RPi_001,rpi_camera,922,6,1,19.5,8.8,172,133,0.0172,0.0133,0.5,0.5,0.2500,0.5m x 0.5m,0.52,IE_KAL,526.9,593.2,289,457,764,719,-33.958667,18.459818,122.2,0.0,080526182715.0,Mostly Clear,
2026-05-08 20:27:19,RPi_001,rpi_camera,922,7,1,15.2,12.9,197,145,0.0197,0.0145,0.5,0.5,0.2500,0.5m x 0.5m,0.49,IE_KAL,587.3,519.2,378,414,795,623,-33.958667,18.459818,122.2,0.0,080526182715.0,Mostly Clear,
2026-05-08 20:27:19,RPi_001,rpi_camera,923,6,1,19.5,8.8,172,134,0.0172,0.0134,0.5,0.5,0.2500,0.5m x 0.5m,0.52,IE_KAL,527.3,593.1,289,457,765,719,-33.958667,18.459818,122.2,0.0,080526182715.0,Mostly Clear,
2026-05-08 20:27:19,RPi_001,rpi_camera,923,7,1,15.2,12.7,193,143,0.0193,0.0143,0.5,0.5,0.2500,0.5m x 0.5m,0.42,IE_KAL,586.9,519.6,378,415,795,624,-33.958667,18.459818,122.2,0.0,080526182715.0,Mostly Clear,
2026-05-08 20:27:19,RPi_001,rpi_camera,924,6,1,19.4,8.8,171,133,0.0171,0.0133,0.5,0.5,0.2500,0.5m x 0.5m,0.50,IE_KAL,527.2,593.2,289,457,764,719,-33.958667,18.459818,122.2,0.0,080526182715.0,Mostly Clear,
2026-05-08 20:27:19,RPi_001,rpi_camera,924,7,1,15.2,12.9,197,145,0.0197,0.0145,0.5,0.5,0.2500,0.5m x 0.5m,0.47,IE_KAL,587.1,519.6,378,415,795,624,-33.958667,18.459818,122.2,0.0,080526182715.0,Mostly Clear,
2026-05-08 20:27:19,RPi_001,rpi_camera,925,6,1,19.5,8.8,172,134,0.0172,0.0134,0.5,0.5,0.2500,0.5m x 0.5m,0.45,IE_KAL,527.5,593.1,289,457,765,719,-33.958667,18.459818,122.2,0.0,080526182715.0,Mostly Clear,
2026-05-08 20:27:19,RPi_001,rpi_camera,925,7,1,15.2,12.9,197,145,0.0197,0.0145,0.5,0.5,0.2500,0.5m x 0.5m,0.36,IE_KAL,587.1,519.5,378,415,795,624,-33.958667,18.459818,122.2,0.0,080526182715.0,Mostly Clear,
2026-05-08 20:27:19,RPi_001,rpi_camera,926,6,1,19.5,8.8,172,134,0.0172,0.0134,0.5,0.5,0.2500,0.5m x 0.5m,0.48,IE_KAL,527.4,592.9,289,457,765,719,-33.958667,18.459818,122.2,0.0,080526182715.0,Mostly Clear,
2026-05-08 20:27:19,RPi_001,rpi_camera,927,6,1,19.4,8.8,171,133,0.0171,0.0133,0.5,0.5,0.2500,0.5m x 0.5m,0.48,IE_KAL,527.2,593.1,289,457,764,719,-33.958667,18.459818,122.2,0.0,080526182715.0,Mostly Clear,
2026-05-08 20:27:19,RPi_001,rpi_camera,927,7,1,15.2,12.9,197,146,0.0197,0.0146,0.5,0.5,0.2500,0.5m x 0.5m,0.41,IE_KAL,587.2,519.5,378,415,795,624,-33.958667,18.459818,122.2,0.0,080526182715.0,Mostly Clear,
2026-05-08 20:27:19,RPi_001,rpi_camera,928,6,1,19.4,8.8,171,133,0.0171,0.0133,0.5,0.5,0.2500,0.5m x 0.5m,0.45,IE_KAL,526.9,593.0,289,457,764,719,-33.958667,18.459818,122.2,0.0,080526182715.0,Mostly Clear,
2026-05-08 20:27:19,RPi_001,rpi_camera,929,6,1,19.5,8.7,170,134,0.0170,0.0134,0.5,0.5,0.2500,0.5m x 0.5m,0.46,IE_KAL,527.3,592.7,289,457,764,719,-33.958667,18.459818,122.2,0.0,080526182715.0,Mostly Clear,
2026-05-08 20:27:19,RPi_001,rpi_camera,930,6,1,19.4,8.8,171,134,0.0171,0.0134,0.5,0.5,0.2500,0.5m x 0.5m,0.47,IE_KAL,527.4,592.9,289,457,765,719,-33.958667,18.459818,122.2,0.0,080526182715.0,Mostly Clear,
2026-05-08 20:27:19,RPi_001,rpi_camera,931,6,1,19.5,8.8,172,132,0.0172,0.0132,0.5,0.5,0.2500,0.5m x 0.5m,0.51,IE_KAL,526.7,593.2,289,457,764,719,-33.958667,18.459818,122.2,0.0,080526182715.0,Mostly Clear,
2026-05-08 20:27:19,RPi_001,rpi_camera,932,6,1,19.5,8.8,172,134,0.0172,0.0134,0.5,0.5,0.2500,0.5m x 0.5m,0.47,IE_KAL,527.3,593.0,289,457,764,719,-33.958667,18.459818,122.2,0.0,080526182715.0,Mostly Clear,
2026-05-08 20:27:19,RPi_001,rpi_camera,933,6,1,19.4,8.7,169,133,0.0169,0.0133,0.5,0.5,0.2500,0.5m x 0.5m,0.38,IE_KAL,527.1,592.9,289,457,764,719,-33.958667,18.459818,122.2,0.0,080526182715.0,Mostly Clear,
2026-05-08 20:27:19,RPi_001,rpi_camera,934,6,1,19.5,8.7,169,133,0.0169,0.0133,0.5,0.5,0.2500,0.5m x 0.5m,0.42,IE_KAL,527.6,593.2,289,457,765,719,-33.958667,18.459818,122.2,0.0,080526182715.0,Mostly Clear,
2026-05-08 20:27:19,RPi_001,rpi_camera,935,6,1,19.5,8.8,172,134,0.0172,0.0134,0.5,0.5,0.2500,0.5m x 0.5m,0.52,IE_KAL,527.7,593.0,289,457,765,719,-33.958667,18.459818,122.2,0.0,080526182715.0,Mostly Clear,
2026-05-08 20:27:19,RPi_001,rpi_camera,936,6,1,19.4,8.8,171,133,0.0171,0.0133,0.5,0.5,0.2500,0.5m x 0.5m,0.55,IE_KAL,527.3,593.2,289,457,764,719,-33.958667,18.459818,122.2,0.0,080526182715.0,Mostly Clear,
2026-05-08 20:27:20,RPi_001,rpi_camera,937,6,1,19.5,8.8,172,133,0.0172,0.0133,0.5,0.5,0.2500,0.5m x 0.5m,0.52,IE_KAL,527.4,593.2,289,457,765,719,-33.958667,18.459818,122.2,0.0,080526182715.0,Mostly Clear,
2026-05-08 20:27:20,RPi_001,rpi_camera,938,6,1,19.5,8.8,172,134,0.0172,0.0134,0.5,0.5,0.2500,0.5m x 0.5m,0.58,IE_KAL,527.3,593.1,289,457,764,719,-33.958667,18.459818,122.2,0.0,080526182715.0,Mostly Clear,
2026-05-08 20:27:20,RPi_001,rpi_camera,939,6,1,19.4,9.0,175,137,0.0175,0.0137,0.5,0.5,0.2500,0.5m x 0.5m,0.38,IE_KAL,528.4,592.4,291,456,765,719,-33.958667,18.459818,122.2,0.0,080526182715.0,Mostly Clear,
2026-05-08 20:27:20,RPi_001,rpi_camera,947,6,1,19.5,8.8,172,129,0.0172,0.0129,0.5,0.5,0.2500,0.5m x 0.5m,0.43,IE_KAL,525.9,593.9,288,458,763,719,-33.958667,18.459818,122.2,0.0,080526182715.0,Mostly Clear,
2026-05-08 20:27:20,RPi_001,rpi_camera,948,6,1,19.6,8.8,173,131,0.0173,0.0131,0.5,0.5,0.2500,0.5m x 0.5m,0.55,IE_KAL,526.2,594.0,288,458,763,719,-33.958667,18.459818,122.2,0.0,080526182715.0,Mostly Clear,
2026-05-08 20:27:20,RPi_001,rpi_camera,949,6,1,19.6,8.8,173,131,0.0173,0.0131,0.5,0.5,0.2500,0.5m x 0.5m,0.51,IE_KAL,525.9,594.0,288,458,763,719,-33.958667,18.459818,122.2,0.0,080526182715.0,Mostly Clear,
2026-05-08 20:27:20,RPi_001,rpi_camera,950,6,1,19.6,8.8,173,129,0.0173,0.0129,0.5,0.5,0.2500,0.5m x 0.5m,0.62,IE_KAL,525.6,593.6,287,457,763,719,-33.958667,18.459818,122.2,0.0,080526182715.0,Mostly Clear,
2026-05-08 20:27:26,RPi_001,rpi_camera,1071,8,1,25.9,16.7,433,325,0.0433,0.0325,0.5,0.5,0.2500,0.5m x 0.5m,0.39,IE_KAL,530.1,573.5,301,437,758,709,-33.958667,18.459818,122.2,0.0,080526182720.0,Mostly Clear,/home/pi/pothole_crops_20260508_202627/pothole_track8.jpg
2026-05-08 20:27:26,RPi_001,rpi_camera,1072,8,1,25.9,17.3,448,334,0.0448,0.0334,0.5,0.5,0.2500,0.5m x 0.5m,0.42,IE_KAL,531.7,572.5,303,436,760,708,-33.958667,18.459818,122.2,0.0,080526182720.0,Mostly Clear,
2026-05-08 20:27:26,RPi_001,rpi_camera,1073,8,1,26.1,17.5,455,339,0.0455,0.0339,0.5,0.5,0.2500,0.5m x 0.5m,0.48,IE_KAL,532.5,572.0,304,435,760,708,-33.958667,18.459818,122.2,0.0,080526182720.0,Mostly Clear,
2026-05-08 20:27:26,RPi_001,rpi_camera,1074,8,1,26.1,17.3,450,336,0.0450,0.0336,0.5,0.5,0.2500,0.5m x 0.5m,0.47,IE_KAL,531.7,572.2,303,436,760,708,-33.958667,18.459818,122.2,0.0,080526182720.0,Mostly Clear,
2026-05-08 20:27:26,RPi_001,rpi_camera,1075,8,1,26.2,17.5,457,338,0.0457,0.0338,0.5,0.5,0.2500,0.5m x 0.5m,0.48,IE_KAL,532.4,572.1,304,436,760,708,-33.958667,18.459818,122.2,0.0,080526182720.0,Mostly Clear,
2026-05-08 20:27:26,RPi_001,rpi_camera,1076,8,1,26.4,17.1,451,339,0.0451,0.0339,0.5,0.5,0.2500,0.5m x 0.5m,0.50,IE_KAL,532.1,572.3,303,436,760,708,-33.958667,18.459818,122.2,0.0,080526182720.0,Mostly Clear,
2026-05-08 20:27:26,RPi_001,rpi_camera,1077,8,1,26.1,17.3,450,338,0.0450,0.0338,0.5,0.5,0.2500,0.5m x 0.5m,0.49,IE_KAL,532.4,572.2,304,436,760,708,-33.958667,18.459818,122.2,0.0,080526182720.0,Mostly Clear,
2026-05-08 20:27:26,RPi_001,rpi_camera,1078,8,1,26.2,17.6,463,341,0.0463,0.0341,0.5,0.5,0.2500,0.5m x 0.5m,0.49,IE_KAL,532.9,571.9,305,435,760,707,-33.958667,18.459818,122.2,0.0,080526182720.0,Mostly Clear,
2026-05-08 20:27:26,RPi_001,rpi_camera,1079,8,1,26.2,17.3,452,337,0.0452,0.0337,0.5,0.5,0.2500,0.5m x 0.5m,0.49,IE_KAL,532.4,572.3,304,436,760,708,-33.958667,18.459818,122.2,0.0,080526182720.0,Mostly Clear,
2026-05-08 20:27:26,RPi_001,rpi_camera,1080,8,1,26.1,17.3,450,337,0.0450,0.0337,0.5,0.5,0.2500,0.5m x 0.5m,0.50,IE_KAL,531.9,572.4,303,436,760,708,-33.958667,18.459818,122.2,0.0,080526182720.0,Mostly Clear,
2026-05-08 20:27:27,RPi_001,rpi_camera,1081,8,1,26.1,17.6,461,341,0.0461,0.0341,0.5,0.5,0.2500,0.5m x 0.5m,0.54,IE_KAL,532.6,571.8,304,435,760,707,-33.958667,18.459818,122.2,0.0,080526182720.0,Mostly Clear,
2026-05-08 20:27:27,RPi_001,rpi_camera,1082,8,1,26.3,17.5,459,345,0.0459,0.0345,0.5,0.5,0.2500,0.5m x 0.5m,0.47,IE_KAL,532.6,571.6,304,435,760,707,-33.958667,18.459818,122.2,0.0,080526182720.0,Mostly Clear,
2026-05-08 20:27:27,RPi_001,rpi_camera,1083,8,1,26.2,17.3,452,338,0.0452,0.0338,0.5,0.5,0.2500,0.5m x 0.5m,0.49,IE_KAL,532.5,572.3,304,436,760,708,-33.958667,18.459818,122.2,0.0,080526182720.0,Mostly Clear,
2026-05-08 20:27:27,RPi_001,rpi_camera,1084,8,1,26.3,17.5,459,341,0.0459,0.0341,0.5,0.5,0.2500,0.5m x 0.5m,0.41,IE_KAL,532.6,572.0,304,435,760,708,-33.958667,18.459818,122.2,0.0,080526182720.0,Mostly Clear,
2026-05-08 20:27:27,RPi_001,rpi_camera,1085,8,1,26.2,17.3,452,340,0.0452,0.0340,0.5,0.5,0.2500,0.5m x 0.5m,0.42,IE_KAL,532.3,572.1,303,436,760,708,-33.958667,18.459818,122.2,0.0,080526182720.0,Mostly Clear,
2026-05-08 20:27:27,RPi_001,rpi_camera,1086,8,1,26.2,17.3,452,337,0.0452,0.0337,0.5,0.5,0.2500,0.5m x 0.5m,0.45,IE_KAL,531.9,572.2,303,436,760,708,-33.958667,18.459818,122.2,0.0,080526182720.0,Mostly Clear,
2026-05-08 20:27:27,RPi_001,rpi_camera,1087,8,1,26.2,17.3,452,338,0.0452,0.0338,0.5,0.5,0.2500,0.5m x 0.5m,0.49,IE_KAL,532.2,572.2,303,436,760,708,-33.958667,18.459818,122.2,0.0,080526182720.0,Mostly Clear,
2026-05-08 20:27:27,RPi_001,rpi_camera,1088,8,1,26.1,17.3,450,336,0.0450,0.0336,0.5,0.5,0.2500,0.5m x 0.5m,0.49,IE_KAL,532.1,572.2,303,436,760,708,-33.958667,18.459818,122.2,0.0,080526182720.0,Mostly Clear,
2026-05-08 20:27:27,RPi_001,rpi_camera,1089,8,1,26.2,17.3,452,338,0.0452,0.0338,0.5,0.5,0.2500,0.5m x 0.5m,0.53,IE_KAL,532.1,572.3,303,436,760,708,-33.958667,18.459818,122.2,0.0,080526182720.0,Mostly Clear,
2026-05-08 20:27:27,RPi_001,rpi_camera,1090,8,1,26.2,17.3,452,338,0.0452,0.0338,0.5,0.5,0.2500,0.5m x 0.5m,0.51,IE_KAL,532.0,572.3,303,436,760,708,-33.958667,18.459818,122.2,0.0,080526182720.0,Mostly Clear,
2026-05-08 20:27:27,RPi_001,rpi_camera,1091,8,1,26.2,17.1,447,337,0.0447,0.0337,0.5,0.5,0.2500,0.5m x 0.5m,0.44,IE_KAL,531.8,572.4,303,436,760,708,-33.958667,18.459818,122.2,0.0,080526182720.0,Mostly Clear,
2026-05-08 20:27:27,RPi_001,rpi_camera,1092,8,1,26.2,17.3,452,336,0.0452,0.0336,0.5,0.5,0.2500,0.5m x 0.5m,0.43,IE_KAL,532.2,572.3,303,436,760,708,-33.958667,18.459818,122.2,0.0,080526182720.0,Mostly Clear,
2026-05-08 20:27:27,RPi_001,rpi_camera,1093,8,1,26.2,17.3,452,338,0.0452,0.0338,0.5,0.5,0.2500,0.5m x 0.5m,0.44,IE_KAL,532.1,572.3,303,436,760,708,-33.958667,18.459818,122.2,0.0,080526182720.0,Mostly Clear,
2026-05-08 20:27:27,RPi_001,rpi_camera,1094,8,1,26.3,17.5,459,340,0.0459,0.0340,0.5,0.5,0.2500,0.5m x 0.5m,0.49,IE_KAL,532.5,572.2,304,436,760,708,-33.958667,18.459818,122.2,0.0,080526182720.0,Mostly Clear,
2026-05-08 20:27:27,RPi_001,rpi_camera,1095,8,1,26.2,17.3,452,338,0.0452,0.0338,0.5,0.5,0.2500,0.5m x 0.5m,0.47,IE_KAL,532.0,572.4,303,436,760,708,-33.958667,18.459818,122.2,0.0,080526182720.0,Mostly Clear,
2026-05-08 20:27:27,RPi_001,rpi_camera,1096,8,1,26.2,17.1,447,337,0.0447,0.0337,0.5,0.5,0.2500,0.5m x 0.5m,0.46,IE_KAL,531.6,572.6,303,436,759,708,-33.958667,18.459818,122.2,0.0,080526182720.0,Mostly Clear,
2026-05-08 20:27:28,RPi_001,rpi_camera,1097,8,1,26.3,17.3,454,340,0.0454,0.0340,0.5,0.5,0.2500,0.5m x 0.5m,0.47,IE_KAL,532.2,572.3,303,436,760,708,-33.958667,18.459818,122.2,0.0,080526182720.0,Mostly Clear,
2026-05-08 20:27:28,RPi_001,rpi_camera,1098,8,1,26.2,17.1,447,337,0.0447,0.0337,0.5,0.5,0.2500,0.5m x 0.5m,0.49,IE_KAL,531.8,572.3,303,436,760,708,-33.958667,18.459818,122.2,0.0,080526182720.0,Mostly Clear,
2026-05-08 20:27:28,RPi_001,rpi_camera,1099,8,1,26.3,17.3,454,339,0.0454,0.0339,0.5,0.5,0.2500,0.5m x 0.5m,0.45,IE_KAL,531.9,572.3,303,436,760,708,-33.958667,18.459818,122.2,0.0,080526182720.0,Mostly Clear,
2026-05-08 20:27:28,RPi_001,rpi_camera,1100,8,1,26.1,17.3,450,339,0.0450,0.0339,0.5,0.5,0.2500,0.5m x 0.5m,0.47,IE_KAL,532.0,572.3,303,436,760,708,-33.958667,18.459818,122.2,0.0,080526182720.0,Mostly Clear,
2026-05-08 20:27:28,RPi_001,rpi_camera,1101,8,1,26.1,17.3,450,336,0.0450,0.0336,0.5,0.5,0.2500,0.5m x 0.5m,0.46,IE_KAL,531.9,572.6,303,436,760,708,-33.958667,18.459818,122.2,0.0,080526182720.0,Mostly Clear,
2026-05-08 20:27:28,RPi_001,rpi_camera,1102,8,1,26.1,17.3,450,339,0.0450,0.0339,0.5,0.5,0.2500,0.5m x 0.5m,0.51,IE_KAL,532.2,572.3,303,436,760,708,-33.958667,18.459818,122.2,0.0,080526182720.0,Mostly Clear,
2026-05-08 20:27:28,RPi_001,rpi_camera,1103,8,1,26.2,17.3,452,340,0.0452,0.0340,0.5,0.5,0.2500,0.5m x 0.5m,0.46,IE_KAL,532.3,572.4,303,436,760,708,-33.958667,18.459818,122.2,0.0,080526182720.0,Mostly Clear,
2026-05-08 20:27:28,RPi_001,rpi_camera,1104,8,1,26.2,17.3,452,339,0.0452,0.0339,0.5,0.5,0.2500,0.5m x 0.5m,0.47,IE_KAL,532.0,572.3,303,436,760,708,-33.958667,18.459818,122.2,0.0,080526182720.0,Mostly Clear,
2026-05-08 20:27:28,RPi_001,rpi_camera,1105,8,1,26.3,17.4,456,339,0.0456,0.0339,0.5,0.5,0.2500,0.5m x 0.5m,0.47,IE_KAL,531.9,572.5,303,435,760,709,-33.958667,18.459818,122.2,0.0,080526182720.0,Mostly Clear,
2026-05-08 20:27:28,RPi_001,rpi_camera,1106,8,1,26.2,17.4,454,339,0.0454,0.0339,0.5,0.5,0.2500,0.5m x 0.5m,0.45,IE_KAL,532.0,572.3,303,435,760,709,-33.958667,18.459818,122.2,0.0,080526182720.0,Mostly Clear,
2026-05-08 20:27:28,RPi_001,rpi_camera,1107,8,1,26.2,17.4,454,338,0.0454,0.0338,0.5,0.5,0.2500,0.5m x 0.5m,0.47,IE_KAL,532.3,572.5,303,435,760,709,-33.958667,18.459818,122.2,0.0,080526182720.0,Mostly Clear,
2026-05-08 20:27:28,RPi_001,rpi_camera,1108,8,1,26.3,17.3,454,339,0.0454,0.0339,0.5,0.5,0.2500,0.5m x 0.5m,0.45,IE_KAL,532.3,572.4,303,436,760,708,-33.958667,18.459818,122.2,0.0,080526182720.0,Mostly Clear,
2026-05-08 20:27:28,RPi_001,rpi_camera,1109,8,1,26.2,17.3,452,339,0.0452,0.0339,0.5,0.5,0.2500,0.5m x 0.5m,0.49,IE_KAL,532.3,572.4,303,436,760,708,-33.958667,18.459818,122.2,0.0,080526182725.0,Mostly Clear,
2026-05-08 20:27:28,RPi_001,rpi_camera,1110,8,1,26.2,17.3,452,339,0.0452,0.0339,0.5,0.5,0.2500,0.5m x 0.5m,0.49,IE_KAL,532.3,572.3,303,436,760,708,-33.958667,18.459818,122.2,0.0,080526182725.0,Mostly Clear,
2026-05-08 20:27:28,RPi_001,rpi_camera,1111,8,1,26.2,17.3,452,339,0.0452,0.0339,0.5,0.5,0.2500,0.5m x 0.5m,0.49,IE_KAL,532.2,572.4,303,436,760,708,-33.958667,18.459818,122.2,0.0,080526182725.0,Mostly Clear,
2026-05-08 20:27:28,RPi_001,rpi_camera,1112,8,1,26.2,17.5,457,342,0.0457,0.0342,0.5,0.5,0.2500,0.5m x 0.5m,0.48,IE_KAL,532.2,572.1,304,435,760,708,-33.958667,18.459818,122.2,0.0,080526182725.0,Mostly Clear,
2026-05-08 20:27:29,RPi_001,rpi_camera,1113,8,1,26.2,17.5,457,341,0.0457,0.0341,0.5,0.5,0.2500,0.5m x 0.5m,0.49,IE_KAL,532.6,572.2,304,436,760,708,-33.958667,18.459818,122.2,0.0,080526182725.0,Mostly Clear,
2026-05-08 20:27:29,RPi_001,rpi_camera,1114,8,1,26.2,17.4,454,337,0.0454,0.0337,0.5,0.5,0.2500,0.5m x 0.5m,0.49,IE_KAL,532.3,572.5,304,435,760,709,-33.958667,18.459818,122.2,0.0,080526182725.0,Mostly Clear,
2026-05-08 20:27:29,RPi_001,rpi_camera,1115,8,1,26.2,17.7,464,341,0.0464,0.0341,0.5,0.5,0.2500,0.5m x 0.5m,0.47,IE_KAL,532.6,572.2,304,435,760,709,-33.958667,18.459818,122.2,0.0,080526182725.0,Mostly Clear,
2026-05-08 20:27:29,RPi_001,rpi_camera,1116,8,1,26.1,17.3,450,340,0.0450,0.0340,0.5,0.5,0.2500,0.5m x 0.5m,0.43,IE_KAL,532.1,572.2,303,436,760,708,-33.958667,18.459818,122.2,0.0,080526182725.0,Mostly Clear,
2026-05-08 20:27:29,RPi_001,rpi_camera,1117,8,1,26.1,17.5,455,342,0.0455,0.0342,0.5,0.5,0.2500,0.5m x 0.5m,0.42,IE_KAL,532.3,572.1,304,436,760,708,-33.958667,18.459818,122.2,0.0,080526182725.0,Mostly Clear,
2026-05-08 20:27:29,RPi_001,rpi_camera,1118,8,1,26.2,17.5,457,342,0.0457,0.0342,0.5,0.5,0.2500,0.5m x 0.5m,0.43,IE_KAL,532.4,572.2,304,436,760,708,-33.958667,18.459818,122.2,0.0,080526182725.0,Mostly Clear,
2026-05-08 20:27:29,RPi_001,rpi_camera,1119,8,1,26.2,17.5,457,340,0.0457,0.0340,0.5,0.5,0.2500,0.5m x 0.5m,0.43,IE_KAL,532.4,572.2,304,436,760,708,-33.958667,18.459818,122.2,0.0,080526182725.0,Mostly Clear,
2026-05-08 20:27:29,RPi_001,rpi_camera,1120,8,1,26.1,17.5,457,339,0.0457,0.0339,0.5,0.5,0.2500,0.5m x 0.5m,0.45,IE_KAL,532.4,572.3,304,435,760,709,-33.958667,18.459818,122.2,0.0,080526182725.0,Mostly Clear,
2026-05-08 20:27:29,RPi_001,rpi_camera,1121,8,1,26.2,17.6,463,342,0.0463,0.0342,0.5,0.5,0.2500,0.5m x 0.5m,0.44,IE_KAL,532.7,572.2,304,436,760,708,-33.958667,18.459818,122.2,0.0,080526182725.0,Mostly Clear,
2026-05-08 20:27:29,RPi_001,rpi_camera,1122,8,1,26.2,17.5,457,341,0.0457,0.0341,0.5,0.5,0.2500,0.5m x 0.5m,0.45,IE_KAL,532.5,572.2,304,436,760,708,-33.958667,18.459818,122.2,0.0,080526182725.0,Mostly Clear,
2026-05-08 20:27:29,RPi_001,rpi_camera,1123,8,1,26.2,17.7,464,342,0.0464,0.0342,0.5,0.5,0.2500,0.5m x 0.5m,0.40,IE_KAL,532.7,572.0,304,435,760,708,-33.958667,18.459818,122.2,0.0,080526182725.0,Mostly Clear,
2026-05-08 20:27:29,RPi_001,rpi_camera,1124,8,1,26.2,17.3,452,340,0.0452,0.0340,0.5,0.5,0.2500,0.5m x 0.5m,0.46,IE_KAL,532.2,572.2,303,436,760,708,-33.958667,18.459818,122.2,0.0,080526182725.0,Mostly Clear,
2026-05-08 20:27:29,RPi_001,rpi_camera,1125,8,1,26.1,17.3,450,339,0.0450,0.0339,0.5,0.5,0.2500,0.5m x 0.5m,0.47,IE_KAL,531.9,572.3,303,436,760,708,-33.958667,18.459818,122.2,0.0,080526182725.0,Mostly Clear,
2026-05-08 20:27:29,RPi_001,rpi_camera,1126,8,1,26.2,17.5,457,340,0.0457,0.0340,0.5,0.5,0.2500,0.5m x 0.5m,0.45,IE_KAL,532.1,572.2,303,436,760,708,-33.958667,18.459818,122.2,0.0,080526182725.0,Mostly Clear,
2026-05-08 20:27:29,RPi_001,rpi_camera,1127,8,1,26.3,17.5,459,343,0.0459,0.0343,0.5,0.5,0.2500,0.5m x 0.5m,0.45,IE_KAL,532.3,572.0,304,435,760,708,-33.958667,18.459818,122.2,0.0,080526182725.0,Mostly Clear,
2026-05-08 20:27:29,RPi_001,rpi_camera,1128,8,1,26.2,17.4,454,339,0.0454,0.0339,0.5,0.5,0.2500,0.5m x 0.5m,0.49,IE_KAL,532.3,572.3,303,435,760,709,-33.958667,18.459818,122.2,0.0,080526182725.0,Mostly Clear,
2026-05-08 20:27:29,RPi_001,rpi_camera,1129,8,1,26.2,17.4,454,340,0.0454,0.0340,0.5,0.5,0.2500,0.5m x 0.5m,0.49,IE_KAL,532.4,572.3,304,435,760,709,-33.958667,18.459818,122.2,0.0,080526182725.0,Mostly Clear,
2026-05-08 20:27:29,RPi_001,rpi_camera,1130,8,1,26.1,17.3,450,338,0.0450,0.0338,0.5,0.5,0.2500,0.5m x 0.5m,0.50,IE_KAL,532.1,572.2,303,436,760,708,-33.958667,18.459818,122.2,0.0,080526182725.0,Mostly Clear,
2026-05-08 20:27:29,RPi_001,rpi_camera,1131,8,1,26.2,17.5,459,340,0.0459,0.0340,0.5,0.5,0.2500,0.5m x 0.5m,0.49,IE_KAL,532.6,572.2,304,435,760,708,-33.958667,18.459818,122.2,0.0,080526182725.0,Mostly Clear,
2026-05-08 20:27:29,RPi_001,rpi_camera,1132,8,1,26.3,17.7,466,343,0.0466,0.0343,0.5,0.5,0.2500,0.5m x 0.5m,0.47,IE_KAL,532.4,571.9,304,435,760,708,-33.958667,18.459818,122.2,0.0,080526182725.0,Mostly Clear,
2026-05-08 20:27:30,RPi_001,rpi_camera,1133,8,1,26.2,17.3,452,339,0.0452,0.0339,0.5,0.5,0.2500,0.5m x 0.5m,0.49,IE_KAL,532.1,572.3,303,436,760,708,-33.958667,18.459818,122.2,0.0,080526182725.0,Mostly Clear,
2026-05-08 20:27:30,RPi_001,rpi_camera,1134,8,1,26.2,17.4,454,340,0.0454,0.0340,0.5,0.5,0.2500,0.5m x 0.5m,0.45,IE_KAL,532.2,572.3,303,435,760,709,-33.958667,18.459818,122.2,0.0,080526182725.0,Mostly Clear,
2026-05-08 20:27:30,RPi_001,rpi_camera,1135,8,1,26.2,17.5,459,339,0.0459,0.0339,0.5,0.5,0.2500,0.5m x 0.5m,0.40,IE_KAL,532.2,572.2,303,435,760,708,-33.958667,18.459818,122.2,0.0,080526182725.0,Mostly Clear,
2026-05-08 20:27:30,RPi_001,rpi_camera,1136,8,1,26.1,17.5,457,340,0.0457,0.0340,0.5,0.5,0.2500,0.5m x 0.5m,0.44,IE_KAL,532.2,572.1,303,435,760,708,-33.958667,18.459818,122.2,0.0,080526182725.0,Mostly Clear,
2026-05-08 20:27:30,RPi_001,rpi_camera,1137,8,1,26.2,17.5,457,342,0.0457,0.0342,0.5,0.5,0.2500,0.5m x 0.5m,0.49,IE_KAL,532.5,572.1,304,436,760,708,-33.958667,18.459818,122.2,0.0,080526182725.0,Mostly Clear,
2026-05-08 20:27:30,RPi_001,rpi_camera,1138,8,1,26.2,17.5,459,339,0.0459,0.0339,0.5,0.5,0.2500,0.5m x 0.5m,0.47,IE_KAL,532.0,572.2,303,435,760,709,-33.958667,18.459818,122.2,0.0,080526182725.0,Mostly Clear,
2026-05-08 20:27:30,RPi_001,rpi_camera,1139,8,1,26.1,17.3,450,340,0.0450,0.0340,0.5,0.5,0.2500,0.5m x 0.5m,0.50,IE_KAL,532.0,572.3,303,436,760,708,-33.958667,18.459818,122.2,0.0,080526182725.0,Mostly Clear,
2026-05-08 20:27:30,RPi_001,rpi_camera,1140,8,1,26.3,17.3,454,341,0.0454,0.0341,0.5,0.5,0.2500,0.5m x 0.5m,0.46,IE_KAL,532.0,572.2,303,436,760,708,-33.958667,18.459818,122.2,0.0,080526182725.0,Mostly Clear,
2026-05-08 20:27:30,RPi_001,rpi_camera,1141,8,1,26.2,17.3,452,340,0.0452,0.0340,0.5,0.5,0.2500,0.5m x 0.5m,0.45,IE_KAL,531.9,572.2,303,436,760,708,-33.958667,18.459818,122.2,0.0,080526182725.0,Mostly Clear,
2026-05-08 20:27:30,RPi_001,rpi_camera,1142,8,1,26.3,17.5,461,341,0.0461,0.0341,0.5,0.5,0.2500,0.5m x 0.5m,0.45,IE_KAL,532.4,572.2,304,435,760,709,-33.958667,18.459818,122.2,0.0,080526182725.0,Mostly Clear,
2026-05-08 20:27:30,RPi_001,rpi_camera,1143,8,1,26.2,17.5,459,340,0.0459,0.0340,0.5,0.5,0.2500,0.5m x 0.5m,0.41,IE_KAL,532.3,572.2,303,435,760,708,-33.958667,18.459818,122.2,0.0,080526182725.0,Mostly Clear,
2026-05-08 20:27:30,RPi_001,rpi_camera,1144,8,1,26.1,17.3,450,339,0.0450,0.0339,0.5,0.5,0.2500,0.5m x 0.5m,0.44,IE_KAL,532.0,572.4,303,436,760,708,-33.958667,18.459818,122.2,0.0,080526182725.0,Mostly Clear,
2026-05-08 20:27:30,RPi_001,rpi_camera,1145,8,1,26.2,17.3,452,339,0.0452,0.0339,0.5,0.5,0.2500,0.5m x 0.5m,0.44,IE_KAL,532.3,572.3,303,436,760,708,-33.958667,18.459818,122.2,0.0,080526182725.0,Mostly Clear,
2026-05-08 20:27:30,RPi_001,rpi_camera,1146,8,1,26.2,17.4,454,339,0.0454,0.0339,0.5,0.5,0.2500,0.5m x 0.5m,0.41,IE_KAL,532.0,572.4,303,435,760,709,-33.958667,18.459818,122.2,0.0,080526182725.0,Mostly Clear,
2026-05-08 20:27:30,RPi_001,rpi_camera,1147,8,1,26.2,17.5,457,342,0.0457,0.0342,0.5,0.5,0.2500,0.5m x 0.5m,0.47,IE_KAL,532.4,572.0,304,435,760,708,-33.958667,18.459818,122.2,0.0,080526182725.0,Mostly Clear,
2026-05-08 20:27:30,RPi_001,rpi_camera,1148,8,1,26.2,17.4,454,340,0.0454,0.0340,0.5,0.5,0.2500,0.5m x 0.5m,0.45,IE_KAL,532.2,572.3,303,435,760,709,-33.958667,18.459818,122.2,0.0,080526182725.0,Mostly Clear,
2026-05-08 20:27:30,RPi_001,rpi_camera,1149,8,1,26.2,17.5,459,340,0.0459,0.0340,0.5,0.5,0.2500,0.5m x 0.5m,0.47,IE_KAL,532.3,572.2,303,435,760,709,-33.958667,18.459818,122.2,0.0,080526182725.0,Mostly Clear,
2026-05-08 20:27:30,RPi_001,rpi_camera,1150,8,1,26.2,17.3,452,339,0.0452,0.0339,0.5,0.5,0.2500,0.5m x 0.5m,0.50,IE_KAL,532.5,572.3,304,436,760,708,-33.958667,18.459818,122.2,0.0,080526182725.0,Mostly Clear,
2026-05-08 20:27:30,RPi_001,rpi_camera,1151,8,1,26.2,17.4,454,339,0.0454,0.0339,0.5,0.5,0.2500,0.5m x 0.5m,0.44,IE_KAL,532.4,572.3,304,435,760,709,-33.958667,18.459818,122.2,0.0,080526182725.0,Mostly Clear,
2026-05-08 20:27:30,RPi_001,rpi_camera,1152,8,1,26.2,17.5,457,340,0.0457,0.0340,0.5,0.5,0.2500,0.5m x 0.5m,0.44,IE_KAL,532.4,572.1,304,436,760,708,-33.958667,18.459818,122.2,0.0,080526182725.0,Mostly Clear,
2026-05-08 20:27:31,RPi_001,rpi_camera,1153,8,1,26.2,17.3,452,339,0.0452,0.0339,0.5,0.5,0.2500,0.5m x 0.5m,0.45,IE_KAL,532.2,572.4,303,436,760,708,-33.958667,18.459818,122.2,0.0,080526182725.0,Mostly Clear,
2026-05-08 20:27:31,RPi_001,rpi_camera,1154,8,1,26.2,17.4,454,339,0.0454,0.0339,0.5,0.5,0.2500,0.5m x 0.5m,0.49,IE_KAL,532.3,572.4,303,435,760,709,-33.958667,18.459818,122.2,0.0,080526182725.0,Mostly Clear,
2026-05-08 20:27:31,RPi_001,rpi_camera,1155,8,1,26.1,17.3,450,340,0.0450,0.0340,0.5,0.5,0.2500,0.5m x 0.5m,0.45,IE_KAL,532.1,572.2,303,436,760,708,-33.958667,18.459818,122.2,0.0,080526182725.0,Mostly Clear,
2026-05-08 20:27:31,RPi_001,rpi_camera,1156,8,1,26.1,17.5,455,340,0.0455,0.0340,0.5,0.5,0.2500,0.5m x 0.5m,0.44,IE_KAL,532.2,572.1,304,436,760,708,-33.958667,18.459818,122.2,0.0,080526182725.0,Mostly Clear,
2026-05-08 20:27:31,RPi_001,rpi_camera,1157,8,1,26.2,17.5,459,340,0.0459,0.0340,0.5,0.5,0.2500,0.5m x 0.5m,0.40,IE_KAL,532.3,572.2,303,435,760,709,-33.958667,18.459818,122.2,0.0,080526182725.0,Mostly Clear,
2026-05-08 20:27:31,RPi_001,rpi_camera,1158,8,1,26.2,17.3,452,339,0.0452,0.0339,0.5,0.5,0.2500,0.5m x 0.5m,0.45,IE_KAL,532.3,572.3,303,436,760,708,-33.958667,18.459818,122.2,0.0,080526182725.0,Mostly Clear,
2026-05-08 20:27:31,RPi_001,rpi_camera,1159,8,1,26.2,17.5,457,341,0.0457,0.0341,0.5,0.5,0.2500,0.5m x 0.5m,0.45,IE_KAL,532.5,572.2,304,436,760,708,-33.958667,18.459818,122.2,0.0,080526182725.0,Mostly Clear,
2026-05-08 20:27:31,RPi_001,rpi_camera,1160,8,1,26.2,17.5,457,342,0.0457,0.0342,0.5,0.5,0.2500,0.5m x 0.5m,0.45,IE_KAL,532.4,572.1,304,436,760,708,-33.958667,18.459818,122.2,0.0,080526182725.0,Mostly Clear,
2026-05-08 20:27:31,RPi_001,rpi_camera,1161,8,1,26.2,17.3,452,341,0.0452,0.0341,0.5,0.5,0.2500,0.5m x 0.5m,0.48,IE_KAL,532.4,572.2,304,436,760,708,-33.958667,18.459818,122.2,0.0,080526182725.0,Mostly Clear,
2026-05-08 20:27:31,RPi_001,rpi_camera,1162,8,1,26.2,17.3,452,340,0.0452,0.0340,0.5,0.5,0.2500,0.5m x 0.5m,0.46,IE_KAL,532.2,572.2,303,436,760,708,-33.958667,18.459818,122.2,0.0,080526182725.0,Mostly Clear,
2026-05-08 20:27:31,RPi_001,rpi_camera,1163,8,1,26.3,17.5,459,341,0.0459,0.0341,0.5,0.5,0.2500,0.5m x 0.5m,0.42,IE_KAL,532.4,572.1,304,436,760,708,-33.958667,18.459818,122.2,0.0,080526182725.0,Mostly Clear,
2026-05-08 20:27:31,RPi_001,rpi_camera,1164,8,1,26.2,17.5,457,343,0.0457,0.0343,0.5,0.5,0.2500,0.5m x 0.5m,0.43,IE_KAL,532.1,571.9,304,435,760,707,-33.958667,18.459818,122.2,0.0,080526182725.0,Mostly Clear,
2026-05-08 20:27:31,RPi_001,rpi_camera,1165,8,1,26.3,17.4,456,340,0.0456,0.0340,0.5,0.5,0.2500,0.5m x 0.5m,0.43,IE_KAL,532.1,572.3,303,435,760,709,-33.958667,18.459818,122.2,0.0,080526182725.0,Mostly Clear,
2026-05-08 20:27:31,RPi_001,rpi_camera,1166,8,1,26.2,17.3,452,339,0.0452,0.0339,0.5,0.5,0.2500,0.5m x 0.5m,0.45,IE_KAL,532.2,572.3,303,436,760,708,-33.958667,18.459818,122.2,0.0,080526182725.0,Mostly Clear,
2026-05-08 20:27:31,RPi_001,rpi_camera,1167,8,1,26.2,17.5,459,339,0.0459,0.0339,0.5,0.5,0.2500,0.5m x 0.5m,0.45,IE_KAL,532.4,572.2,304,435,760,709,-33.958667,18.459818,122.2,0.0,080526182725.0,Mostly Clear,
2026-05-08 20:27:31,RPi_001,rpi_camera,1168,8,1,26.1,17.5,457,340,0.0457,0.0340,0.5,0.5,0.2500,0.5m x 0.5m,0.44,IE_KAL,532.3,572.2,303,435,760,709,-33.958667,18.459818,122.2,0.0,080526182725.0,Mostly Clear,
2026-05-08 20:27:32,RPi_001,rpi_camera,1177,8,1,26.1,17.3,450,338,0.0450,0.0338,0.5,0.5,0.2500,0.5m x 0.5m,0.42,IE_KAL,531.9,572.2,303,436,760,708,-33.958667,18.459818,122.2,0.0,080526182725.0,Mostly Clear,
2026-05-08 20:27:32,RPi_001,rpi_camera,1180,8,1,26.1,17.5,455,342,0.0455,0.0342,0.5,0.5,0.2500,0.5m x 0.5m,0.47,IE_KAL,532.4,571.9,304,435,760,707,-33.958667,18.459818,122.2,0.0,080526182725.0,Mostly Clear,
2026-05-08 20:27:32,RPi_001,rpi_camera,1181,8,1,26.2,17.5,457,341,0.0457,0.0341,0.5,0.5,0.2500,0.5m x 0.5m,0.47,IE_KAL,532.7,572.1,304,436,760,708,-33.958667,18.459818,122.2,0.0,080526182725.0,Mostly Clear,
2026-05-08 20:27:32,RPi_001,rpi_camera,1182,8,1,26.3,17.3,454,340,0.0454,0.0340,0.5,0.5,0.2500,0.5m x 0.5m,0.40,IE_KAL,532.3,572.0,303,435,760,708,-33.958667,18.459818,122.2,0.0,080526182725.0,Mostly Clear,
2026-05-08 20:27:32,RPi_001,rpi_camera,1183,8,1,26.1,17.5,455,339,0.0455,0.0339,0.5,0.5,0.2500,0.5m x 0.5m,0.56,IE_KAL,532.3,572.1,304,435,760,708,-33.958667,18.459818,122.2,0.0,080526182725.0,Mostly Clear,
2026-05-08 20:27:32,RPi_001,rpi_camera,1184,8,1,26.1,17.6,461,339,0.0461,0.0339,0.5,0.5,0.2500,0.5m x 0.5m,0.56,IE_KAL,532.4,572.1,304,435,760,708,-33.958667,18.459818,122.2,0.0,080526182725.0,Mostly Clear,
2026-05-08 20:27:32,RPi_001,rpi_camera,1185,8,1,26.2,17.3,452,336,0.0452,0.0336,0.5,0.5,0.2500,0.5m x 0.5m,0.48,IE_KAL,532.5,572.4,304,436,760,708,-33.958667,18.459818,122.2,0.0,080526182725.0,Mostly Clear,
2026-05-08 20:27:32,RPi_001,rpi_camera,1187,8,1,25.4,16.4,417,325,0.0417,0.0325,0.5,0.5,0.2500,0.5m x 0.5m,0.45,IE_KAL,531.1,573.5,302,437,759,709,-33.958667,18.459818,122.2,0.0,080526182725.0,Mostly Clear,
2026-05-08 20:27:32,RPi_001,rpi_camera,1188,8,1,24.4,16.2,396,314,0.0396,0.0314,0.5,0.5,0.2500,0.5m x 0.5m,0.58,IE_KAL,529.2,574.4,299,438,758,710,-33.958667,18.459818,122.2,0.0,080526182725.0,Mostly Clear,
2026-05-08 20:27:33,RPi_001,rpi_camera,1189,8,1,23.9,16.4,392,307,0.0392,0.0307,0.5,0.5,0.2500,0.5m x 0.5m,0.55,IE_KAL,527.0,574.9,298,439,755,710,-33.958667,18.459818,122.2,0.0,080526182725.0,Mostly Clear,
2026-05-08 20:27:35,RPi_001,rpi_camera,1231,9,1,26.6,16.8,447,344,0.0447,0.0344,0.5,0.5,0.2500,0.5m x 0.5m,0.64,IE_KAL,563.6,465.7,379,379,747,551,-33.958667,18.459818,122.2,0.0,080526182730.0,Mostly Clear,/home/pi/pothole_crops_20260508_202627/pothole_track9.jpg
2026-05-08 20:27:35,RPi_001,rpi_camera,1232,9,1,26.5,17.1,453,349,0.0453,0.0349,0.5,0.5,0.2500,0.5m x 0.5m,0.67,IE_KAL,562.9,465.4,378,379,746,551,-33.958667,18.459818,122.2,0.0,080526182730.0,Mostly Clear,
2026-05-08 20:27:35,RPi_001,rpi_camera,1233,9,1,26.2,16.8,440,345,0.0440,0.0345,0.5,0.5,0.2500,0.5m x 0.5m,0.56,IE_KAL,562.5,465.6,378,379,746,551,-33.958667,18.459818,122.2,0.0,080526182730.0,Mostly Clear,
2026-05-08 20:27:35,RPi_001,rpi_camera,1234,9,1,25.9,16.8,436,343,0.0436,0.0343,0.5,0.5,0.2500,0.5m x 0.5m,0.63,IE_KAL,562.5,465.6,378,379,746,551,-33.958667,18.459818,122.2,0.0,080526182730.0,Mostly Clear,
2026-05-08 20:27:35,RPi_001,rpi_camera,1235,9,1,25.8,16.8,434,345,0.0434,0.0345,0.5,0.5,0.2500,0.5m x 0.5m,0.54,IE_KAL,562.8,465.4,378,379,747,551,-33.958667,18.459818,122.2,0.0,080526182730.0,Mostly Clear,
2026-05-08 20:27:35,RPi_001,rpi_camera,1236,9,1,25.9,17.0,440,348,0.0440,0.0348,0.5,0.5,0.2500,0.5m x 0.5m,0.62,IE_KAL,562.5,465.6,378,378,746,552,-33.958667,18.459818,122.2,0.0,080526182730.0,Mostly Clear,
2026-05-08 20:27:35,RPi_001,rpi_camera,1237,9,1,25.9,16.8,436,352,0.0436,0.0352,0.5,0.5,0.2500,0.5m x 0.5m,0.66,IE_KAL,563.9,465.2,379,378,748,551,-33.958667,18.459818,122.2,0.0,080526182730.0,Mostly Clear,
2026-05-08 20:27:35,RPi_001,rpi_camera,1238,9,1,26.1,16.8,438,347,0.0438,0.0347,0.5,0.5,0.2500,0.5m x 0.5m,0.76,IE_KAL,562.9,465.6,378,379,747,551,-33.958667,18.459818,122.2,0.0,080526182730.0,Mostly Clear,
2026-05-08 20:27:35,RPi_001,rpi_camera,1239,9,1,25.9,17.0,440,347,0.0440,0.0347,0.5,0.5,0.2500,0.5m x 0.5m,0.76,IE_KAL,563.0,465.8,378,378,747,552,-33.958667,18.459818,122.2,0.0,080526182730.0,Mostly Clear,
2026-05-08 20:27:35,RPi_001,rpi_camera,1240,9,1,25.9,17.2,447,349,0.0447,0.0349,0.5,0.5,0.2500,0.5m x 0.5m,0.75,IE_KAL,562.7,465.5,378,378,746,552,-33.958667,18.459818,122.2,0.0,080526182730.0,Mostly Clear,
2026-05-08 20:27:35,RPi_001,rpi_camera,1241,9,1,25.9,16.8,436,349,0.0436,0.0349,0.5,0.5,0.2500,0.5m x 0.5m,0.71,IE_KAL,562.6,465.5,378,379,746,551,-33.958667,18.459818,122.2,0.0,080526182730.0,Mostly Clear,
2026-05-08 20:27:35,RPi_001,rpi_camera,1242,9,1,25.9,17.2,447,350,0.0447,0.0350,0.5,0.5,0.2500,0.5m x 0.5m,0.72,IE_KAL,562.4,465.5,378,378,746,552,-33.958667,18.459818,122.2,0.0,080526182730.0,Mostly Clear,
2026-05-08 20:27:35,RPi_001,rpi_camera,1243,9,1,25.9,17.0,440,347,0.0440,0.0347,0.5,0.5,0.2500,0.5m x 0.5m,0.74,IE_KAL,562.3,465.6,378,378,746,552,-33.958667,18.459818,122.2,0.0,080526182730.0,Mostly Clear,
2026-05-08 20:27:35,RPi_001,rpi_camera,1244,9,1,26.1,17.2,449,350,0.0449,0.0350,0.5,0.5,0.2500,0.5m x 0.5m,0.73,IE_KAL,562.6,465.5,378,378,746,552,-33.958667,18.459818,122.2,0.0,080526182730.0,Mostly Clear,
2026-05-08 20:27:36,RPi_001,rpi_camera,1245,9,1,25.8,17.0,437,347,0.0437,0.0347,0.5,0.5,0.2500,0.5m x 0.5m,0.74,IE_KAL,562.6,465.7,378,378,746,552,-33.958667,18.459818,122.2,0.0,080526182730.0,Mostly Clear,
2026-05-08 20:27:36,RPi_001,rpi_camera,1246,9,1,25.9,17.2,447,350,0.0447,0.0350,0.5,0.5,0.2500,0.5m x 0.5m,0.73,IE_KAL,562.8,465.5,378,378,747,552,-33.958667,18.459818,122.2,0.0,080526182730.0,Mostly Clear,
2026-05-08 20:27:36,RPi_001,rpi_camera,1247,9,1,26.1,17.1,446,351,0.0446,0.0351,0.5,0.5,0.2500,0.5m x 0.5m,0.74,IE_KAL,562.4,465.3,378,379,746,551,-33.958667,18.459818,122.2,0.0,080526182730.0,Mostly Clear,
2026-05-08 20:27:36,RPi_001,rpi_camera,1248,9,1,25.9,16.8,436,347,0.0436,0.0347,0.5,0.5,0.2500,0.5m x 0.5m,0.74,IE_KAL,562.4,465.4,378,379,746,551,-33.958667,18.459818,122.2,0.0,080526182730.0,Mostly Clear,
2026-05-08 20:27:36,RPi_001,rpi_camera,1249,9,1,25.8,17.2,445,348,0.0445,0.0348,0.5,0.5,0.2500,0.5m x 0.5m,0.75,IE_KAL,562.4,465.5,378,378,746,552,-33.958667,18.459818,122.2,0.0,080526182730.0,Mostly Clear,
2026-05-08 20:27:36,RPi_001,rpi_camera,1250,9,1,26.1,17.1,446,352,0.0446,0.0352,0.5,0.5,0.2500,0.5m x 0.5m,0.73,IE_KAL,562.3,465.3,378,379,746,551,-33.958667,18.459818,122.2,0.0,080526182730.0,Mostly Clear,
2026-05-08 20:27:36,RPi_001,rpi_camera,1251,9,1,26.1,17.2,449,351,0.0449,0.0351,0.5,0.5,0.2500,0.5m x 0.5m,0.74,IE_KAL,562.6,465.5,378,378,746,552,-33.958667,18.459818,122.2,0.0,080526182730.0,Mostly Clear,
2026-05-08 20:27:36,RPi_001,rpi_camera,1252,9,1,26.1,17.2,449,349,0.0449,0.0349,0.5,0.5,0.2500,0.5m x 0.5m,0.75,IE_KAL,562.4,465.5,378,378,746,552,-33.958667,18.459818,122.2,0.0,080526182730.0,Mostly Clear,
2026-05-08 20:27:36,RPi_001,rpi_camera,1253,9,1,26.2,17.2,452,349,0.0452,0.0349,0.5,0.5,0.2500,0.5m x 0.5m,0.75,IE_KAL,562.5,465.5,378,378,746,552,-33.958667,18.459818,122.2,0.0,080526182730.0,Mostly Clear,
2026-05-08 20:27:36,RPi_001,rpi_camera,1254,9,1,26.1,17.2,449,351,0.0449,0.0351,0.5,0.5,0.2500,0.5m x 0.5m,0.74,IE_KAL,562.4,465.5,378,378,746,552,-33.958667,18.459818,122.2,0.0,080526182730.0,Mostly Clear,
2026-05-08 20:27:36,RPi_001,rpi_camera,1255,9,1,26.2,17.2,452,350,0.0452,0.0350,0.5,0.5,0.2500,0.5m x 0.5m,0.75,IE_KAL,562.6,465.5,378,378,746,552,-33.958667,18.459818,122.2,0.0,080526182730.0,Mostly Clear,
2026-05-08 20:27:36,RPi_001,rpi_camera,1256,9,1,25.9,17.2,447,350,0.0447,0.0350,0.5,0.5,0.2500,0.5m x 0.5m,0.75,IE_KAL,562.6,465.5,378,378,746,552,-33.958667,18.459818,122.2,0.0,080526182730.0,Mostly Clear,
2026-05-08 20:27:36,RPi_001,rpi_camera,1257,9,1,25.9,17.2,447,347,0.0447,0.0347,0.5,0.5,0.2500,0.5m x 0.5m,0.75,IE_KAL,562.4,465.5,378,378,746,552,-33.958667,18.459818,122.2,0.0,080526182730.0,Mostly Clear,
2026-05-08 20:27:36,RPi_001,rpi_camera,1258,9,1,26.1,17.2,449,349,0.0449,0.0349,0.5,0.5,0.2500,0.5m x 0.5m,0.76,IE_KAL,562.8,465.4,378,378,747,552,-33.958667,18.459818,122.2,0.0,080526182730.0,Mostly Clear,
2026-05-08 20:27:36,RPi_001,rpi_camera,1259,9,1,26.1,17.2,449,351,0.0449,0.0351,0.5,0.5,0.2500,0.5m x 0.5m,0.76,IE_KAL,562.4,465.5,378,378,746,552,-33.958667,18.459818,122.2,0.0,080526182730.0,Mostly Clear,
2026-05-08 20:27:36,RPi_001,rpi_camera,1260,9,1,26.2,17.2,452,350,0.0452,0.0350,0.5,0.5,0.2500,0.5m x 0.5m,0.75,IE_KAL,562.4,465.4,378,378,746,552,-33.958667,18.459818,122.2,0.0,080526182730.0,Mostly Clear,
2026-05-08 20:27:36,RPi_001,rpi_camera,1261,9,1,25.9,17.2,447,349,0.0447,0.0349,0.5,0.5,0.2500,0.5m x 0.5m,0.75,IE_KAL,562.7,465.5,378,378,746,552,-33.958667,18.459818,122.2,0.0,080526182730.0,Mostly Clear,
2026-05-08 20:27:36,RPi_001,rpi_camera,1262,9,1,26.1,17.2,449,350,0.0449,0.0350,0.5,0.5,0.2500,0.5m x 0.5m,0.73,IE_KAL,562.5,465.4,378,378,746,552,-33.958667,18.459818,122.2,0.0,080526182730.0,Mostly Clear,
2026-05-08 20:27:36,RPi_001,rpi_camera,1263,9,1,26.5,17.2,456,351,0.0456,0.0351,0.5,0.5,0.2500,0.5m x 0.5m,0.72,IE_KAL,562.4,465.3,378,378,746,552,-33.958667,18.459818,122.2,0.0,080526182730.0,Mostly Clear,
2026-05-08 20:27:36,RPi_001,rpi_camera,1264,9,1,25.9,17.0,440,347,0.0440,0.0347,0.5,0.5,0.2500,0.5m x 0.5m,0.73,IE_KAL,562.7,465.6,378,378,746,552,-33.958667,18.459818,122.2,0.0,080526182730.0,Mostly Clear,
2026-05-08 20:27:37,RPi_001,rpi_camera,1265,9,1,26.1,17.2,449,351,0.0449,0.0351,0.5,0.5,0.2500,0.5m x 0.5m,0.73,IE_KAL,562.5,465.4,378,378,746,552,-33.958667,18.459818,122.2,0.0,080526182730.0,Mostly Clear,
2026-05-08 20:27:37,RPi_001,rpi_camera,1266,9,1,26.1,17.2,449,350,0.0449,0.0350,0.5,0.5,0.2500,0.5m x 0.5m,0.73,IE_KAL,562.4,465.4,378,378,746,552,-33.958667,18.459818,122.2,0.0,080526182730.0,Mostly Clear,
2026-05-08 20:27:37,RPi_001,rpi_camera,1267,9,1,26.1,17.2,449,352,0.0449,0.0352,0.5,0.5,0.2500,0.5m x 0.5m,0.73,IE_KAL,562.6,465.4,378,378,746,552,-33.958667,18.459818,122.2,0.0,080526182730.0,Mostly Clear,
2026-05-08 20:27:37,RPi_001,rpi_camera,1268,9,1,26.1,17.2,449,350,0.0449,0.0350,0.5,0.5,0.2500,0.5m x 0.5m,0.75,IE_KAL,562.5,465.5,378,378,746,552,-33.958667,18.459818,122.2,0.0,080526182730.0,Mostly Clear,
2026-05-08 20:27:37,RPi_001,rpi_camera,1269,9,1,25.9,17.0,440,346,0.0440,0.0346,0.5,0.5,0.2500,0.5m x 0.5m,0.74,IE_KAL,562.8,465.7,378,378,746,552,-33.958667,18.459818,122.2,0.0,080526182730.0,Mostly Clear,
2026-05-08 20:27:37,RPi_001,rpi_camera,1270,9,1,25.8,16.8,434,346,0.0434,0.0346,0.5,0.5,0.2500,0.5m x 0.5m,0.73,IE_KAL,562.6,465.4,378,379,746,551,-33.958667,18.459818,122.2,0.0,080526182730.0,Mostly Clear,
2026-05-08 20:27:37,RPi_001,rpi_camera,1271,9,1,26.1,17.2,449,351,0.0449,0.0351,0.5,0.5,0.2500,0.5m x 0.5m,0.75,IE_KAL,562.6,465.4,378,378,746,552,-33.958667,18.459818,122.2,0.0,080526182730.0,Mostly Clear,
2026-05-08 20:27:37,RPi_001,rpi_camera,1272,9,1,25.9,17.0,440,347,0.0440,0.0347,0.5,0.5,0.2500,0.5m x 0.5m,0.73,IE_KAL,562.8,465.6,378,378,747,552,-33.958667,18.459818,122.2,0.0,080526182730.0,Mostly Clear,
2026-05-08 20:27:37,RPi_001,rpi_camera,1273,9,1,25.9,17.2,447,349,0.0447,0.0349,0.5,0.5,0.2500,0.5m x 0.5m,0.75,IE_KAL,562.7,465.5,378,378,746,552,-33.958667,18.459818,122.2,0.0,080526182730.0,Mostly Clear,
2026-05-08 20:27:37,RPi_001,rpi_camera,1274,9,1,26.2,17.2,452,351,0.0452,0.0351,0.5,0.5,0.2500,0.5m x 0.5m,0.73,IE_KAL,562.6,465.5,378,378,746,552,-33.958667,18.459818,122.2,0.0,080526182730.0,Mostly Clear,
2026-05-08 20:27:37,RPi_001,rpi_camera,1275,9,1,25.9,17.2,447,350,0.0447,0.0350,0.5,0.5,0.2500,0.5m x 0.5m,0.72,IE_KAL,562.4,465.5,378,378,746,552,-33.958667,18.459818,122.2,0.0,080526182730.0,Mostly Clear,
2026-05-08 20:27:37,RPi_001,rpi_camera,1276,9,1,25.9,17.0,440,347,0.0440,0.0347,0.5,0.5,0.2500,0.5m x 0.5m,0.73,IE_KAL,563.0,465.6,378,378,747,552,-33.958667,18.459818,122.2,0.0,080526182730.0,Mostly Clear,
2026-05-08 20:27:37,RPi_001,rpi_camera,1277,9,1,25.9,17.2,447,350,0.0447,0.0350,0.5,0.5,0.2500,0.5m x 0.5m,0.76,IE_KAL,562.7,465.5,378,378,746,552,-33.958667,18.459818,122.2,0.0,080526182730.0,Mostly Clear,
2026-05-08 20:27:37,RPi_001,rpi_camera,1278,9,1,25.9,17.2,447,349,0.0447,0.0349,0.5,0.5,0.2500,0.5m x 0.5m,0.76,IE_KAL,562.7,465.5,378,378,746,552,-33.958667,18.459818,122.2,0.0,080526182730.0,Mostly Clear,
2026-05-08 20:27:37,RPi_001,rpi_camera,1279,9,1,26.5,17.2,456,350,0.0456,0.0350,0.5,0.5,0.2500,0.5m x 0.5m,0.72,IE_KAL,562.4,465.3,378,378,746,552,-33.958667,18.459818,122.2,0.0,080526182730.0,Mostly Clear,
2026-05-08 20:27:37,RPi_001,rpi_camera,1280,9,1,26.1,17.2,449,350,0.0449,0.0350,0.5,0.5,0.2500,0.5m x 0.5m,0.74,IE_KAL,562.4,465.4,378,378,746,552,-33.958667,18.459818,122.2,0.0,080526182730.0,Mostly Clear,
2026-05-08 20:27:38,RPi_001,rpi_camera,1281,9,1,25.9,17.2,447,350,0.0447,0.0350,0.5,0.5,0.2500,0.5m x 0.5m,0.75,IE_KAL,562.8,465.5,378,378,747,552,-33.958667,18.459818,122.2,0.0,080526182730.0,Mostly Clear,
2026-05-08 20:27:38,RPi_001,rpi_camera,1282,9,1,26.1,17.2,449,349,0.0449,0.0349,0.5,0.5,0.2500,0.5m x 0.5m,0.75,IE_KAL,562.8,465.5,378,378,746,552,-33.958667,18.459818,122.2,0.0,080526182730.0,Mostly Clear,
2026-05-08 20:27:38,RPi_001,rpi_camera,1283,9,1,25.9,17.2,447,350,0.0447,0.0350,0.5,0.5,0.2500,0.5m x 0.5m,0.75,IE_KAL,562.7,465.4,378,378,746,552,-33.958667,18.459818,122.2,0.0,080526182730.0,Mostly Clear,
2026-05-08 20:27:38,RPi_001,rpi_camera,1284,9,1,25.9,17.2,447,349,0.0447,0.0349,0.5,0.5,0.2500,0.5m x 0.5m,0.75,IE_KAL,562.6,465.4,378,378,746,552,-33.958667,18.459818,122.2,0.0,080526182730.0,Mostly Clear,
2026-05-08 20:27:38,RPi_001,rpi_camera,1285,9,1,26.1,17.0,442,348,0.0442,0.0348,0.5,0.5,0.2500,0.5m x 0.5m,0.72,IE_KAL,562.4,465.6,378,378,746,552,-33.958667,18.459818,122.2,0.0,080526182730.0,Mostly Clear,
2026-05-08 20:27:38,RPi_001,rpi_camera,1286,9,1,25.9,17.2,447,348,0.0447,0.0348,0.5,0.5,0.2500,0.5m x 0.5m,0.73,IE_KAL,562.7,465.5,378,378,746,552,-33.958667,18.459818,122.2,0.0,080526182730.0,Mostly Clear,
2026-05-08 20:27:38,RPi_001,rpi_camera,1287,9,1,26.1,17.2,449,350,0.0449,0.0350,0.5,0.5,0.2500,0.5m x 0.5m,0.75,IE_KAL,562.6,465.4,378,378,746,552,-33.958667,18.459818,122.2,0.0,080526182730.0,Mostly Clear,
2026-05-08 20:27:38,RPi_001,rpi_camera,1288,9,1,26.1,17.2,449,351,0.0449,0.0351,0.5,0.5,0.2500,0.5m x 0.5m,0.75,IE_KAL,562.6,465.5,378,378,746,552,-33.958667,18.459818,122.2,0.0,080526182730.0,Mostly Clear,
2026-05-08 20:27:38,RPi_001,rpi_camera,1289,9,1,25.8,16.8,434,346,0.0434,0.0346,0.5,0.5,0.2500,0.5m x 0.5m,0.74,IE_KAL,562.7,465.4,378,379,746,551,-33.958667,18.459818,122.2,0.0,080526182730.0,Mostly Clear,
2026-05-08 20:27:38,RPi_001,rpi_camera,1290,9,1,26.1,17.2,449,351,0.0449,0.0351,0.5,0.5,0.2500,0.5m x 0.5m,0.74,IE_KAL,562.3,465.3,378,378,746,552,-33.958667,18.459818,122.2,0.0,080526182730.0,Mostly Clear,
2026-05-08 20:27:38,RPi_001,rpi_camera,1291,9,1,26.2,17.2,452,350,0.0452,0.0350,0.5,0.5,0.2500,0.5m x 0.5m,0.73,IE_KAL,562.5,465.3,378,378,746,552,-33.958667,18.459818,122.2,0.0,080526182730.0,Mostly Clear,
2026-05-08 20:27:38,RPi_001,rpi_camera,1292,9,1,26.3,17.2,454,350,0.0454,0.0350,0.5,0.5,0.2500,0.5m x 0.5m,0.73,IE_KAL,562.8,465.4,378,378,747,552,-33.958667,18.459818,122.2,0.0,080526182730.0,Mostly Clear,
2026-05-08 20:27:38,RPi_001,rpi_camera,1293,9,1,26.2,17.2,452,349,0.0452,0.0349,0.5,0.5,0.2500,0.5m x 0.5m,0.72,IE_KAL,562.4,465.4,378,378,746,552,-33.958667,18.459818,122.2,0.0,080526182730.0,Mostly Clear,
2026-05-08 20:27:38,RPi_001,rpi_camera,1294,9,1,26.1,17.2,449,351,0.0449,0.0351,0.5,0.5,0.2500,0.5m x 0.5m,0.73,IE_KAL,562.6,465.5,378,378,746,552,-33.958667,18.459818,122.2,0.0,080526182730.0,Mostly Clear,
2026-05-08 20:27:38,RPi_001,rpi_camera,1295,9,1,26.2,17.2,452,350,0.0452,0.0350,0.5,0.5,0.2500,0.5m x 0.5m,0.75,IE_KAL,562.2,465.4,377,378,746,552,-33.958667,18.459818,122.2,0.0,080526182730.0,Mostly Clear,
2026-05-08 20:27:38,RPi_001,rpi_camera,1296,9,1,26.2,17.2,452,350,0.0452,0.0350,0.5,0.5,0.2500,0.5m x 0.5m,0.75,IE_KAL,562.6,465.4,378,378,746,552,-33.958667,18.459818,122.2,0.0,080526182730.0,Mostly Clear,
2026-05-08 20:27:38,RPi_001,rpi_camera,1297,9,1,26.1,17.0,442,346,0.0442,0.0346,0.5,0.5,0.2500,0.5m x 0.5m,0.74,IE_KAL,562.5,465.6,378,378,746,552,-33.958667,18.459818,122.2,0.0,080526182735.0,Mostly Clear,
2026-05-08 20:27:38,RPi_001,rpi_camera,1298,9,1,26.1,17.2,449,351,0.0449,0.0351,0.5,0.5,0.2500,0.5m x 0.5m,0.73,IE_KAL,562.5,465.5,378,378,746,552,-33.958667,18.459818,122.2,0.0,080526182735.0,Mostly Clear,
2026-05-08 20:27:38,RPi_001,rpi_camera,1299,9,1,26.1,17.2,449,349,0.0449,0.0349,0.5,0.5,0.2500,0.5m x 0.5m,0.76,IE_KAL,562.7,465.4,378,378,746,552,-33.958667,18.459818,122.2,0.0,080526182735.0,Mostly Clear,
2026-05-08 20:27:38,RPi_001,rpi_camera,1300,9,1,26.1,17.2,449,351,0.0449,0.0351,0.5,0.5,0.2500,0.5m x 0.5m,0.73,IE_KAL,562.4,465.4,378,378,746,552,-33.958667,18.459818,122.2,0.0,080526182735.0,Mostly Clear,
2026-05-08 20:27:39,RPi_001,rpi_camera,1301,9,1,26.1,17.2,449,349,0.0449,0.0349,0.5,0.5,0.2500,0.5m x 0.5m,0.75,IE_KAL,562.8,465.4,378,378,747,552,-33.958667,18.459818,122.2,0.0,080526182735.0,Mostly Clear,
2026-05-08 20:27:39,RPi_001,rpi_camera,1302,9,1,25.9,17.2,447,350,0.0447,0.0350,0.5,0.5,0.2500,0.5m x 0.5m,0.73,IE_KAL,562.6,465.4,378,378,746,552,-33.958667,18.459818,122.2,0.0,080526182735.0,Mostly Clear,
2026-05-08 20:27:39,RPi_001,rpi_camera,1303,9,1,25.9,17.2,447,348,0.0447,0.0348,0.5,0.5,0.2500,0.5m x 0.5m,0.75,IE_KAL,562.6,465.5,378,378,746,552,-33.958667,18.459818,122.2,0.0,080526182735.0,Mostly Clear,
2026-05-08 20:27:39,RPi_001,rpi_camera,1304,9,1,26.1,17.2,449,351,0.0449,0.0351,0.5,0.5,0.2500,0.5m x 0.5m,0.73,IE_KAL,562.6,465.4,378,378,746,552,-33.958667,18.459818,122.2,0.0,080526182735.0,Mostly Clear,
2026-05-08 20:27:39,RPi_001,rpi_camera,1305,9,1,25.9,17.2,447,348,0.0447,0.0348,0.5,0.5,0.2500,0.5m x 0.5m,0.75,IE_KAL,562.6,465.5,378,378,746,552,-33.958667,18.459818,122.2,0.0,080526182735.0,Mostly Clear,
2026-05-08 20:27:39,RPi_001,rpi_camera,1306,9,1,26.5,17.2,456,351,0.0456,0.0351,0.5,0.5,0.2500,0.5m x 0.5m,0.75,IE_KAL,562.4,465.3,378,378,746,552,-33.958667,18.459818,122.2,0.0,080526182735.0,Mostly Clear,
2026-05-08 20:27:39,RPi_001,rpi_camera,1307,9,1,26.3,17.2,454,350,0.0454,0.0350,0.5,0.5,0.2500,0.5m x 0.5m,0.73,IE_KAL,562.3,465.3,378,378,746,552,-33.958667,18.459818,122.2,0.0,080526182735.0,Mostly Clear,
2026-05-08 20:27:39,RPi_001,rpi_camera,1308,9,1,25.8,16.8,434,345,0.0434,0.0345,0.5,0.5,0.2500,0.5m x 0.5m,0.73,IE_KAL,562.4,465.4,378,379,746,551,-33.958667,18.459818,122.2,0.0,080526182735.0,Mostly Clear,
2026-05-08 20:27:39,RPi_001,rpi_camera,1309,9,1,26.1,17.2,449,350,0.0449,0.0350,0.5,0.5,0.2500,0.5m x 0.5m,0.76,IE_KAL,562.4,465.4,378,378,746,552,-33.958667,18.459818,122.2,0.0,080526182735.0,Mostly Clear,
2026-05-08 20:27:39,RPi_001,rpi_camera,1310,9,1,26.1,17.2,449,349,0.0449,0.0349,0.5,0.5,0.2500,0.5m x 0.5m,0.74,IE_KAL,562.2,465.5,378,378,746,552,-33.958667,18.459818,122.2,0.0,080526182735.0,Mostly Clear,
2026-05-08 20:27:39,RPi_001,rpi_camera,1311,9,1,25.9,17.2,447,348,0.0447,0.0348,0.5,0.5,0.2500,0.5m x 0.5m,0.75,IE_KAL,562.6,465.4,378,378,746,552,-33.958667,18.459818,122.2,0.0,080526182735.0,Mostly Clear,
2026-05-08 20:27:39,RPi_001,rpi_camera,1312,9,1,25.9,17.2,447,350,0.0447,0.0350,0.5,0.5,0.2500,0.5m x 0.5m,0.73,IE_KAL,562.8,465.4,378,378,746,552,-33.958667,18.459818,122.2,0.0,080526182735.0,Mostly Clear,
2026-05-08 20:27:39,RPi_001,rpi_camera,1313,9,1,26.1,17.2,449,349,0.0449,0.0349,0.5,0.5,0.2500,0.5m x 0.5m,0.75,IE_KAL,562.4,465.4,378,378,746,552,-33.958667,18.459818,122.2,0.0,080526182735.0,Mostly Clear,
2026-05-08 20:27:39,RPi_001,rpi_camera,1314,9,1,26.1,17.2,449,350,0.0449,0.0350,0.5,0.5,0.2500,0.5m x 0.5m,0.75,IE_KAL,562.5,465.5,378,378,746,552,-33.958667,18.459818,122.2,0.0,080526182735.0,Mostly Clear,
2026-05-08 20:27:39,RPi_001,rpi_camera,1315,9,1,25.9,17.2,447,349,0.0447,0.0349,0.5,0.5,0.2500,0.5m x 0.5m,0.73,IE_KAL,562.7,465.5,378,378,746,552,-33.958667,18.459818,122.2,0.0,080526182735.0,Mostly Clear,
2026-05-08 20:27:39,RPi_001,rpi_camera,1316,9,1,25.8,17.0,437,345,0.0437,0.0345,0.5,0.5,0.2500,0.5m x 0.5m,0.73,IE_KAL,562.5,465.6,378,378,746,552,-33.958667,18.459818,122.2,0.0,080526182735.0,Mostly Clear,
2026-05-08 20:27:39,RPi_001,rpi_camera,1317,9,1,26.1,17.2,449,349,0.0449,0.0349,0.5,0.5,0.2500,0.5m x 0.5m,0.75,IE_KAL,562.3,465.4,378,378,746,552,-33.958667,18.459818,122.2,0.0,080526182735.0,Mostly Clear,
2026-05-08 20:27:39,RPi_001,rpi_camera,1318,9,1,26.1,17.2,449,350,0.0449,0.0350,0.5,0.5,0.2500,0.5m x 0.5m,0.75,IE_KAL,562.5,465.4,378,378,746,552,-33.958667,18.459818,122.2,0.0,080526182735.0,Mostly Clear,
2026-05-08 20:27:39,RPi_001,rpi_camera,1319,9,1,25.9,17.2,447,348,0.0447,0.0348,0.5,0.5,0.2500,0.5m x 0.5m,0.76,IE_KAL,562.6,465.5,378,378,746,552,-33.958667,18.459818,122.2,0.0,080526182735.0,Mostly Clear,
2026-05-08 20:27:39,RPi_001,rpi_camera,1320,9,1,26.1,17.2,449,349,0.0449,0.0349,0.5,0.5,0.2500,0.5m x 0.5m,0.75,IE_KAL,562.6,465.4,378,378,746,552,-33.958667,18.459818,122.2,0.0,080526182735.0,Mostly Clear,
2026-05-08 20:27:40,RPi_001,rpi_camera,1321,9,1,25.8,17.2,445,346,0.0445,0.0346,0.5,0.5,0.2500,0.5m x 0.5m,0.76,IE_KAL,562.5,465.5,378,378,746,552,-33.958667,18.459818,122.2,0.0,080526182735.0,Mostly Clear,
2026-05-08 20:27:40,RPi_001,rpi_camera,1322,9,1,25.9,17.2,447,348,0.0447,0.0348,0.5,0.5,0.2500,0.5m x 0.5m,0.75,IE_KAL,562.6,465.4,378,378,746,552,-33.958667,18.459818,122.2,0.0,080526182735.0,Mostly Clear,
2026-05-08 20:27:40,RPi_001,rpi_camera,1323,9,1,25.9,17.2,447,349,0.0447,0.0349,0.5,0.5,0.2500,0.5m x 0.5m,0.76,IE_KAL,562.7,465.4,378,378,746,552,-33.958667,18.459818,122.2,0.0,080526182735.0,Mostly Clear,
2026-05-08 20:27:40,RPi_001,rpi_camera,1324,9,1,25.9,16.8,436,346,0.0436,0.0346,0.5,0.5,0.2500,0.5m x 0.5m,0.74,IE_KAL,562.6,465.5,378,379,746,551,-33.958667,18.459818,122.2,0.0,080526182735.0,Mostly Clear,
2026-05-08 20:27:40,RPi_001,rpi_camera,1325,9,1,26.1,16.8,438,347,0.0438,0.0347,0.5,0.5,0.2500,0.5m x 0.5m,0.76,IE_KAL,562.3,465.4,378,379,746,551,-33.958667,18.459818,122.2,0.0,080526182735.0,Mostly Clear,
2026-05-08 20:27:40,RPi_001,rpi_camera,1326,9,1,25.9,17.2,447,349,0.0447,0.0349,0.5,0.5,0.2500,0.5m x 0.5m,0.75,IE_KAL,562.7,465.5,378,378,746,552,-33.958667,18.459818,122.2,0.0,080526182735.0,Mostly Clear,
2026-05-08 20:27:40,RPi_001,rpi_camera,1327,9,1,25.9,16.8,436,347,0.0436,0.0347,0.5,0.5,0.2500,0.5m x 0.5m,0.74,IE_KAL,562.6,465.5,378,379,746,551,-33.958667,18.459818,122.2,0.0,080526182735.0,Mostly Clear,
2026-05-08 20:27:40,RPi_001,rpi_camera,1328,9,1,26.1,17.2,449,352,0.0449,0.0352,0.5,0.5,0.2500,0.5m x 0.5m,0.72,IE_KAL,562.6,465.4,378,378,746,552,-33.958667,18.459818,122.2,0.0,080526182735.0,Mostly Clear,
2026-05-08 20:27:40,RPi_001,rpi_camera,1329,9,1,25.9,17.2,447,351,0.0447,0.0351,0.5,0.5,0.2500,0.5m x 0.5m,0.72,IE_KAL,562.2,465.6,378,378,746,552,-33.958667,18.459818,122.2,0.0,080526182735.0,Mostly Clear,
2026-05-08 20:27:40,RPi_001,rpi_camera,1330,9,1,25.8,17.2,445,350,0.0445,0.0350,0.5,0.5,0.2500,0.5m x 0.5m,0.73,IE_KAL,562.5,465.6,378,378,746,552,-33.958667,18.459818,122.2,0.0,080526182735.0,Mostly Clear,
2026-05-08 20:27:40,RPi_001,rpi_camera,1331,9,1,25.9,17.2,447,351,0.0447,0.0351,0.5,0.5,0.2500,0.5m x 0.5m,0.72,IE_KAL,562.8,465.6,378,378,747,552,-33.958667,18.459818,122.2,0.0,080526182735.0,Mostly Clear,
2026-05-08 20:27:40,RPi_001,rpi_camera,1332,9,1,26.2,17.2,452,353,0.0452,0.0353,0.5,0.5,0.2500,0.5m x 0.5m,0.71,IE_KAL,562.8,465.4,378,378,746,552,-33.958667,18.459818,122.2,0.0,080526182735.0,Mostly Clear,
2026-05-08 20:27:40,RPi_001,rpi_camera,1333,9,1,26.2,17.2,452,353,0.0452,0.0353,0.5,0.5,0.2500,0.5m x 0.5m,0.72,IE_KAL,562.6,465.4,378,378,746,552,-33.958667,18.459818,122.2,0.0,080526182735.0,Mostly Clear,
2026-05-08 20:27:40,RPi_001,rpi_camera,1334,9,1,26.1,17.2,449,353,0.0449,0.0353,0.5,0.5,0.2500,0.5m x 0.5m,0.72,IE_KAL,562.6,465.5,378,378,746,552,-33.958667,18.459818,122.2,0.0,080526182735.0,Mostly Clear,
2026-05-08 20:27:40,RPi_001,rpi_camera,1335,9,1,26.1,17.2,449,353,0.0449,0.0353,0.5,0.5,0.2500,0.5m x 0.5m,0.70,IE_KAL,562.7,465.5,378,378,746,552,-33.958667,18.459818,122.2,0.0,080526182735.0,Mostly Clear,
2026-05-08 20:27:40,RPi_001,rpi_camera,1336,9,1,26.1,17.2,449,353,0.0449,0.0353,0.5,0.5,0.2500,0.5m x 0.5m,0.66,IE_KAL,562.7,465.4,378,378,746,552,-33.958667,18.459818,122.2,0.0,080526182735.0,Mostly Clear,
2026-05-08 20:27:41,RPi_001,rpi_camera,1337,9,1,26.1,17.2,449,353,0.0449,0.0353,0.5,0.5,0.2500,0.5m x 0.5m,0.68,IE_KAL,562.6,465.4,378,378,746,552,-33.958667,18.459818,122.2,0.0,080526182735.0,Mostly Clear,
2026-05-08 20:27:41,RPi_001,rpi_camera,1338,9,1,26.2,17.5,457,356,0.0457,0.0356,0.5,0.5,0.2500,0.5m x 0.5m,0.66,IE_KAL,562.8,465.6,378,378,747,552,-33.958667,18.459818,122.2,0.0,080526182735.0,Mostly Clear,
2026-05-08 20:27:41,RPi_001,rpi_camera,1339,9,1,26.2,17.2,452,353,0.0452,0.0353,0.5,0.5,0.2500,0.5m x 0.5m,0.71,IE_KAL,562.6,465.5,378,378,746,552,-33.958667,18.459818,122.2,0.0,080526182735.0,Mostly Clear,
2026-05-08 20:27:41,RPi_001,rpi_camera,1340,9,1,26.1,17.2,449,356,0.0449,0.0356,0.5,0.5,0.2500,0.5m x 0.5m,0.64,IE_KAL,562.8,465.4,378,378,747,552,-33.958667,18.459818,122.2,0.0,080526182735.0,Mostly Clear,
2026-05-08 20:27:41,RPi_001,rpi_camera,1341,9,1,26.2,17.2,452,359,0.0452,0.0359,0.5,0.5,0.2500,0.5m x 0.5m,0.62,IE_KAL,563.6,465.2,379,378,747,552,-33.958667,18.459818,122.2,0.0,080526182735.0,Mostly Clear,
2026-05-08 20:27:41,RPi_001,rpi_camera,1342,9,1,26.2,17.2,452,359,0.0452,0.0359,0.5,0.5,0.2500,0.5m x 0.5m,0.63,IE_KAL,563.2,465.3,378,378,747,552,-33.958667,18.459818,122.2,0.0,080526182735.0,Mostly Clear,
2026-05-08 20:27:41,RPi_001,rpi_camera,1343,9,1,26.1,17.2,449,348,0.0449,0.0348,0.5,0.5,0.2500,0.5m x 0.5m,0.70,IE_KAL,562.7,465.5,378,378,746,552,-33.958667,18.459818,122.2,0.0,080526182735.0,Mostly Clear,
2026-05-08 20:27:41,RPi_001,rpi_camera,1344,9,1,26.1,17.0,442,348,0.0442,0.0348,0.5,0.5,0.2500,0.5m x 0.5m,0.71,IE_KAL,562.7,465.6,378,378,746,552,-33.958667,18.459818,122.2,0.0,080526182735.0,Mostly Clear,
2026-05-08 20:27:41,RPi_001,rpi_camera,1345,9,1,26.1,17.1,446,351,0.0446,0.0351,0.5,0.5,0.2500,0.5m x 0.5m,0.71,IE_KAL,562.9,465.0,378,378,746,551,-33.958667,18.459818,122.2,0.0,080526182735.0,Mostly Clear,
2026-05-08 20:27:41,RPi_001,rpi_camera,1346,9,1,25.9,16.8,436,345,0.0436,0.0345,0.5,0.5,0.2500,0.5m x 0.5m,0.75,IE_KAL,562.1,465.6,377,379,746,551,-33.958667,18.459818,122.2,0.0,080526182735.0,Mostly Clear,
2026-05-08 20:27:41,RPi_001,rpi_camera,1347,9,1,25.9,16.8,436,344,0.0436,0.0344,0.5,0.5,0.2500,0.5m x 0.5m,0.75,IE_KAL,561.9,465.6,377,379,746,551,-33.958667,18.459818,122.2,0.0,080526182735.0,Mostly Clear,
2026-05-08 20:27:41,RPi_001,rpi_camera,1348,9,1,25.9,16.8,436,345,0.0436,0.0345,0.5,0.5,0.2500,0.5m x 0.5m,0.74,IE_KAL,561.9,465.4,377,379,746,551,-33.958667,18.459818,122.2,0.0,080526182735.0,Mostly Clear,
2026-05-08 20:27:41,RPi_001,rpi_camera,1349,9,1,25.8,17.1,442,348,0.0442,0.0348,0.5,0.5,0.2500,0.5m x 0.5m,0.73,IE_KAL,561.6,465.3,377,379,745,551,-33.958667,18.459818,122.2,0.0,080526182735.0,Mostly Clear,
2026-05-08 20:27:41,RPi_001,rpi_camera,1350,9,1,26.0,17.1,444,350,0.0444,0.0350,0.5,0.5,0.2500,0.5m x 0.5m,0.75,IE_KAL,561.7,465.4,377,379,745,551,-33.958667,18.459818,122.2,0.0,080526182735.0,Mostly Clear,
2026-05-08 20:27:41,RPi_001,rpi_camera,1351,9,1,26.2,17.1,449,349,0.0449,0.0349,0.5,0.5,0.2500,0.5m x 0.5m,0.75,IE_KAL,561.8,465.4,377,379,745,551,-33.958667,18.459818,122.2,0.0,080526182735.0,Mostly Clear,
2026-05-08 20:27:41,RPi_001,rpi_camera,1352,9,1,25.9,16.8,436,346,0.0436,0.0346,0.5,0.5,0.2500,0.5m x 0.5m,0.77,IE_KAL,561.9,465.6,377,379,746,551,-33.958667,18.459818,122.2,0.0,080526182735.0,Mostly Clear,
2026-05-08 20:27:41,RPi_001,rpi_camera,1353,9,1,26.0,17.1,444,346,0.0444,0.0346,0.5,0.5,0.2500,0.5m x 0.5m,0.79,IE_KAL,561.5,465.5,377,379,745,551,-33.958667,18.459818,122.2,0.0,080526182735.0,Mostly Clear,
2026-05-08 20:27:41,RPi_001,rpi_camera,1354,9,1,26.0,17.1,444,343,0.0444,0.0343,0.5,0.5,0.2500,0.5m x 0.5m,0.80,IE_KAL,561.8,465.6,377,379,745,551,-33.958667,18.459818,122.2,0.0,080526182735.0,Mostly Clear,
2026-05-08 20:27:41,RPi_001,rpi_camera,1355,9,1,25.8,17.1,442,342,0.0442,0.0342,0.5,0.5,0.2500,0.5m x 0.5m,0.79,IE_KAL,561.7,465.7,377,379,745,551,-33.958667,18.459818,122.2,0.0,080526182735.0,Mostly Clear,
2026-05-08 20:27:41,RPi_001,rpi_camera,1356,9,1,25.8,16.8,434,339,0.0434,0.0339,0.5,0.5,0.2500,0.5m x 0.5m,0.79,IE_KAL,561.8,465.9,377,379,746,552,-33.958667,18.459818,122.2,0.0,080526182735.0,Mostly Clear,
2026-05-08 20:27:42,RPi_001,rpi_camera,1357,9,1,25.8,16.8,434,338,0.0434,0.0338,0.5,0.5,0.2500,0.5m x 0.5m,0.79,IE_KAL,562.1,465.9,377,379,746,552,-33.958667,18.459818,122.2,0.0,080526182735.0,Mostly Clear,
2026-05-08 20:27:42,RPi_001,rpi_camera,1358,9,1,25.8,16.8,434,339,0.0434,0.0339,0.5,0.5,0.2500,0.5m x 0.5m,0.79,IE_KAL,561.7,465.9,377,379,745,552,-33.958667,18.459818,122.2,0.0,080526182735.0,Mostly Clear,
2026-05-08 20:27:42,RPi_001,rpi_camera,1359,9,1,25.6,16.8,431,339,0.0431,0.0339,0.5,0.5,0.2500,0.5m x 0.5m,0.67,IE_KAL,561.6,465.8,377,379,745,551,-33.958667,18.459818,122.2,0.0,080526182735.0,Mostly Clear,
2026-05-08 20:27:42,RPi_001,rpi_camera,1360,9,1,25.5,16.8,429,337,0.0429,0.0337,0.5,0.5,0.2500,0.5m x 0.5m,0.68,IE_KAL,561.8,465.9,377,379,745,552,-33.958667,18.459818,122.2,0.0,080526182735.0,Mostly Clear,
2026-05-08 20:27:42,RPi_001,rpi_camera,1361,9,1,25.8,16.5,426,336,0.0426,0.0336,0.5,0.5,0.2500,0.5m x 0.5m,0.80,IE_KAL,561.5,466.2,377,379,745,552,-33.958667,18.459818,122.2,0.0,080526182735.0,Mostly Clear,
2026-05-08 20:27:42,RPi_001,rpi_camera,1362,9,1,25.6,16.4,419,330,0.0419,0.0330,0.5,0.5,0.2500,0.5m x 0.5m,0.67,IE_KAL,562.0,466.5,377,379,746,553,-33.958667,18.459818,122.2,0.0,080526182735.0,Mostly Clear,
2026-05-08 20:27:46,RPi_001,rpi_camera,1455,10,1,22.8,12.7,290,225,0.0290,0.0225,0.5,0.5,0.2500,0.5m x 0.5m,0.43,IE_KAL,636.8,648.8,372,440,901,719,-33.958667,18.459818,122.2,0.0,080526182740.0,Mostly Clear,/home/pi/pothole_crops_20260508_202627/pothole_track10.jpg
2026-05-08 20:27:46,RPi_001,rpi_camera,1456,10,1,23.0,12.7,292,228,0.0292,0.0228,0.5,0.5,0.2500,0.5m x 0.5m,0.54,IE_KAL,637.1,648.5,372,440,901,719,-33.958667,18.459818,122.2,0.0,080526182740.0,Mostly Clear,
2026-05-08 20:27:47,RPi_001,rpi_camera,1457,10,1,22.7,13.0,295,227,0.0295,0.0227,0.5,0.5,0.2500,0.5m x 0.5m,0.47,IE_KAL,636.2,648.5,372,440,900,719,-33.958667,18.459818,122.2,0.0,080526182740.0,Mostly Clear,
2026-05-08 20:27:47,RPi_001,rpi_camera,1458,10,1,22.9,12.8,294,227,0.0294,0.0227,0.5,0.5,0.2500,0.5m x 0.5m,0.50,IE_KAL,636.7,648.6,372,442,900,719,-33.958667,18.459818,122.2,0.0,080526182740.0,Mostly Clear,
2026-05-08 20:27:47,RPi_001,rpi_camera,1459,10,1,22.6,12.7,288,227,0.0288,0.0227,0.5,0.5,0.2500,0.5m x 0.5m,0.53,IE_KAL,635.8,648.3,371,441,899,719,-33.958667,18.459818,122.2,0.0,080526182740.0,Mostly Clear,
2026-05-08 20:27:47,RPi_001,rpi_camera,1460,10,1,22.7,12.7,289,223,0.0289,0.0223,0.5,0.5,0.2500,0.5m x 0.5m,0.52,IE_KAL,635.6,648.9,371,440,900,719,-33.958667,18.459818,122.2,0.0,080526182740.0,Mostly Clear,
2026-05-08 20:27:47,RPi_001,rpi_camera,1461,10,1,22.9,12.7,291,228,0.0291,0.0228,0.5,0.5,0.2500,0.5m x 0.5m,0.56,IE_KAL,636.5,648.6,372,442,900,719,-33.958667,18.459818,122.2,0.0,080526182740.0,Mostly Clear,
2026-05-08 20:27:47,RPi_001,rpi_camera,1462,10,1,22.8,12.7,290,228,0.0290,0.0228,0.5,0.5,0.2500,0.5m x 0.5m,0.56,IE_KAL,635.9,648.6,371,442,900,719,-33.958667,18.459818,122.2,0.0,080526182740.0,Mostly Clear,
2026-05-08 20:27:47,RPi_001,rpi_camera,1463,10,1,22.7,12.7,289,212,0.0289,0.0212,0.5,0.5,0.2500,0.5m x 0.5m,0.46,IE_KAL,629.1,650.0,364,443,893,719,-33.958667,18.459818,122.2,0.0,080526182740.0,Mostly Clear,
2026-05-08 20:27:47,RPi_001,rpi_camera,1464,10,1,22.6,12.7,286,214,0.0286,0.0214,0.5,0.5,0.2500,0.5m x 0.5m,0.43,IE_KAL,630.4,649.7,366,444,894,719,-33.958667,18.459818,122.2,0.0,080526182740.0,Mostly Clear,
2026-05-08 20:27:47,RPi_001,rpi_camera,1465,10,1,22.6,12.8,291,220,0.0291,0.0220,0.5,0.5,0.2500,0.5m x 0.5m,0.43,IE_KAL,634.6,648.6,370,442,898,719,-33.958667,18.459818,122.2,0.0,080526182740.0,Mostly Clear,
2026-05-08 20:27:47,RPi_001,rpi_camera,1466,10,1,22.6,12.7,288,214,0.0288,0.0214,0.5,0.5,0.2500,0.5m x 0.5m,0.45,IE_KAL,629.6,650.0,365,443,893,719,-33.958667,18.459818,122.2,0.0,080526182740.0,Mostly Clear,
2026-05-08 20:27:47,RPi_001,rpi_camera,1467,10,1,23.1,12.8,297,229,0.0297,0.0229,0.5,0.5,0.2500,0.5m x 0.5m,0.45,IE_KAL,636.5,648.4,372,442,900,719,-33.958667,18.459818,122.2,0.0,080526182740.0,Mostly Clear,
2026-05-08 20:27:47,RPi_001,rpi_camera,1468,10,1,23.0,12.8,295,228,0.0295,0.0228,0.5,0.5,0.2500,0.5m x 0.5m,0.37,IE_KAL,636.1,648.6,371,442,900,719,-33.958667,18.459818,122.2,0.0,080526182740.0,Mostly Clear,
2026-05-08 20:27:47,RPi_001,rpi_camera,1469,10,1,23.0,13.0,299,228,0.0299,0.0228,0.5,0.5,0.2500,0.5m x 0.5m,0.40,IE_KAL,635.6,648.3,371,441,899,719,-33.958667,18.459818,122.2,0.0,080526182740.0,Mostly Clear,
2026-05-08 20:27:47,RPi_001,rpi_camera,1470,10,1,23.0,12.8,295,229,0.0295,0.0229,0.5,0.5,0.2500,0.5m x 0.5m,0.46,IE_KAL,635.7,648.2,371,441,899,719,-33.958667,18.459818,122.2,0.0,080526182740.0,Mostly Clear,
2026-05-08 20:27:48,RPi_001,rpi_camera,1474,10,1,23.0,12.8,295,229,0.0295,0.0229,0.5,0.5,0.2500,0.5m x 0.5m,0.39,IE_KAL,636.3,648.4,372,442,900,719,-33.958667,18.459818,122.2,0.0,080526182740.0,Mostly Clear,
2026-05-08 20:27:48,RPi_001,rpi_camera,1475,10,1,23.2,13.0,301,230,0.0301,0.0230,0.5,0.5,0.2500,0.5m x 0.5m,0.45,IE_KAL,636.7,648.2,372,440,900,719,-33.958667,18.459818,122.2,0.0,080526182740.0,Mostly Clear,
2026-05-08 20:27:48,RPi_001,rpi_camera,1476,10,1,23.3,12.7,297,231,0.0297,0.0231,0.5,0.5,0.2500,0.5m x 0.5m,0.43,IE_KAL,637.4,648.5,372,440,901,719,-33.958667,18.459818,122.2,0.0,080526182740.0,Mostly Clear,
2026-05-08 20:27:48,RPi_001,rpi_camera,1477,10,1,23.4,13.0,303,231,0.0303,0.0231,0.5,0.5,0.2500,0.5m x 0.5m,0.38,IE_KAL,637.1,648.3,372,440,901,719,-33.958667,18.459818,122.2,0.0,080526182740.0,Mostly Clear,
2026-05-08 20:27:48,RPi_001,rpi_camera,1478,10,1,23.4,12.9,301,232,0.0301,0.0232,0.5,0.5,0.2500,0.5m x 0.5m,0.42,IE_KAL,637.7,648.2,373,440,901,719,-33.958667,18.459818,122.2,0.0,080526182740.0,Mostly Clear,
2026-05-08 20:27:48,RPi_001,rpi_camera,1479,10,1,23.4,13.0,303,235,0.0303,0.0235,0.5,0.5,0.2500,0.5m x 0.5m,0.39,IE_KAL,638.1,647.9,374,441,901,719,-33.958667,18.459818,122.2,0.0,080526182740.0,Mostly Clear,
2026-05-08 20:27:48,RPi_001,rpi_camera,1480,10,1,23.3,12.8,299,234,0.0299,0.0234,0.5,0.5,0.2500,0.5m x 0.5m,0.42,IE_KAL,637.9,648.1,373,441,902,719,-33.958667,18.459818,122.2,0.0,080526182740.0,Mostly Clear,
2026-05-08 20:27:48,RPi_001,rpi_camera,1481,10,1,23.5,12.7,299,234,0.0299,0.0234,0.5,0.5,0.2500,0.5m x 0.5m,0.42,IE_KAL,637.7,648.3,373,441,901,719,-33.958667,18.459818,122.2,0.0,080526182740.0,Mostly Clear,
2026-05-08 20:27:48,RPi_001,rpi_camera,1482,10,1,23.6,12.9,303,234,0.0303,0.0234,0.5,0.5,0.2500,0.5m x 0.5m,0.46,IE_KAL,637.7,648.1,373,440,901,719,-33.958667,18.459818,122.2,0.0,080526182740.0,Mostly Clear,
2026-05-08 20:27:48,RPi_001,rpi_camera,1483,10,1,23.6,12.8,303,235,0.0303,0.0235,0.5,0.5,0.2500,0.5m x 0.5m,0.50,IE_KAL,637.5,648.1,373,441,901,719,-33.958667,18.459818,122.2,0.0,080526182740.0,Mostly Clear,
2026-05-08 20:27:48,RPi_001,rpi_camera,1484,10,1,23.4,12.9,301,234,0.0301,0.0234,0.5,0.5,0.2500,0.5m x 0.5m,0.49,IE_KAL,637.7,648.3,373,440,901,719,-33.958667,18.459818,122.2,0.0,080526182740.0,Mostly Clear,
2026-05-08 20:27:48,RPi_001,rpi_camera,1485,10,1,23.4,12.9,301,234,0.0301,0.0234,0.5,0.5,0.2500,0.5m x 0.5m,0.46,IE_KAL,637.5,648.1,373,440,901,719,-33.958667,18.459818,122.2,0.0,080526182740.0,Mostly Clear,
2026-05-08 20:27:48,RPi_001,rpi_camera,1486,10,1,23.5,12.9,302,234,0.0302,0.0234,0.5,0.5,0.2500,0.5m x 0.5m,0.52,IE_KAL,637.5,648.1,373,440,901,719,-33.958667,18.459818,122.2,0.0,080526182740.0,Mostly Clear,
2026-05-08 20:27:48,RPi_001,rpi_camera,1487,10,1,23.4,12.9,301,233,0.0301,0.0233,0.5,0.5,0.2500,0.5m x 0.5m,0.51,IE_KAL,637.6,648.2,373,440,901,719,-33.958667,18.459818,122.2,0.0,080526182740.0,Mostly Clear,
2026-05-08 20:27:48,RPi_001,rpi_camera,1488,10,1,23.4,12.9,301,233,0.0301,0.0233,0.5,0.5,0.2500,0.5m x 0.5m,0.52,IE_KAL,637.5,648.2,373,440,901,719,-33.958667,18.459818,122.2,0.0,080526182740.0,Mostly Clear,
2026-05-08 20:27:48,RPi_001,rpi_camera,1489,10,1,23.5,12.9,302,234,0.0302,0.0234,0.5,0.5,0.2500,0.5m x 0.5m,0.53,IE_KAL,638.0,648.1,373,440,902,719,-33.958667,18.459818,122.2,0.0,080526182745.0,Mostly Clear,
2026-05-08 20:27:48,RPi_001,rpi_camera,1490,10,1,23.5,13.0,305,234,0.0305,0.0234,0.5,0.5,0.2500,0.5m x 0.5m,0.51,IE_KAL,637.4,648.1,373,440,901,719,-33.958667,18.459818,122.2,0.0,080526182745.0,Mostly Clear,
2026-05-08 20:27:48,RPi_001,rpi_camera,1491,10,1,23.4,12.9,301,232,0.0301,0.0232,0.5,0.5,0.2500,0.5m x 0.5m,0.45,IE_KAL,637.2,648.4,373,440,901,719,-33.958667,18.459818,122.2,0.0,080526182745.0,Mostly Clear,
2026-05-08 20:27:48,RPi_001,rpi_camera,1492,10,1,23.6,12.9,303,234,0.0303,0.0234,0.5,0.5,0.2500,0.5m x 0.5m,0.52,IE_KAL,637.4,648.3,373,440,901,719,-33.958667,18.459818,122.2,0.0,080526182745.0,Mostly Clear,
2026-05-08 20:27:49,RPi_001,rpi_camera,1493,10,1,23.5,12.9,302,234,0.0302,0.0234,0.5,0.5,0.2500,0.5m x 0.5m,0.53,IE_KAL,637.6,648.2,373,440,901,719,-33.958667,18.459818,122.2,0.0,080526182745.0,Mostly Clear,
2026-05-08 20:27:49,RPi_001,rpi_camera,1494,10,1,23.4,12.9,301,233,0.0301,0.0233,0.5,0.5,0.2500,0.5m x 0.5m,0.45,IE_KAL,637.3,648.3,373,440,901,719,-33.958667,18.459818,122.2,0.0,080526182745.0,Mostly Clear,
2026-05-08 20:27:49,RPi_001,rpi_camera,1495,10,1,23.2,12.9,298,231,0.0298,0.0231,0.5,0.5,0.2500,0.5m x 0.5m,0.47,IE_KAL,636.7,648.4,372,440,900,719,-33.958667,18.459818,122.2,0.0,080526182745.0,Mostly Clear,
2026-05-08 20:27:49,RPi_001,rpi_camera,1496,10,1,23.4,12.9,301,233,0.0301,0.0233,0.5,0.5,0.2500,0.5m x 0.5m,0.46,IE_KAL,637.3,648.2,373,440,901,719,-33.958667,18.459818,122.2,0.0,080526182745.0,Mostly Clear,
2026-05-08 20:27:49,RPi_001,rpi_camera,1497,10,1,23.4,12.9,301,234,0.0301,0.0234,0.5,0.5,0.2500,0.5m x 0.5m,0.45,IE_KAL,637.2,648.2,373,440,901,719,-33.958667,18.459818,122.2,0.0,080526182745.0,Mostly Clear,
2026-05-08 20:27:49,RPi_001,rpi_camera,1498,10,1,23.5,12.9,302,234,0.0302,0.0234,0.5,0.5,0.2500,0.5m x 0.5m,0.51,IE_KAL,637.4,648.2,373,440,901,719,-33.958667,18.459818,122.2,0.0,080526182745.0,Mostly Clear,
2026-05-08 20:27:49,RPi_001,rpi_camera,1499,10,1,23.4,12.9,301,233,0.0301,0.0233,0.5,0.5,0.2500,0.5m x 0.5m,0.45,IE_KAL,637.2,648.3,373,440,901,719,-33.958667,18.459818,122.2,0.0,080526182745.0,Mostly Clear,
2026-05-08 20:27:49,RPi_001,rpi_camera,1500,10,1,23.3,12.8,299,233,0.0299,0.0233,0.5,0.5,0.2500,0.5m x 0.5m,0.46,IE_KAL,637.5,648.2,373,441,901,719,-33.958667,18.459818,122.2,0.0,080526182745.0,Mostly Clear,
2026-05-08 20:27:49,RPi_001,rpi_camera,1501,10,1,23.3,12.7,297,230,0.0297,0.0230,0.5,0.5,0.2500,0.5m x 0.5m,0.43,IE_KAL,637.0,648.6,372,440,901,719,-33.958667,18.459818,122.2,0.0,080526182745.0,Mostly Clear,
2026-05-08 20:27:49,RPi_001,rpi_camera,1502,10,1,23.4,12.8,300,233,0.0300,0.0233,0.5,0.5,0.2500,0.5m x 0.5m,0.43,IE_KAL,637.1,648.2,372,441,901,719,-33.958667,18.459818,122.2,0.0,080526182745.0,Mostly Clear,
2026-05-08 20:27:49,RPi_001,rpi_camera,1503,10,1,23.4,12.9,301,233,0.0301,0.0233,0.5,0.5,0.2500,0.5m x 0.5m,0.45,IE_KAL,637.5,648.2,373,440,901,719,-33.958667,18.459818,122.2,0.0,080526182745.0,Mostly Clear,
2026-05-08 20:27:49,RPi_001,rpi_camera,1504,10,1,23.4,13.0,303,233,0.0303,0.0233,0.5,0.5,0.2500,0.5m x 0.5m,0.43,IE_KAL,637.4,648.1,373,440,901,719,-33.958667,18.459818,122.2,0.0,080526182745.0,Mostly Clear,
2026-05-08 20:27:49,RPi_001,rpi_camera,1505,10,1,23.3,13.0,302,234,0.0302,0.0234,0.5,0.5,0.2500,0.5m x 0.5m,0.45,IE_KAL,638.0,647.9,374,441,901,719,-33.958667,18.459818,122.2,0.0,080526182745.0,Mostly Clear,
2026-05-08 20:27:49,RPi_001,rpi_camera,1506,10,1,23.4,13.0,303,233,0.0303,0.0233,0.5,0.5,0.2500,0.5m x 0.5m,0.42,IE_KAL,637.3,648.2,373,440,901,719,-33.958667,18.459818,122.2,0.0,080526182745.0,Mostly Clear,
2026-05-08 20:27:49,RPi_001,rpi_camera,1507,10,1,23.0,12.8,295,230,0.0295,0.0230,0.5,0.5,0.2500,0.5m x 0.5m,0.42,IE_KAL,636.4,648.2,372,441,900,719,-33.958667,18.459818,122.2,0.0,080526182745.0,Mostly Clear,
2026-05-08 20:27:49,RPi_001,rpi_camera,1508,10,1,23.3,12.9,299,233,0.0299,0.0233,0.5,0.5,0.2500,0.5m x 0.5m,0.46,IE_KAL,637.6,648.2,373,440,901,719,-33.958667,18.459818,122.2,0.0,080526182745.0,Mostly Clear,
2026-05-08 20:27:50,RPi_001,rpi_camera,1509,10,1,23.4,12.9,301,232,0.0301,0.0232,0.5,0.5,0.2500,0.5m x 0.5m,0.43,IE_KAL,637.2,648.2,373,440,901,719,-33.958667,18.459818,122.2,0.0,080526182745.0,Mostly Clear,
2026-05-08 20:27:50,RPi_001,rpi_camera,1510,10,1,23.4,12.8,300,233,0.0300,0.0233,0.5,0.5,0.2500,0.5m x 0.5m,0.45,IE_KAL,637.1,648.1,372,441,901,719,-33.958667,18.459818,122.2,0.0,080526182745.0,Mostly Clear,
2026-05-08 20:27:50,RPi_001,rpi_camera,1511,10,1,23.4,12.9,301,233,0.0301,0.0233,0.5,0.5,0.2500,0.5m x 0.5m,0.49,IE_KAL,637.4,648.2,373,440,901,719,-33.958667,18.459818,122.2,0.0,080526182745.0,Mostly Clear,
2026-05-08 20:27:50,RPi_001,rpi_camera,1512,10,1,23.4,13.0,303,234,0.0303,0.0234,0.5,0.5,0.2500,0.5m x 0.5m,0.46,IE_KAL,637.1,647.9,373,441,900,719,-33.958667,18.459818,122.2,0.0,080526182745.0,Mostly Clear,
2026-05-08 20:27:50,RPi_001,rpi_camera,1513,10,1,23.4,12.8,300,234,0.0300,0.0234,0.5,0.5,0.2500,0.5m x 0.5m,0.48,IE_KAL,637.5,648.1,373,441,901,719,-33.958667,18.459818,122.2,0.0,080526182745.0,Mostly Clear,
2026-05-08 20:27:50,RPi_001,rpi_camera,1514,10,1,23.3,12.9,299,232,0.0299,0.0232,0.5,0.5,0.2500,0.5m x 0.5m,0.45,IE_KAL,637.0,648.3,372,440,901,719,-33.958667,18.459818,122.2,0.0,080526182745.0,Mostly Clear,
2026-05-08 20:27:50,RPi_001,rpi_camera,1515,10,1,23.4,12.9,301,233,0.0301,0.0233,0.5,0.5,0.2500,0.5m x 0.5m,0.47,IE_KAL,637.4,648.1,373,440,901,719,-33.958667,18.459818,122.2,0.0,080526182745.0,Mostly Clear,
2026-05-08 20:27:50,RPi_001,rpi_camera,1516,10,1,23.4,12.8,300,236,0.0300,0.0236,0.5,0.5,0.2500,0.5m x 0.5m,0.45,IE_KAL,637.9,648.0,373,441,902,719,-33.958667,18.459818,122.2,0.0,080526182745.0,Mostly Clear,
2026-05-08 20:27:50,RPi_001,rpi_camera,1517,10,1,23.6,12.9,303,235,0.0303,0.0235,0.5,0.5,0.2500,0.5m x 0.5m,0.49,IE_KAL,637.8,648.1,373,439,901,719,-33.958667,18.459818,122.2,0.0,080526182745.0,Mostly Clear,
2026-05-08 20:27:50,RPi_001,rpi_camera,1518,10,1,23.4,13.0,303,233,0.0303,0.0233,0.5,0.5,0.2500,0.5m x 0.5m,0.43,IE_KAL,637.0,648.2,372,440,901,719,-33.958667,18.459818,122.2,0.0,080526182745.0,Mostly Clear,
2026-05-08 20:27:50,RPi_001,rpi_camera,1519,10,1,23.5,12.9,302,232,0.0302,0.0232,0.5,0.5,0.2500,0.5m x 0.5m,0.45,IE_KAL,637.4,648.4,373,440,901,719,-33.958667,18.459818,122.2,0.0,080526182745.0,Mostly Clear,
2026-05-08 20:27:50,RPi_001,rpi_camera,1520,10,1,23.4,12.9,301,233,0.0301,0.0233,0.5,0.5,0.2500,0.5m x 0.5m,0.43,IE_KAL,637.2,648.3,372,440,901,719,-33.958667,18.459818,122.2,0.0,080526182745.0,Mostly Clear,
2026-05-08 20:27:50,RPi_001,rpi_camera,1521,10,1,23.4,12.9,301,232,0.0301,0.0232,0.5,0.5,0.2500,0.5m x 0.5m,0.46,IE_KAL,637.4,648.2,373,440,901,719,-33.958667,18.459818,122.2,0.0,080526182745.0,Mostly Clear,
2026-05-08 20:27:50,RPi_001,rpi_camera,1522,10,1,23.5,13.0,305,235,0.0305,0.0235,0.5,0.5,0.2500,0.5m x 0.5m,0.47,IE_KAL,637.7,648.0,373,439,901,719,-33.958667,18.459818,122.2,0.0,080526182745.0,Mostly Clear,
2026-05-08 20:27:50,RPi_001,rpi_camera,1523,10,1,23.5,13.0,305,237,0.0305,0.0237,0.5,0.5,0.2500,0.5m x 0.5m,0.46,IE_KAL,637.5,647.8,373,441,901,719,-33.958667,18.459818,122.2,0.0,080526182745.0,Mostly Clear,
2026-05-08 20:27:50,RPi_001,rpi_camera,1524,10,1,23.6,13.0,306,235,0.0306,0.0235,0.5,0.5,0.2500,0.5m x 0.5m,0.45,IE_KAL,637.2,648.0,373,439,901,719,-33.958667,18.459818,122.2,0.0,080526182745.0,Mostly Clear,
2026-05-08 20:27:50,RPi_001,rpi_camera,1525,10,1,23.2,13.0,301,235,0.0301,0.0235,0.5,0.5,0.2500,0.5m x 0.5m,0.46,IE_KAL,637.9,647.8,374,441,901,719,-33.958667,18.459818,122.2,0.0,080526182745.0,Mostly Clear,
2026-05-08 20:27:50,RPi_001,rpi_camera,1526,10,1,23.4,12.9,301,233,0.0301,0.0233,0.5,0.5,0.2500,0.5m x 0.5m,0.45,IE_KAL,637.3,648.1,373,440,901,719,-33.958667,18.459818,122.2,0.0,080526182745.0,Mostly Clear,
2026-05-08 20:27:50,RPi_001,rpi_camera,1527,10,1,23.6,12.8,303,236,0.0303,0.0236,0.5,0.5,0.2500,0.5m x 0.5m,0.45,IE_KAL,637.5,647.9,373,441,901,719,-33.958667,18.459818,122.2,0.0,080526182745.0,Mostly Clear,
2026-05-08 20:27:50,RPi_001,rpi_camera,1528,10,1,23.4,12.8,300,234,0.0300,0.0234,0.5,0.5,0.2500,0.5m x 0.5m,0.46,IE_KAL,637.5,648.0,373,441,901,719,-33.958667,18.459818,122.2,0.0,080526182745.0,Mostly Clear,
2026-05-08 20:27:51,RPi_001,rpi_camera,1529,10,1,23.5,12.9,302,233,0.0302,0.0233,0.5,0.5,0.2500,0.5m x 0.5m,0.45,IE_KAL,637.5,648.2,373,440,901,719,-33.958667,18.459818,122.2,0.0,080526182745.0,Mostly Clear,
2026-05-08 20:27:51,RPi_001,rpi_camera,1530,10,1,23.5,12.9,302,234,0.0302,0.0234,0.5,0.5,0.2500,0.5m x 0.5m,0.51,IE_KAL,637.3,648.2,373,440,901,719,-33.958667,18.459818,122.2,0.0,080526182745.0,Mostly Clear,
