timestamp,device_id,source,frame_id,track_id,n_potholes_in_group,width_cm,height_cm,box_area_cm2,pixel_area_cm2,box_area_m2,pixel_area_m2,repair_box_w_m,repair_box_h_m,repair_box_area_m2,repair_label,confidence,method,centroid_u,centroid_v,repair_box_x1,repair_box_y1,repair_box_x2,repair_box_y2,gps_lat,gps_lon,alt_m,speed_km,gps_utc,weather,image_file
2026-05-15 13:33:29,RPi_001,rpi_camera,297,1,1,23.7,13.9,328,261,0.0328,0.0261,0.5,0.5,0.2500,0.5m x 0.5m,0.39,IE_KAL,778.8,1003.0,503,786,1054,1079,,,,,,Mostly Sunny,/home/pi/pothole_crops_20260515_133308/pothole_track1.jpg
2026-05-15 13:33:29,RPi_001,rpi_camera,298,1,1,24.1,13.9,336,269,0.0336,0.0269,0.5,0.5,0.2500,0.5m x 0.5m,0.51,IE_KAL,780.8,1001.1,506,789,1054,1079,,,,,,Mostly Sunny,
2026-05-15 13:33:29,RPi_001,rpi_camera,299,1,1,23.9,13.9,331,267,0.0331,0.0267,0.5,0.5,0.2500,0.5m x 0.5m,0.50,IE_KAL,780.3,1001.7,505,789,1054,1079,,,,,,Mostly Sunny,
2026-05-15 13:33:29,RPi_001,rpi_camera,300,1,1,23.8,13.9,332,261,0.0332,0.0261,0.5,0.5,0.2500,0.5m x 0.5m,0.49,IE_KAL,779.9,1002.7,504,787,1055,1079,,,,,,Mostly Sunny,
2026-05-15 13:33:29,RPi_001,rpi_camera,301,1,1,24.1,13.8,333,263,0.0333,0.0263,0.5,0.5,0.2500,0.5m x 0.5m,0.50,IE_KAL,779.4,1002.8,504,787,1054,1079,,,,,,Mostly Sunny,
2026-05-15 13:33:29,RPi_001,rpi_camera,302,1,1,24.2,13.8,334,270,0.0334,0.0270,0.5,0.5,0.2500,0.5m x 0.5m,0.51,IE_KAL,780.5,1001.2,506,789,1054,1079,,,,,,Mostly Sunny,
2026-05-15 13:33:29,RPi_001,rpi_camera,303,1,1,23.9,13.9,331,266,0.0331,0.0266,0.5,0.5,0.2500,0.5m x 0.5m,0.51,IE_KAL,779.9,1001.7,505,789,1054,1079,,,,,,Mostly Sunny,
2026-05-15 13:33:29,RPi_001,rpi_camera,304,1,1,24.1,13.8,333,266,0.0333,0.0266,0.5,0.5,0.2500,0.5m x 0.5m,0.50,IE_KAL,780.4,1001.7,506,790,1054,1079,,,,,,Mostly Sunny,
2026-05-15 13:33:29,RPi_001,rpi_camera,305,1,1,24.2,13.8,334,269,0.0334,0.0269,0.5,0.5,0.2500,0.5m x 0.5m,0.47,IE_KAL,781.1,1001.4,507,789,1055,1079,,,,,,Mostly Sunny,
2026-05-15 13:33:29,RPi_001,rpi_camera,306,1,1,24.1,13.9,335,269,0.0335,0.0269,0.5,0.5,0.2500,0.5m x 0.5m,0.44,IE_KAL,780.7,1001.5,506,788,1055,1079,,,,,,Mostly Sunny,
2026-05-15 13:33:29,RPi_001,rpi_camera,307,1,1,23.8,13.8,329,261,0.0329,0.0261,0.5,0.5,0.2500,0.5m x 0.5m,0.45,IE_KAL,779.4,1002.7,504,787,1054,1079,,,,,,Mostly Sunny,
2026-05-15 13:33:29,RPi_001,rpi_camera,308,1,1,24.1,13.9,336,268,0.0336,0.0268,0.5,0.5,0.2500,0.5m x 0.5m,0.39,IE_KAL,779.9,1002.0,505,788,1054,1079,,,,,,Mostly Sunny,
2026-05-15 13:33:29,RPi_001,rpi_camera,309,1,1,23.9,13.9,332,263,0.0332,0.0263,0.5,0.5,0.2500,0.5m x 0.5m,0.49,IE_KAL,779.2,1002.6,504,788,1053,1079,,,,,,Mostly Sunny,
2026-05-15 13:33:29,RPi_001,rpi_camera,310,1,1,24.0,13.9,333,266,0.0333,0.0266,0.5,0.5,0.2500,0.5m x 0.5m,0.55,IE_KAL,779.8,1001.8,505,789,1054,1079,,,,,,Mostly Sunny,
2026-05-15 13:33:29,RPi_001,rpi_camera,311,1,1,24.0,13.8,332,265,0.0332,0.0265,0.5,0.5,0.2500,0.5m x 0.5m,0.55,IE_KAL,779.9,1001.7,505,790,1053,1079,,,,,,Mostly Sunny,
2026-05-15 13:33:29,RPi_001,rpi_camera,312,1,1,24.1,13.8,333,267,0.0333,0.0267,0.5,0.5,0.2500,0.5m x 0.5m,0.52,IE_KAL,780.4,1001.8,506,790,1054,1079,,,,,,Mostly Sunny,
2026-05-15 13:33:30,RPi_001,rpi_camera,313,1,1,23.9,13.8,330,266,0.0330,0.0266,0.5,0.5,0.2500,0.5m x 0.5m,0.56,IE_KAL,780.6,1001.7,506,790,1054,1079,,,,,,Mostly Sunny,
2026-05-15 13:33:30,RPi_001,rpi_camera,314,1,1,24.1,13.9,335,265,0.0335,0.0265,0.5,0.5,0.2500,0.5m x 0.5m,0.53,IE_KAL,780.1,1001.9,505,789,1054,1079,,,,,,Mostly Sunny,
2026-05-15 13:33:30,RPi_001,rpi_camera,315,1,1,23.8,13.8,328,261,0.0328,0.0261,0.5,0.5,0.2500,0.5m x 0.5m,0.51,IE_KAL,779.7,1002.6,504,788,1054,1079,,,,,,Mostly Sunny,
2026-05-15 13:33:30,RPi_001,rpi_camera,316,1,1,24.0,13.7,329,263,0.0329,0.0263,0.5,0.5,0.2500,0.5m x 0.5m,0.51,IE_KAL,780.1,1002.5,505,788,1054,1079,,,,,,Mostly Sunny,
2026-05-15 13:33:30,RPi_001,rpi_camera,317,1,1,23.9,13.8,330,265,0.0330,0.0265,0.5,0.5,0.2500,0.5m x 0.5m,0.52,IE_KAL,779.9,1001.6,505,789,1053,1079,,,,,,Mostly Sunny,
2026-05-15 13:33:30,RPi_001,rpi_camera,318,1,1,23.8,13.7,327,262,0.0327,0.0262,0.5,0.5,0.2500,0.5m x 0.5m,0.51,IE_KAL,779.6,1002.5,504,788,1054,1079,,,,,,Mostly Sunny,
2026-05-15 13:33:30,RPi_001,rpi_camera,319,1,1,24.1,13.8,333,266,0.0333,0.0266,0.5,0.5,0.2500,0.5m x 0.5m,0.52,IE_KAL,780.4,1001.6,506,789,1054,1079,,,,,,Mostly Sunny,
2026-05-15 13:33:30,RPi_001,rpi_camera,320,1,1,23.8,13.7,327,264,0.0327,0.0264,0.5,0.5,0.2500,0.5m x 0.5m,0.51,IE_KAL,779.7,1002.5,504,788,1054,1079,,,,,,Mostly Sunny,
2026-05-15 13:33:30,RPi_001,rpi_camera,321,1,1,23.6,13.8,325,261,0.0325,0.0261,0.5,0.5,0.2500,0.5m x 0.5m,0.51,IE_KAL,779.2,1002.8,504,788,1054,1079,,,,,,Mostly Sunny,
2026-05-15 13:33:30,RPi_001,rpi_camera,322,1,1,23.8,13.7,327,262,0.0327,0.0262,0.5,0.5,0.2500,0.5m x 0.5m,0.51,IE_KAL,779.8,1002.4,505,788,1054,1079,,,,,,Mostly Sunny,
2026-05-15 13:33:30,RPi_001,rpi_camera,323,1,1,23.8,13.8,328,262,0.0328,0.0262,0.5,0.5,0.2500,0.5m x 0.5m,0.49,IE_KAL,779.8,1002.6,504,788,1054,1079,,,,,,Mostly Sunny,
2026-05-15 13:33:30,RPi_001,rpi_camera,324,1,1,24.1,13.9,334,265,0.0334,0.0265,0.5,0.5,0.2500,0.5m x 0.5m,0.50,IE_KAL,780.4,1001.9,506,789,1054,1079,,,,,,Mostly Sunny,
2026-05-15 13:33:31,RPi_001,rpi_camera,325,1,1,23.8,13.8,329,262,0.0329,0.0262,0.5,0.5,0.2500,0.5m x 0.5m,0.47,IE_KAL,779.6,1002.3,504,788,1054,1079,,,,,,Mostly Sunny,
2026-05-15 13:33:31,RPi_001,rpi_camera,326,1,1,24.0,13.8,332,266,0.0332,0.0266,0.5,0.5,0.2500,0.5m x 0.5m,0.48,IE_KAL,779.8,1001.6,505,789,1053,1079,,,,,,Mostly Sunny,
2026-05-15 13:33:31,RPi_001,rpi_camera,327,1,1,24.1,13.9,334,264,0.0334,0.0264,0.5,0.5,0.2500,0.5m x 0.5m,0.51,IE_KAL,780.2,1001.9,505,789,1054,1079,,,,,,Mostly Sunny,
2026-05-15 13:33:31,RPi_001,rpi_camera,328,1,1,23.8,13.9,331,263,0.0331,0.0263,0.5,0.5,0.2500,0.5m x 0.5m,0.47,IE_KAL,779.7,1002.5,504,788,1054,1079,,,,,,Mostly Sunny,
2026-05-15 13:33:31,RPi_001,rpi_camera,329,1,1,23.8,13.8,329,263,0.0329,0.0263,0.5,0.5,0.2500,0.5m x 0.5m,0.47,IE_KAL,779.6,1002.2,504,788,1054,1079,,,,,,Mostly Sunny,
2026-05-15 13:33:31,RPi_001,rpi_camera,330,1,1,24.1,13.8,333,266,0.0333,0.0266,0.5,0.5,0.2500,0.5m x 0.5m,0.51,IE_KAL,780.4,1001.5,506,789,1054,1079,,,,,,Mostly Sunny,
2026-05-15 13:33:31,RPi_001,rpi_camera,331,1,1,23.8,13.8,328,261,0.0328,0.0261,0.5,0.5,0.2500,0.5m x 0.5m,0.49,IE_KAL,779.6,1002.7,504,788,1054,1079,,,,,,Mostly Sunny,
2026-05-15 13:33:31,RPi_001,rpi_camera,332,1,1,23.9,13.8,330,265,0.0330,0.0265,0.5,0.5,0.2500,0.5m x 0.5m,0.50,IE_KAL,780.1,1001.6,506,789,1054,1079,,,,,,Mostly Sunny,
2026-05-15 13:33:31,RPi_001,rpi_camera,333,1,1,24.2,13.8,334,267,0.0334,0.0267,0.5,0.5,0.2500,0.5m x 0.5m,0.50,IE_KAL,780.0,1001.4,506,789,1053,1079,,,,,,Mostly Sunny,
2026-05-15 13:33:31,RPi_001,rpi_camera,334,1,1,23.9,13.9,331,267,0.0331,0.0267,0.5,0.5,0.2500,0.5m x 0.5m,0.47,IE_KAL,780.3,1001.6,505,789,1054,1079,,,,,,Mostly Sunny,
2026-05-15 13:33:31,RPi_001,rpi_camera,335,1,1,24.1,13.9,334,267,0.0334,0.0267,0.5,0.5,0.2500,0.5m x 0.5m,0.49,IE_KAL,780.6,1001.5,506,788,1054,1079,,,,,,Mostly Sunny,
2026-05-15 13:33:31,RPi_001,rpi_camera,336,1,1,23.8,13.7,327,262,0.0327,0.0262,0.5,0.5,0.2500,0.5m x 0.5m,0.49,IE_KAL,779.9,1002.4,505,788,1054,1079,,,,,,Mostly Sunny,
2026-05-15 13:33:31,RPi_001,rpi_camera,337,1,1,24.2,13.8,334,267,0.0334,0.0267,0.5,0.5,0.2500,0.5m x 0.5m,0.51,IE_KAL,780.0,1001.5,506,789,1053,1079,,,,,,Mostly Sunny,
2026-05-15 13:33:31,RPi_001,rpi_camera,338,1,1,24.1,13.8,332,265,0.0332,0.0265,0.5,0.5,0.2500,0.5m x 0.5m,0.48,IE_KAL,780.1,1001.4,506,790,1054,1079,,,,,,Mostly Sunny,
2026-05-15 13:33:31,RPi_001,rpi_camera,339,1,1,23.9,13.9,333,267,0.0333,0.0267,0.5,0.5,0.2500,0.5m x 0.5m,0.51,IE_KAL,780.4,1001.1,506,789,1054,1079,,,,,,Mostly Sunny,
2026-05-15 13:33:31,RPi_001,rpi_camera,340,1,1,23.9,13.8,330,265,0.0330,0.0265,0.5,0.5,0.2500,0.5m x 0.5m,0.53,IE_KAL,780.1,1001.5,506,789,1054,1079,,,,,,Mostly Sunny,
2026-05-15 13:33:32,RPi_001,rpi_camera,341,1,1,23.6,13.8,325,261,0.0325,0.0261,0.5,0.5,0.2500,0.5m x 0.5m,0.48,IE_KAL,779.2,1002.7,504,788,1054,1079,,,,,,Mostly Sunny,
2026-05-15 13:33:32,RPi_001,rpi_camera,342,1,1,23.8,13.7,327,263,0.0327,0.0263,0.5,0.5,0.2500,0.5m x 0.5m,0.49,IE_KAL,779.8,1002.3,505,788,1054,1079,,,,,,Mostly Sunny,
2026-05-15 13:33:32,RPi_001,rpi_camera,343,1,1,24.1,13.8,333,266,0.0333,0.0266,0.5,0.5,0.2500,0.5m x 0.5m,0.51,IE_KAL,780.3,1001.6,506,789,1054,1079,,,,,,Mostly Sunny,
2026-05-15 13:33:32,RPi_001,rpi_camera,344,1,1,24.1,13.8,333,266,0.0333,0.0266,0.5,0.5,0.2500,0.5m x 0.5m,0.52,IE_KAL,780.4,1001.7,506,790,1054,1079,,,,,,Mostly Sunny,
2026-05-15 13:33:32,RPi_001,rpi_camera,345,1,1,23.8,13.6,323,260,0.0323,0.0260,0.5,0.5,0.2500,0.5m x 0.5m,0.50,IE_KAL,779.7,1002.5,504,788,1054,1079,,,,,,Mostly Sunny,
2026-05-15 13:33:32,RPi_001,rpi_camera,346,1,1,24.1,13.8,333,265,0.0333,0.0265,0.5,0.5,0.2500,0.5m x 0.5m,0.53,IE_KAL,780.5,1001.5,506,789,1054,1079,,,,,,Mostly Sunny,
2026-05-15 13:33:32,RPi_001,rpi_camera,347,1,1,24.1,13.8,333,265,0.0333,0.0265,0.5,0.5,0.2500,0.5m x 0.5m,0.52,IE_KAL,780.2,1001.5,506,789,1054,1079,,,,,,Mostly Sunny,
2026-05-15 13:33:32,RPi_001,rpi_camera,348,1,1,23.7,13.7,324,262,0.0324,0.0262,0.5,0.5,0.2500,0.5m x 0.5m,0.51,IE_KAL,779.3,1002.4,504,788,1054,1079,,,,,,Mostly Sunny,
2026-05-15 13:33:32,RPi_001,rpi_camera,349,1,1,24.2,13.8,334,267,0.0334,0.0267,0.5,0.5,0.2500,0.5m x 0.5m,0.49,IE_KAL,780.0,1001.7,506,790,1054,1079,,,,,,Mostly Sunny,
2026-05-15 13:33:32,RPi_001,rpi_camera,350,1,1,23.9,13.8,330,264,0.0330,0.0264,0.5,0.5,0.2500,0.5m x 0.5m,0.52,IE_KAL,779.9,1001.6,505,789,1053,1079,,,,,,Mostly Sunny,
2026-05-15 13:33:32,RPi_001,rpi_camera,351,1,1,24.1,13.8,333,267,0.0333,0.0267,0.5,0.5,0.2500,0.5m x 0.5m,0.52,IE_KAL,780.7,1001.3,506,789,1054,1079,,,,,,Mostly Sunny,
2026-05-15 13:33:32,RPi_001,rpi_camera,352,1,1,23.8,13.7,327,262,0.0327,0.0262,0.5,0.5,0.2500,0.5m x 0.5m,0.49,IE_KAL,779.5,1002.4,504,788,1054,1079,,,,,,Mostly Sunny,
2026-05-15 13:33:33,RPi_001,rpi_camera,353,1,1,24.1,13.8,333,266,0.0333,0.0266,0.5,0.5,0.2500,0.5m x 0.5m,0.51,IE_KAL,780.1,1001.4,506,789,1054,1079,,,,,,Mostly Sunny,
2026-05-15 13:33:33,RPi_001,rpi_camera,354,1,1,24.0,13.8,332,265,0.0332,0.0265,0.5,0.5,0.2500,0.5m x 0.5m,0.50,IE_KAL,780.6,1001.6,506,789,1054,1079,,,,,,Mostly Sunny,
2026-05-15 13:33:33,RPi_001,rpi_camera,355,1,1,23.8,13.7,327,261,0.0327,0.0261,0.5,0.5,0.2500,0.5m x 0.5m,0.51,IE_KAL,779.5,1002.4,504,788,1054,1079,,,,,,Mostly Sunny,
2026-05-15 13:33:33,RPi_001,rpi_camera,356,1,1,24.1,13.9,334,265,0.0334,0.0265,0.5,0.5,0.2500,0.5m x 0.5m,0.51,IE_KAL,780.2,1001.6,505,789,1054,1079,,,,,,Mostly Sunny,
2026-05-15 13:33:33,RPi_001,rpi_camera,357,1,1,23.9,13.8,330,265,0.0330,0.0265,0.5,0.5,0.2500,0.5m x 0.5m,0.51,IE_KAL,780.0,1001.5,506,789,1053,1079,,,,,,Mostly Sunny,
2026-05-15 13:33:33,RPi_001,rpi_camera,358,1,1,23.9,13.8,329,266,0.0329,0.0266,0.5,0.5,0.2500,0.5m x 0.5m,0.51,IE_KAL,780.1,1001.2,506,790,1054,1079,,,,,,Mostly Sunny,
2026-05-15 13:33:33,RPi_001,rpi_camera,359,1,1,23.8,13.7,327,262,0.0327,0.0262,0.5,0.5,0.2500,0.5m x 0.5m,0.49,IE_KAL,779.7,1002.2,504,788,1054,1079,,,,,,Mostly Sunny,
2026-05-15 13:33:33,RPi_001,rpi_camera,360,1,1,23.9,13.8,329,265,0.0329,0.0265,0.5,0.5,0.2500,0.5m x 0.5m,0.52,IE_KAL,780.0,1001.1,506,790,1053,1079,,,,,,Mostly Sunny,
2026-05-15 13:33:33,RPi_001,rpi_camera,361,1,1,24.2,13.8,333,267,0.0333,0.0267,0.5,0.5,0.2500,0.5m x 0.5m,0.52,IE_KAL,780.3,1001.2,506,790,1054,1079,,,,,,Mostly Sunny,
2026-05-15 13:33:33,RPi_001,rpi_camera,362,1,1,23.8,13.7,327,263,0.0327,0.0263,0.5,0.5,0.2500,0.5m x 0.5m,0.51,IE_KAL,779.9,1002.4,505,788,1054,1079,,,,,,Mostly Sunny,
2026-05-15 13:33:33,RPi_001,rpi_camera,363,1,1,24.1,13.8,333,266,0.0333,0.0266,0.5,0.5,0.2500,0.5m x 0.5m,0.51,IE_KAL,779.8,1001.4,505,789,1053,1079,,,,,,Mostly Sunny,
2026-05-15 13:33:33,RPi_001,rpi_camera,364,1,1,23.8,13.7,327,262,0.0327,0.0262,0.5,0.5,0.2500,0.5m x 0.5m,0.51,IE_KAL,779.8,1002.5,505,788,1054,1079,,,,,,Mostly Sunny,
2026-05-15 13:33:33,RPi_001,rpi_camera,365,1,1,24.2,13.8,334,266,0.0334,0.0266,0.5,0.5,0.2500,0.5m x 0.5m,0.53,IE_KAL,780.4,1001.4,506,789,1054,1079,,,,,,Mostly Sunny,
2026-05-15 13:33:33,RPi_001,rpi_camera,366,1,1,23.9,13.9,331,265,0.0331,0.0265,0.5,0.5,0.2500,0.5m x 0.5m,0.53,IE_KAL,780.3,1001.7,505,789,1054,1079,,,,,,Mostly Sunny,
2026-05-15 13:33:33,RPi_001,rpi_camera,367,1,1,23.9,13.8,329,265,0.0329,0.0265,0.5,0.5,0.2500,0.5m x 0.5m,0.52,IE_KAL,780.2,1001.3,506,790,1054,1079,,,,,,Mostly Sunny,
2026-05-15 13:33:33,RPi_001,rpi_camera,368,1,1,23.8,13.9,330,264,0.0330,0.0264,0.5,0.5,0.2500,0.5m x 0.5m,0.51,IE_KAL,780.1,1001.7,505,789,1054,1079,,,,,,Mostly Sunny,
2026-05-15 13:33:34,RPi_001,rpi_camera,369,1,1,24.2,13.8,334,266,0.0334,0.0266,0.5,0.5,0.2500,0.5m x 0.5m,0.51,IE_KAL,780.0,1001.5,506,789,1053,1079,,,,,,Mostly Sunny,
2026-05-15 13:33:34,RPi_001,rpi_camera,370,1,1,23.8,13.7,327,261,0.0327,0.0261,0.5,0.5,0.2500,0.5m x 0.5m,0.51,IE_KAL,779.5,1002.4,504,788,1054,1079,,,,,,Mostly Sunny,
2026-05-15 13:33:34,RPi_001,rpi_camera,371,1,1,24.0,13.8,332,264,0.0332,0.0264,0.5,0.5,0.2500,0.5m x 0.5m,0.50,IE_KAL,780.1,1001.5,506,789,1054,1079,,,,,,Mostly Sunny,
2026-05-15 13:33:34,RPi_001,rpi_camera,372,1,1,23.9,13.9,333,266,0.0333,0.0266,0.5,0.5,0.2500,0.5m x 0.5m,0.53,IE_KAL,779.9,1001.3,505,789,1053,1079,,,,,,Mostly Sunny,
2026-05-15 13:33:34,RPi_001,rpi_camera,373,1,1,23.8,13.9,330,263,0.0330,0.0263,0.5,0.5,0.2500,0.5m x 0.5m,0.52,IE_KAL,780.3,1001.7,505,789,1054,1079,,,,,,Mostly Sunny,
2026-05-15 13:33:34,RPi_001,rpi_camera,374,1,1,23.8,13.7,327,262,0.0327,0.0262,0.5,0.5,0.2500,0.5m x 0.5m,0.51,IE_KAL,779.4,1002.4,504,788,1054,1079,,,,,,Mostly Sunny,
2026-05-15 13:33:34,RPi_001,rpi_camera,375,1,1,23.8,13.8,328,265,0.0328,0.0265,0.5,0.5,0.2500,0.5m x 0.5m,0.53,IE_KAL,780.5,1001.1,506,790,1054,1079,,,,,,Mostly Sunny,
2026-05-15 13:33:34,RPi_001,rpi_camera,376,1,1,23.9,13.8,329,265,0.0329,0.0265,0.5,0.5,0.2500,0.5m x 0.5m,0.53,IE_KAL,780.0,1001.3,506,790,1053,1079,,,,,,Mostly Sunny,
2026-05-15 13:33:34,RPi_001,rpi_camera,377,1,1,24.1,13.8,332,265,0.0332,0.0265,0.5,0.5,0.2500,0.5m x 0.5m,0.53,IE_KAL,780.2,1001.1,506,790,1054,1079,,,,,,Mostly Sunny,
2026-05-15 13:33:34,RPi_001,rpi_camera,378,1,1,24.1,13.8,333,266,0.0333,0.0266,0.5,0.5,0.2500,0.5m x 0.5m,0.52,IE_KAL,780.4,1001.4,506,789,1054,1079,,,,,,Mostly Sunny,
2026-05-15 13:33:34,RPi_001,rpi_camera,379,1,1,23.8,13.7,327,261,0.0327,0.0261,0.5,0.5,0.2500,0.5m x 0.5m,0.49,IE_KAL,779.7,1002.4,504,788,1054,1079,,,,,,Mostly Sunny,
2026-05-15 13:33:34,RPi_001,rpi_camera,380,1,1,24.1,13.8,333,265,0.0333,0.0265,0.5,0.5,0.2500,0.5m x 0.5m,0.52,IE_KAL,780.1,1001.5,506,789,1054,1079,,,,,,Mostly Sunny,
2026-05-15 13:33:35,RPi_001,rpi_camera,381,1,1,23.9,13.8,330,266,0.0330,0.0266,0.5,0.5,0.2500,0.5m x 0.5m,0.50,IE_KAL,780.5,1001.4,506,789,1054,1079,,,,,,Mostly Sunny,
2026-05-15 13:33:35,RPi_001,rpi_camera,382,1,1,24.0,13.8,332,266,0.0332,0.0266,0.5,0.5,0.2500,0.5m x 0.5m,0.53,IE_KAL,780.8,1001.4,506,789,1054,1079,,,,,,Mostly Sunny,
2026-05-15 13:33:35,RPi_001,rpi_camera,383,1,1,24.1,13.8,332,267,0.0332,0.0267,0.5,0.5,0.2500,0.5m x 0.5m,0.53,IE_KAL,780.5,1001.3,506,790,1054,1079,,,,,,Mostly Sunny,
2026-05-15 13:33:35,RPi_001,rpi_camera,384,1,1,23.9,13.9,331,265,0.0331,0.0265,0.5,0.5,0.2500,0.5m x 0.5m,0.51,IE_KAL,780.1,1001.5,505,788,1054,1079,,,,,,Mostly Sunny,
2026-05-15 13:33:35,RPi_001,rpi_camera,385,1,1,23.8,13.7,327,261,0.0327,0.0261,0.5,0.5,0.2500,0.5m x 0.5m,0.51,IE_KAL,779.6,1002.3,504,788,1054,1079,,,,,,Mostly Sunny,
2026-05-15 13:33:35,RPi_001,rpi_camera,386,1,1,24.1,13.8,333,266,0.0333,0.0266,0.5,0.5,0.2500,0.5m x 0.5m,0.49,IE_KAL,780.1,1001.2,506,789,1054,1079,,,,,,Mostly Sunny,
2026-05-15 13:33:35,RPi_001,rpi_camera,387,1,1,23.7,13.7,325,261,0.0325,0.0261,0.5,0.5,0.2500,0.5m x 0.5m,0.50,IE_KAL,779.7,1002.3,504,788,1054,1079,,,,,,Mostly Sunny,
2026-05-15 13:33:35,RPi_001,rpi_camera,388,1,1,24.1,13.9,336,267,0.0336,0.0267,0.5,0.5,0.2500,0.5m x 0.5m,0.45,IE_KAL,780.6,1001.1,506,789,1054,1079,,,,,,Mostly Sunny,
2026-05-15 13:33:35,RPi_001,rpi_camera,389,1,1,24.1,13.8,333,266,0.0333,0.0266,0.5,0.5,0.2500,0.5m x 0.5m,0.49,IE_KAL,779.8,1001.4,505,789,1053,1079,,,,,,Mostly Sunny,
2026-05-15 13:33:35,RPi_001,rpi_camera,390,1,1,24.0,13.9,332,261,0.0332,0.0261,0.5,0.5,0.2500,0.5m x 0.5m,0.47,IE_KAL,779.7,1002.8,504,786,1055,1079,,,,,,Mostly Sunny,
2026-05-15 13:33:35,RPi_001,rpi_camera,391,1,1,23.8,14.0,334,264,0.0334,0.0264,0.5,0.5,0.2500,0.5m x 0.5m,0.49,IE_KAL,779.6,1002.5,504,788,1054,1079,,,,,,Mostly Sunny,
2026-05-15 13:33:35,RPi_001,rpi_camera,392,1,1,23.9,13.9,333,262,0.0333,0.0262,0.5,0.5,0.2500,0.5m x 0.5m,0.49,IE_KAL,779.2,1002.5,504,787,1054,1079,,,,,,Mostly Sunny,
2026-05-15 13:33:35,RPi_001,rpi_camera,393,1,1,23.9,13.9,331,265,0.0331,0.0265,0.5,0.5,0.2500,0.5m x 0.5m,0.49,IE_KAL,779.5,1001.9,505,789,1053,1079,,,,,,Mostly Sunny,
2026-05-15 13:33:35,RPi_001,rpi_camera,395,1,1,23.9,14.6,349,266,0.0349,0.0266,0.5,0.5,0.2500,0.5m x 0.5m,0.44,IE_KAL,780.3,1010.8,501,778,1059,1079,,,,,,Mostly Sunny,
2026-05-15 13:33:38,RPi_001,rpi_camera,429,2,1,25.4,19.4,494,370,0.0494,0.0370,0.5,0.5,0.2500,0.5m x 0.5m,0.55,IE_KAL,781.3,730.3,587,636,975,824,,,,,,Mostly Sunny,/home/pi/pothole_crops_20260515_133308/pothole_track2.jpg
2026-05-15 13:33:38,RPi_001,rpi_camera,430,2,1,26.0,18.6,484,388,0.0484,0.0388,0.5,0.5,0.2500,0.5m x 0.5m,0.69,IE_KAL,782.9,731.5,588,637,977,825,,,,,,Mostly Sunny,
2026-05-15 13:33:38,RPi_001,rpi_camera,431,2,1,25.6,19.4,495,388,0.0495,0.0388,0.5,0.5,0.2500,0.5m x 0.5m,0.69,IE_KAL,781.6,730.9,587,636,976,825,,,,,,Mostly Sunny,
2026-05-15 13:33:38,RPi_001,rpi_camera,432,2,1,25.4,19.4,493,389,0.0493,0.0389,0.5,0.5,0.2500,0.5m x 0.5m,0.66,IE_KAL,781.7,730.9,587,636,976,825,,,,,,Mostly Sunny,
2026-05-15 13:33:38,RPi_001,rpi_camera,433,2,1,25.7,19.4,498,390,0.0498,0.0390,0.5,0.5,0.2500,0.5m x 0.5m,0.64,IE_KAL,782.0,730.9,587,636,976,825,,,,,,Mostly Sunny,
2026-05-15 13:33:38,RPi_001,rpi_camera,434,2,1,25.7,19.6,504,394,0.0504,0.0394,0.5,0.5,0.2500,0.5m x 0.5m,0.62,IE_KAL,782.3,730.5,587,636,976,824,,,,,,Mostly Sunny,
2026-05-15 13:33:38,RPi_001,rpi_camera,435,2,1,25.6,19.6,502,391,0.0502,0.0391,0.5,0.5,0.2500,0.5m x 0.5m,0.61,IE_KAL,781.9,730.6,587,636,976,824,,,,,,Mostly Sunny,
2026-05-15 13:33:38,RPi_001,rpi_camera,436,2,1,25.7,19.1,492,389,0.0492,0.0389,0.5,0.5,0.2500,0.5m x 0.5m,0.60,IE_KAL,782.2,730.6,587,636,976,824,,,,,,Mostly Sunny,
2026-05-15 13:33:38,RPi_001,rpi_camera,437,2,1,25.7,19.4,498,392,0.0498,0.0392,0.5,0.5,0.2500,0.5m x 0.5m,0.62,IE_KAL,781.9,730.6,587,636,976,824,,,,,,Mostly Sunny,
2026-05-15 13:33:38,RPi_001,rpi_camera,438,2,1,25.6,19.4,495,386,0.0495,0.0386,0.5,0.5,0.2500,0.5m x 0.5m,0.67,IE_KAL,781.6,730.8,587,636,976,825,,,,,,Mostly Sunny,
2026-05-15 13:33:38,RPi_001,rpi_camera,439,2,1,25.7,19.4,498,389,0.0498,0.0389,0.5,0.5,0.2500,0.5m x 0.5m,0.63,IE_KAL,782.1,730.7,587,636,976,824,,,,,,Mostly Sunny,
2026-05-15 13:33:38,RPi_001,rpi_camera,440,2,1,25.7,18.9,485,388,0.0485,0.0388,0.5,0.5,0.2500,0.5m x 0.5m,0.56,IE_KAL,782.1,730.9,587,636,976,824,,,,,,Mostly Sunny,
2026-05-15 13:33:39,RPi_001,rpi_camera,441,2,1,25.7,18.9,485,385,0.0485,0.0385,0.5,0.5,0.2500,0.5m x 0.5m,0.58,IE_KAL,781.8,731.0,587,636,976,825,,,,,,Mostly Sunny,
2026-05-15 13:33:39,RPi_001,rpi_camera,442,2,1,25.7,18.6,477,378,0.0477,0.0378,0.5,0.5,0.2500,0.5m x 0.5m,0.45,IE_KAL,781.7,731.1,586,636,976,825,,,,,,Mostly Sunny,
2026-05-15 13:33:39,RPi_001,rpi_camera,443,2,1,25.6,18.9,482,380,0.0482,0.0380,0.5,0.5,0.2500,0.5m x 0.5m,0.59,IE_KAL,781.2,730.8,586,636,975,824,,,,,,Mostly Sunny,
2026-05-15 13:33:39,RPi_001,rpi_camera,444,2,1,25.8,19.1,492,382,0.0492,0.0382,0.5,0.5,0.2500,0.5m x 0.5m,0.62,IE_KAL,781.5,731.0,586,636,976,825,,,,,,Mostly Sunny,
2026-05-15 13:33:39,RPi_001,rpi_camera,445,2,1,25.6,19.4,495,386,0.0495,0.0386,0.5,0.5,0.2500,0.5m x 0.5m,0.67,IE_KAL,781.9,730.6,587,636,976,824,,,,,,Mostly Sunny,
2026-05-15 13:33:39,RPi_001,rpi_camera,446,2,1,25.7,19.1,492,388,0.0492,0.0388,0.5,0.5,0.2500,0.5m x 0.5m,0.66,IE_KAL,782.3,730.5,587,636,976,824,,,,,,Mostly Sunny,
2026-05-15 13:33:39,RPi_001,rpi_camera,447,2,1,25.7,19.4,498,388,0.0498,0.0388,0.5,0.5,0.2500,0.5m x 0.5m,0.69,IE_KAL,782.2,730.5,587,636,976,824,,,,,,Mostly Sunny,
2026-05-15 13:33:39,RPi_001,rpi_camera,448,2,1,25.6,18.9,482,385,0.0482,0.0385,0.5,0.5,0.2500,0.5m x 0.5m,0.70,IE_KAL,781.6,730.8,587,636,976,824,,,,,,Mostly Sunny,
2026-05-15 13:33:39,RPi_001,rpi_camera,449,2,1,25.7,19.6,504,391,0.0504,0.0391,0.5,0.5,0.2500,0.5m x 0.5m,0.67,IE_KAL,782.0,730.2,587,635,976,824,,,,,,Mostly Sunny,
2026-05-15 13:33:39,RPi_001,rpi_camera,450,2,1,25.7,19.4,498,388,0.0498,0.0388,0.5,0.5,0.2500,0.5m x 0.5m,0.66,IE_KAL,781.4,730.6,586,636,975,824,,,,,,Mostly Sunny,
2026-05-15 13:33:39,RPi_001,rpi_camera,451,2,1,25.6,19.4,495,388,0.0495,0.0388,0.5,0.5,0.2500,0.5m x 0.5m,0.66,IE_KAL,781.8,730.7,587,636,976,824,,,,,,Mostly Sunny,
2026-05-15 13:33:39,RPi_001,rpi_camera,452,2,1,25.7,19.4,498,390,0.0498,0.0390,0.5,0.5,0.2500,0.5m x 0.5m,0.68,IE_KAL,781.6,730.6,587,636,976,824,,,,,,Mostly Sunny,
2026-05-15 13:33:40,RPi_001,rpi_camera,453,2,1,25.7,19.4,498,391,0.0498,0.0391,0.5,0.5,0.2500,0.5m x 0.5m,0.66,IE_KAL,782.1,730.6,587,636,976,824,,,,,,Mostly Sunny,
2026-05-15 13:33:40,RPi_001,rpi_camera,454,2,1,25.6,19.4,495,388,0.0495,0.0388,0.5,0.5,0.2500,0.5m x 0.5m,0.69,IE_KAL,781.3,730.6,586,636,975,824,,,,,,Mostly Sunny,
2026-05-15 13:33:40,RPi_001,rpi_camera,455,2,1,25.4,19.1,487,389,0.0487,0.0389,0.5,0.5,0.2500,0.5m x 0.5m,0.66,IE_KAL,781.8,730.5,587,636,976,824,,,,,,Mostly Sunny,
2026-05-15 13:33:40,RPi_001,rpi_camera,456,2,1,25.7,19.6,504,391,0.0504,0.0391,0.5,0.5,0.2500,0.5m x 0.5m,0.67,IE_KAL,782.3,730.3,587,635,976,824,,,,,,Mostly Sunny,
2026-05-15 13:33:40,RPi_001,rpi_camera,457,2,1,25.6,19.6,502,392,0.0502,0.0392,0.5,0.5,0.2500,0.5m x 0.5m,0.64,IE_KAL,782.1,730.4,587,636,976,824,,,,,,Mostly Sunny,
2026-05-15 13:33:40,RPi_001,rpi_camera,458,2,1,25.7,19.4,498,388,0.0498,0.0388,0.5,0.5,0.2500,0.5m x 0.5m,0.65,IE_KAL,781.7,730.6,587,636,976,824,,,,,,Mostly Sunny,
2026-05-15 13:33:40,RPi_001,rpi_camera,459,2,1,25.6,19.4,497,390,0.0497,0.0390,0.5,0.5,0.2500,0.5m x 0.5m,0.64,IE_KAL,782.0,730.2,587,636,976,824,,,,,,Mostly Sunny,
2026-05-15 13:33:40,RPi_001,rpi_camera,460,2,1,25.7,19.4,498,389,0.0498,0.0389,0.5,0.5,0.2500,0.5m x 0.5m,0.66,IE_KAL,781.4,730.7,586,636,975,825,,,,,,Mostly Sunny,
2026-05-15 13:33:40,RPi_001,rpi_camera,461,2,1,25.8,19.4,499,390,0.0499,0.0390,0.5,0.5,0.2500,0.5m x 0.5m,0.66,IE_KAL,781.8,730.2,587,636,976,824,,,,,,Mostly Sunny,
2026-05-15 13:33:40,RPi_001,rpi_camera,462,2,1,25.7,19.6,504,390,0.0504,0.0390,0.5,0.5,0.2500,0.5m x 0.5m,0.65,IE_KAL,781.7,730.1,587,635,976,824,,,,,,Mostly Sunny,
2026-05-15 13:33:40,RPi_001,rpi_camera,463,2,1,25.6,19.4,497,392,0.0497,0.0392,0.5,0.5,0.2500,0.5m x 0.5m,0.66,IE_KAL,782.1,730.2,587,636,976,824,,,,,,Mostly Sunny,
2026-05-15 13:33:40,RPi_001,rpi_camera,464,2,1,25.8,19.1,494,389,0.0494,0.0389,0.5,0.5,0.2500,0.5m x 0.5m,0.66,IE_KAL,781.9,730.6,587,636,976,824,,,,,,Mostly Sunny,
2026-05-15 13:33:40,RPi_001,rpi_camera,465,2,1,25.6,19.4,497,389,0.0497,0.0389,0.5,0.5,0.2500,0.5m x 0.5m,0.64,IE_KAL,781.8,730.2,587,636,976,824,,,,,,Mostly Sunny,
2026-05-15 13:33:40,RPi_001,rpi_camera,466,2,1,25.8,19.4,499,392,0.0499,0.0392,0.5,0.5,0.2500,0.5m x 0.5m,0.65,IE_KAL,782.5,730.2,588,636,976,824,,,,,,Mostly Sunny,
2026-05-15 13:33:40,RPi_001,rpi_camera,467,2,1,25.7,19.1,492,386,0.0492,0.0386,0.5,0.5,0.2500,0.5m x 0.5m,0.64,IE_KAL,781.6,730.6,587,636,976,824,,,,,,Mostly Sunny,
2026-05-15 13:33:40,RPi_001,rpi_camera,468,2,1,25.9,19.4,502,393,0.0502,0.0393,0.5,0.5,0.2500,0.5m x 0.5m,0.65,IE_KAL,781.8,730.3,587,636,976,824,,,,,,Mostly Sunny,
2026-05-15 13:33:41,RPi_001,rpi_camera,469,2,1,25.8,19.4,499,390,0.0499,0.0390,0.5,0.5,0.2500,0.5m x 0.5m,0.65,IE_KAL,781.7,730.2,587,636,975,824,,,,,,Mostly Sunny,
2026-05-15 13:33:41,RPi_001,rpi_camera,470,2,1,25.7,19.1,492,387,0.0492,0.0387,0.5,0.5,0.2500,0.5m x 0.5m,0.66,IE_KAL,781.2,730.5,586,636,975,824,,,,,,Mostly Sunny,
2026-05-15 13:33:41,RPi_001,rpi_camera,471,2,1,25.6,19.6,502,390,0.0502,0.0390,0.5,0.5,0.2500,0.5m x 0.5m,0.66,IE_KAL,782.4,730.4,587,636,976,824,,,,,,Mostly Sunny,
2026-05-15 13:33:41,RPi_001,rpi_camera,472,2,1,25.6,19.4,497,392,0.0497,0.0392,0.5,0.5,0.2500,0.5m x 0.5m,0.66,IE_KAL,782.2,730.2,588,636,976,824,,,,,,Mostly Sunny,
2026-05-15 13:33:41,RPi_001,rpi_camera,473,2,1,25.6,19.4,495,387,0.0495,0.0387,0.5,0.5,0.2500,0.5m x 0.5m,0.66,IE_KAL,781.8,730.6,587,636,976,824,,,,,,Mostly Sunny,
2026-05-15 13:33:41,RPi_001,rpi_camera,474,2,1,25.6,19.4,497,392,0.0497,0.0392,0.5,0.5,0.2500,0.5m x 0.5m,0.64,IE_KAL,782.5,730.1,588,636,976,824,,,,,,Mostly Sunny,
2026-05-15 13:33:41,RPi_001,rpi_camera,475,2,1,25.6,19.6,502,392,0.0502,0.0392,0.5,0.5,0.2500,0.5m x 0.5m,0.64,IE_KAL,782.1,730.4,587,636,976,824,,,,,,Mostly Sunny,
2026-05-15 13:33:41,RPi_001,rpi_camera,476,2,1,25.7,19.6,504,393,0.0504,0.0393,0.5,0.5,0.2500,0.5m x 0.5m,0.69,IE_KAL,781.5,730.3,587,635,976,824,,,,,,Mostly Sunny,
2026-05-15 13:33:41,RPi_001,rpi_camera,477,2,1,25.8,19.4,499,394,0.0499,0.0394,0.5,0.5,0.2500,0.5m x 0.5m,0.65,IE_KAL,781.9,730.3,587,636,976,824,,,,,,Mostly Sunny,
2026-05-15 13:33:41,RPi_001,rpi_camera,478,2,1,25.7,19.1,492,387,0.0492,0.0387,0.5,0.5,0.2500,0.5m x 0.5m,0.67,IE_KAL,781.5,730.5,587,636,976,824,,,,,,Mostly Sunny,
2026-05-15 13:33:41,RPi_001,rpi_camera,479,2,1,25.7,19.4,498,391,0.0498,0.0391,0.5,0.5,0.2500,0.5m x 0.5m,0.65,IE_KAL,781.7,730.5,587,636,976,824,,,,,,Mostly Sunny,
2026-05-15 13:33:41,RPi_001,rpi_camera,480,2,1,25.7,19.6,504,392,0.0504,0.0392,0.5,0.5,0.2500,0.5m x 0.5m,0.65,IE_KAL,781.7,730.4,587,636,976,824,,,,,,Mostly Sunny,
2026-05-15 13:33:41,RPi_001,rpi_camera,481,2,1,25.6,19.6,502,393,0.0502,0.0393,0.5,0.5,0.2500,0.5m x 0.5m,0.68,IE_KAL,781.9,730.3,587,636,976,824,,,,,,Mostly Sunny,
2026-05-15 13:33:41,RPi_001,rpi_camera,482,2,1,25.7,19.6,504,391,0.0504,0.0391,0.5,0.5,0.2500,0.5m x 0.5m,0.64,IE_KAL,781.9,730.3,587,636,976,824,,,,,,Mostly Sunny,
2026-05-15 13:33:41,RPi_001,rpi_camera,483,2,1,25.8,19.4,499,391,0.0499,0.0391,0.5,0.5,0.2500,0.5m x 0.5m,0.65,IE_KAL,782.1,730.2,587,636,976,824,,,,,,Mostly Sunny,
2026-05-15 13:33:41,RPi_001,rpi_camera,484,2,1,25.6,19.6,502,392,0.0502,0.0392,0.5,0.5,0.2500,0.5m x 0.5m,0.66,IE_KAL,781.9,730.2,587,635,976,824,,,,,,Mostly Sunny,
2026-05-15 13:33:42,RPi_001,rpi_camera,485,2,1,25.7,19.6,504,390,0.0504,0.0390,0.5,0.5,0.2500,0.5m x 0.5m,0.65,IE_KAL,782.0,730.4,587,636,976,824,,,,,,Mostly Sunny,
2026-05-15 13:33:42,RPi_001,rpi_camera,486,2,1,25.6,19.4,497,391,0.0497,0.0391,0.5,0.5,0.2500,0.5m x 0.5m,0.67,IE_KAL,782.0,730.3,587,636,976,824,,,,,,Mostly Sunny,
2026-05-15 13:33:42,RPi_001,rpi_camera,487,2,1,25.6,19.6,502,389,0.0502,0.0389,0.5,0.5,0.2500,0.5m x 0.5m,0.65,IE_KAL,781.6,730.4,587,636,976,824,,,,,,Mostly Sunny,
2026-05-15 13:33:42,RPi_001,rpi_camera,488,2,1,25.7,19.6,504,393,0.0504,0.0393,0.5,0.5,0.2500,0.5m x 0.5m,0.63,IE_KAL,782.1,730.3,587,636,976,824,,,,,,Mostly Sunny,
2026-05-15 13:33:42,RPi_001,rpi_camera,489,2,1,25.6,19.6,502,392,0.0502,0.0392,0.5,0.5,0.2500,0.5m x 0.5m,0.65,IE_KAL,782.2,730.3,587,636,976,824,,,,,,Mostly Sunny,
2026-05-15 13:33:42,RPi_001,rpi_camera,490,2,1,25.6,18.9,482,379,0.0482,0.0379,0.5,0.5,0.2500,0.5m x 0.5m,0.62,IE_KAL,781.5,730.9,586,636,975,825,,,,,,Mostly Sunny,
2026-05-15 13:33:42,RPi_001,rpi_camera,491,2,1,25.6,19.4,495,384,0.0495,0.0384,0.5,0.5,0.2500,0.5m x 0.5m,0.66,IE_KAL,781.4,730.7,586,636,975,825,,,,,,Mostly Sunny,
2026-05-15 13:33:42,RPi_001,rpi_camera,492,2,1,25.4,18.9,480,382,0.0480,0.0382,0.5,0.5,0.2500,0.5m x 0.5m,0.65,IE_KAL,781.4,730.9,586,636,975,825,,,,,,Mostly Sunny,
2026-05-15 13:33:42,RPi_001,rpi_camera,493,2,1,25.5,19.1,487,383,0.0487,0.0383,0.5,0.5,0.2500,0.5m x 0.5m,0.66,IE_KAL,781.5,731.1,586,636,976,825,,,,,,Mostly Sunny,
2026-05-15 13:33:42,RPi_001,rpi_camera,494,2,1,25.7,19.4,498,387,0.0498,0.0387,0.5,0.5,0.2500,0.5m x 0.5m,0.65,IE_KAL,781.7,730.6,587,636,976,824,,,,,,Mostly Sunny,
2026-05-15 13:33:42,RPi_001,rpi_camera,495,2,1,25.7,19.6,504,394,0.0504,0.0394,0.5,0.5,0.2500,0.5m x 0.5m,0.65,IE_KAL,781.6,730.5,587,636,976,824,,,,,,Mostly Sunny,
2026-05-15 13:33:42,RPi_001,rpi_camera,496,2,1,25.7,19.1,492,387,0.0492,0.0387,0.5,0.5,0.2500,0.5m x 0.5m,0.65,IE_KAL,781.8,730.8,587,636,976,824,,,,,,Mostly Sunny,
2026-05-15 13:33:43,RPi_001,rpi_camera,497,2,1,25.6,19.4,495,391,0.0495,0.0391,0.5,0.5,0.2500,0.5m x 0.5m,0.65,IE_KAL,782.0,730.8,587,636,976,825,,,,,,Mostly Sunny,
2026-05-15 13:33:43,RPi_001,rpi_camera,498,2,1,25.6,19.4,495,389,0.0495,0.0389,0.5,0.5,0.2500,0.5m x 0.5m,0.69,IE_KAL,781.8,730.8,587,636,976,825,,,,,,Mostly Sunny,
2026-05-15 13:33:43,RPi_001,rpi_camera,499,2,1,25.7,19.1,490,388,0.0490,0.0388,0.5,0.5,0.2500,0.5m x 0.5m,0.67,IE_KAL,781.7,730.9,586,636,976,825,,,,,,Mostly Sunny,
2026-05-15 13:33:43,RPi_001,rpi_camera,500,2,1,25.4,19.4,493,387,0.0493,0.0387,0.5,0.5,0.2500,0.5m x 0.5m,0.67,IE_KAL,781.6,730.9,587,636,976,825,,,,,,Mostly Sunny,
2026-05-15 13:33:43,RPi_001,rpi_camera,501,2,1,25.4,19.1,485,384,0.0485,0.0384,0.5,0.5,0.2500,0.5m x 0.5m,0.71,IE_KAL,781.2,731.2,586,636,976,825,,,,,,Mostly Sunny,
2026-05-15 13:33:43,RPi_001,rpi_camera,502,2,1,25.7,19.4,498,391,0.0498,0.0391,0.5,0.5,0.2500,0.5m x 0.5m,0.66,IE_KAL,782.4,731.0,587,636,976,825,,,,,,Mostly Sunny,
2026-05-15 13:33:43,RPi_001,rpi_camera,503,2,1,25.4,18.3,466,370,0.0466,0.0370,0.5,0.5,0.2500,0.5m x 0.5m,0.71,IE_KAL,780.6,731.6,585,637,975,825,,,,,,Mostly Sunny,
2026-05-15 13:33:43,RPi_001,rpi_camera,504,2,1,25.5,18.8,481,370,0.0481,0.0370,0.5,0.5,0.2500,0.5m x 0.5m,0.75,IE_KAL,780.5,731.6,585,637,975,825,,,,,,Mostly Sunny,
2026-05-15 13:33:43,RPi_001,rpi_camera,505,2,1,25.4,18.9,479,366,0.0479,0.0366,0.5,0.5,0.2500,0.5m x 0.5m,0.58,IE_KAL,781.8,730.8,587,636,975,824,,,,,,Mostly Sunny,
2026-05-15 13:33:44,RPi_001,rpi_camera,522,3,1,49.5,65.9,3261,2532,0.3261,0.2532,0.5,1.0,0.5000,0.5m x 1.0m,0.39,IE_KAL,961.8,163.5,864,111,1059,215,,,,,,Mostly Sunny,/home/pi/pothole_crops_20260515_133308/pothole_track3.jpg
2026-05-15 13:33:46,RPi_001,rpi_camera,547,4,1,26.7,20.1,535,433,0.0535,0.0433,0.5,0.5,0.2500,0.5m x 0.5m,0.44,IE_KAL,773.8,569.5,621,517,925,621,,,,,,Mostly Sunny,/home/pi/pothole_crops_20260515_133308/pothole_track4.jpg
2026-05-15 13:33:47,RPi_001,rpi_camera,562,4,1,26.3,20.9,550,451,0.0550,0.0451,0.5,0.5,0.2500,0.5m x 0.5m,0.42,IE_KAL,775.9,569.6,623,516,927,622,,,,,,Mostly Sunny,
2026-05-15 13:33:47,RPi_001,rpi_camera,563,4,1,26.3,20.1,528,451,0.0528,0.0451,0.5,0.5,0.2500,0.5m x 0.5m,0.49,IE_KAL,776.0,569.1,624,516,927,621,,,,,,Mostly Sunny,
2026-05-15 13:33:47,RPi_001,rpi_camera,564,4,1,26.3,20.1,528,445,0.0528,0.0445,0.5,0.5,0.2500,0.5m x 0.5m,0.45,IE_KAL,776.2,569.2,624,516,928,621,,,,,,Mostly Sunny,
2026-05-15 13:33:47,RPi_001,rpi_camera,565,4,1,26.8,20.1,538,449,0.0538,0.0449,0.5,0.5,0.2500,0.5m x 0.5m,0.53,IE_KAL,775.2,569.4,623,517,927,621,,,,,,Mostly Sunny,
2026-05-15 13:33:47,RPi_001,rpi_camera,566,4,1,26.8,20.1,538,450,0.0538,0.0450,0.5,0.5,0.2500,0.5m x 0.5m,0.50,IE_KAL,775.6,569.2,623,516,927,621,,,,,,Mostly Sunny,
2026-05-15 13:33:47,RPi_001,rpi_camera,567,4,1,26.3,20.1,528,445,0.0528,0.0445,0.5,0.5,0.2500,0.5m x 0.5m,0.42,IE_KAL,776.3,569.2,624,516,928,621,,,,,,Mostly Sunny,
2026-05-15 13:33:47,RPi_001,rpi_camera,568,4,1,26.5,20.1,532,449,0.0532,0.0449,0.5,0.5,0.2500,0.5m x 0.5m,0.50,IE_KAL,776.8,569.1,624,516,928,621,,,,,,Mostly Sunny,
2026-05-15 13:33:47,RPi_001,rpi_camera,569,4,1,26.3,20.1,528,447,0.0528,0.0447,0.5,0.5,0.2500,0.5m x 0.5m,0.43,IE_KAL,776.3,569.2,624,516,928,621,,,,,,Mostly Sunny,
2026-05-15 13:33:47,RPi_001,rpi_camera,570,4,1,26.3,20.1,528,447,0.0528,0.0447,0.5,0.5,0.2500,0.5m x 0.5m,0.41,IE_KAL,776.4,569.2,624,516,928,621,,,,,,Mostly Sunny,
2026-05-15 13:33:47,RPi_001,rpi_camera,571,4,1,26.3,20.1,528,446,0.0528,0.0446,0.5,0.5,0.2500,0.5m x 0.5m,0.39,IE_KAL,776.2,569.1,624,516,928,621,,,,,,Mostly Sunny,
2026-05-15 13:33:47,RPi_001,rpi_camera,572,4,1,26.3,20.1,528,445,0.0528,0.0445,0.5,0.5,0.2500,0.5m x 0.5m,0.36,IE_KAL,776.4,569.1,624,516,928,621,,,,,,Mostly Sunny,
2026-05-15 13:33:48,RPi_001,rpi_camera,573,4,1,26.3,20.1,528,448,0.0528,0.0448,0.5,0.5,0.2500,0.5m x 0.5m,0.42,IE_KAL,776.5,569.2,624,516,928,621,,,,,,Mostly Sunny,
2026-05-15 13:33:48,RPi_001,rpi_camera,574,4,1,26.3,20.1,528,444,0.0528,0.0444,0.5,0.5,0.2500,0.5m x 0.5m,0.38,IE_KAL,776.5,569.2,624,516,928,621,,,,,,Mostly Sunny,
2026-05-15 13:33:48,RPi_001,rpi_camera,575,4,1,26.3,20.1,528,446,0.0528,0.0446,0.5,0.5,0.2500,0.5m x 0.5m,0.45,IE_KAL,776.4,569.1,624,516,928,621,,,,,,Mostly Sunny,
2026-05-15 13:33:48,RPi_001,rpi_camera,576,4,1,26.3,20.1,528,446,0.0528,0.0446,0.5,0.5,0.2500,0.5m x 0.5m,0.42,IE_KAL,776.4,569.1,624,516,928,621,,,,,,Mostly Sunny,
2026-05-15 13:33:48,RPi_001,rpi_camera,577,4,1,26.3,20.1,528,443,0.0528,0.0443,0.5,0.5,0.2500,0.5m x 0.5m,0.36,IE_KAL,776.1,569.1,624,516,927,621,,,,,,Mostly Sunny,
2026-05-15 13:33:48,RPi_001,rpi_camera,578,4,1,26.8,20.1,538,449,0.0538,0.0449,0.5,0.5,0.2500,0.5m x 0.5m,0.44,IE_KAL,775.6,569.2,623,516,927,621,,,,,,Mostly Sunny,
2026-05-15 13:33:48,RPi_001,rpi_camera,579,4,1,26.8,20.1,538,446,0.0538,0.0446,0.5,0.5,0.2500,0.5m x 0.5m,0.41,IE_KAL,775.6,569.1,623,516,927,621,,,,,,Mostly Sunny,
2026-05-15 13:33:48,RPi_001,rpi_camera,581,4,1,26.0,20.1,522,441,0.0522,0.0441,0.5,0.5,0.2500,0.5m x 0.5m,0.42,IE_KAL,775.5,569.2,623,516,927,621,,,,,,Mostly Sunny,
2026-05-15 13:33:48,RPi_001,rpi_camera,582,4,1,26.8,20.1,538,447,0.0538,0.0447,0.5,0.5,0.2500,0.5m x 0.5m,0.56,IE_KAL,775.7,569.2,623,516,927,621,,,,,,Mostly Sunny,
2026-05-15 13:33:48,RPi_001,rpi_camera,583,4,1,26.8,20.1,538,448,0.0538,0.0448,0.5,0.5,0.2500,0.5m x 0.5m,0.49,IE_KAL,775.9,569.2,624,516,927,621,,,,,,Mostly Sunny,
2026-05-15 13:33:48,RPi_001,rpi_camera,584,4,1,26.3,20.1,528,445,0.0528,0.0445,0.5,0.5,0.2500,0.5m x 0.5m,0.41,IE_KAL,776.4,569.2,624,516,928,621,,,,,,Mostly Sunny,
2026-05-15 13:33:48,RPi_001,rpi_camera,585,4,1,26.8,20.1,538,450,0.0538,0.0450,0.5,0.5,0.2500,0.5m x 0.5m,0.44,IE_KAL,775.8,569.2,623,516,927,621,,,,,,Mostly Sunny,
2026-05-15 13:33:48,RPi_001,rpi_camera,586,4,1,26.3,20.1,528,444,0.0528,0.0444,0.5,0.5,0.2500,0.5m x 0.5m,0.38,IE_KAL,776.2,569.1,624,516,928,621,,,,,,Mostly Sunny,
2026-05-15 13:33:48,RPi_001,rpi_camera,588,4,1,26.3,20.9,550,451,0.0550,0.0451,0.5,0.5,0.2500,0.5m x 0.5m,0.42,IE_KAL,776.0,569.6,623,516,928,622,,,,,,Mostly Sunny,
2026-05-15 13:33:49,RPi_001,rpi_camera,589,4,1,26.8,20.1,538,448,0.0538,0.0448,0.5,0.5,0.2500,0.5m x 0.5m,0.40,IE_KAL,775.6,569.2,623,516,927,621,,,,,,Mostly Sunny,
2026-05-15 13:33:49,RPi_001,rpi_camera,590,4,1,26.3,20.1,528,449,0.0528,0.0449,0.5,0.5,0.2500,0.5m x 0.5m,0.43,IE_KAL,775.9,569.0,624,516,927,621,,,,,,Mostly Sunny,
2026-05-15 13:33:49,RPi_001,rpi_camera,591,4,1,26.8,20.1,538,451,0.0538,0.0451,0.5,0.5,0.2500,0.5m x 0.5m,0.42,IE_KAL,775.6,569.2,623,516,927,621,,,,,,Mostly Sunny,
2026-05-15 13:33:49,RPi_001,rpi_camera,592,4,1,26.3,20.1,528,446,0.0528,0.0446,0.5,0.5,0.2500,0.5m x 0.5m,0.42,IE_KAL,776.0,569.1,624,516,927,621,,,,,,Mostly Sunny,
2026-05-15 13:33:49,RPi_001,rpi_camera,593,4,1,26.3,20.1,528,444,0.0528,0.0444,0.5,0.5,0.2500,0.5m x 0.5m,0.40,IE_KAL,776.1,569.1,624,516,927,621,,,,,,Mostly Sunny,
2026-05-15 13:33:49,RPi_001,rpi_camera,595,4,1,26.3,20.9,550,449,0.0550,0.0449,0.5,0.5,0.2500,0.5m x 0.5m,0.45,IE_KAL,776.0,569.6,623,516,928,622,,,,,,Mostly Sunny,
2026-05-15 13:33:49,RPi_001,rpi_camera,596,4,1,26.8,20.1,538,447,0.0538,0.0447,0.5,0.5,0.2500,0.5m x 0.5m,0.45,IE_KAL,775.8,569.2,623,516,927,621,,,,,,Mostly Sunny,
2026-05-15 13:33:49,RPi_001,rpi_camera,597,4,1,26.3,20.9,550,452,0.0550,0.0452,0.5,0.5,0.2500,0.5m x 0.5m,0.38,IE_KAL,776.0,569.6,623,516,928,622,,,,,,Mostly Sunny,
2026-05-15 13:33:49,RPi_001,rpi_camera,598,4,1,26.3,20.1,528,445,0.0528,0.0445,0.5,0.5,0.2500,0.5m x 0.5m,0.46,IE_KAL,776.4,569.1,624,516,928,621,,,,,,Mostly Sunny,
2026-05-15 13:33:49,RPi_001,rpi_camera,599,4,1,26.3,20.1,528,446,0.0528,0.0446,0.5,0.5,0.2500,0.5m x 0.5m,0.41,IE_KAL,776.5,569.1,624,516,928,621,,,,,,Mostly Sunny,
2026-05-15 13:33:49,RPi_001,rpi_camera,600,4,1,26.3,20.1,528,444,0.0528,0.0444,0.5,0.5,0.2500,0.5m x 0.5m,0.41,IE_KAL,776.4,569.1,624,516,928,621,,,,,,Mostly Sunny,
2026-05-15 13:33:50,RPi_001,rpi_camera,601,4,1,26.3,20.1,528,448,0.0528,0.0448,0.5,0.5,0.2500,0.5m x 0.5m,0.36,IE_KAL,776.1,569.2,624,516,927,621,,,,,,Mostly Sunny,
2026-05-15 13:33:50,RPi_001,rpi_camera,602,4,1,26.3,20.1,528,444,0.0528,0.0444,0.5,0.5,0.2500,0.5m x 0.5m,0.41,IE_KAL,776.3,569.1,624,516,928,621,,,,,,Mostly Sunny,
2026-05-15 13:33:50,RPi_001,rpi_camera,603,4,1,26.3,20.1,528,446,0.0528,0.0446,0.5,0.5,0.2500,0.5m x 0.5m,0.51,IE_KAL,776.6,569.2,624,516,928,621,,,,,,Mostly Sunny,
2026-05-15 13:33:50,RPi_001,rpi_camera,604,4,1,26.3,20.1,528,446,0.0528,0.0446,0.5,0.5,0.2500,0.5m x 0.5m,0.35,IE_KAL,776.3,569.1,624,516,928,621,,,,,,Mostly Sunny,
2026-05-15 13:33:50,RPi_001,rpi_camera,605,4,1,26.8,20.1,538,450,0.0538,0.0450,0.5,0.5,0.2500,0.5m x 0.5m,0.47,IE_KAL,775.8,569.2,623,516,927,621,,,,,,Mostly Sunny,
2026-05-15 13:33:50,RPi_001,rpi_camera,606,4,1,26.3,20.1,528,447,0.0528,0.0447,0.5,0.5,0.2500,0.5m x 0.5m,0.43,IE_KAL,776.5,569.3,624,516,928,621,,,,,,Mostly Sunny,
2026-05-15 13:33:50,RPi_001,rpi_camera,607,4,1,26.8,20.1,538,449,0.0538,0.0449,0.5,0.5,0.2500,0.5m x 0.5m,0.45,IE_KAL,775.9,569.2,624,516,927,621,,,,,,Mostly Sunny,
2026-05-15 13:33:50,RPi_001,rpi_camera,608,4,1,26.3,20.9,550,451,0.0550,0.0451,0.5,0.5,0.2500,0.5m x 0.5m,0.46,IE_KAL,776.1,569.5,624,516,928,622,,,,,,Mostly Sunny,
2026-05-15 13:33:50,RPi_001,rpi_camera,609,4,1,26.3,20.1,528,449,0.0528,0.0449,0.5,0.5,0.2500,0.5m x 0.5m,0.46,IE_KAL,776.5,569.2,624,516,928,621,,,,,,Mostly Sunny,
2026-05-15 13:33:50,RPi_001,rpi_camera,610,4,1,26.0,20.1,522,440,0.0522,0.0440,0.5,0.5,0.2500,0.5m x 0.5m,0.41,IE_KAL,775.5,569.1,623,516,927,621,,,,,,Mostly Sunny,
2026-05-15 13:33:50,RPi_001,rpi_camera,611,4,1,26.3,20.1,528,444,0.0528,0.0444,0.5,0.5,0.2500,0.5m x 0.5m,0.38,IE_KAL,776.6,569.1,624,516,928,621,,,,,,Mostly Sunny,
2026-05-15 13:33:50,RPi_001,rpi_camera,612,4,1,26.4,21.0,554,462,0.0554,0.0462,0.5,0.5,0.2500,0.5m x 0.5m,0.49,IE_KAL,777.4,568.4,625,516,929,620,,,,,,Mostly Sunny,
2026-05-15 13:33:50,RPi_001,rpi_camera,613,4,1,26.3,20.1,528,447,0.0528,0.0447,0.5,0.5,0.2500,0.5m x 0.5m,0.43,IE_KAL,776.3,569.2,624,516,928,621,,,,,,Mostly Sunny,
2026-05-15 13:33:50,RPi_001,rpi_camera,614,4,1,26.5,20.1,532,444,0.0532,0.0444,0.5,0.5,0.2500,0.5m x 0.5m,0.51,IE_KAL,775.1,569.3,623,516,926,621,,,,,,Mostly Sunny,
2026-05-15 13:33:50,RPi_001,rpi_camera,615,4,1,26.3,20.1,528,448,0.0528,0.0448,0.5,0.5,0.2500,0.5m x 0.5m,0.40,IE_KAL,776.2,569.1,624,516,928,621,,,,,,Mostly Sunny,
2026-05-15 13:33:50,RPi_001,rpi_camera,616,4,1,26.3,20.1,528,446,0.0528,0.0446,0.5,0.5,0.2500,0.5m x 0.5m,0.49,IE_KAL,776.4,569.2,624,516,928,621,,,,,,Mostly Sunny,
2026-05-15 13:33:51,RPi_001,rpi_camera,617,4,1,26.3,20.1,528,446,0.0528,0.0446,0.5,0.5,0.2500,0.5m x 0.5m,0.45,IE_KAL,776.4,569.1,624,516,928,621,,,,,,Mostly Sunny,
2026-05-15 13:33:51,RPi_001,rpi_camera,618,4,1,26.3,20.1,528,446,0.0528,0.0446,0.5,0.5,0.2500,0.5m x 0.5m,0.40,IE_KAL,776.2,569.1,624,516,928,621,,,,,,Mostly Sunny,
2026-05-15 13:33:51,RPi_001,rpi_camera,619,4,1,26.5,21.0,558,463,0.0558,0.0463,0.5,0.5,0.2500,0.5m x 0.5m,0.48,IE_KAL,777.6,568.3,625,515,929,620,,,,,,Mostly Sunny,
2026-05-15 13:33:51,RPi_001,rpi_camera,620,4,1,26.3,20.1,528,447,0.0528,0.0447,0.5,0.5,0.2500,0.5m x 0.5m,0.44,IE_KAL,776.4,569.2,624,516,928,621,,,,,,Mostly Sunny,
2026-05-15 13:33:51,RPi_001,rpi_camera,621,4,1,26.3,20.1,528,445,0.0528,0.0445,0.5,0.5,0.2500,0.5m x 0.5m,0.43,IE_KAL,776.3,569.1,624,516,928,621,,,,,,Mostly Sunny,
2026-05-15 13:33:51,RPi_001,rpi_camera,622,4,1,26.8,20.1,538,448,0.0538,0.0448,0.5,0.5,0.2500,0.5m x 0.5m,0.49,IE_KAL,775.6,569.2,623,516,927,621,,,,,,Mostly Sunny,
2026-05-15 13:33:51,RPi_001,rpi_camera,623,4,1,26.8,20.1,538,451,0.0538,0.0451,0.5,0.5,0.2500,0.5m x 0.5m,0.49,IE_KAL,775.8,569.3,623,516,927,621,,,,,,Mostly Sunny,
2026-05-15 13:33:51,RPi_001,rpi_camera,624,4,1,26.3,20.1,528,445,0.0528,0.0445,0.5,0.5,0.2500,0.5m x 0.5m,0.45,IE_KAL,776.4,569.1,624,516,928,621,,,,,,Mostly Sunny,
2026-05-15 13:33:51,RPi_001,rpi_camera,625,4,1,26.8,20.1,538,449,0.0538,0.0449,0.5,0.5,0.2500,0.5m x 0.5m,0.45,IE_KAL,775.7,569.2,623,516,927,621,,,,,,Mostly Sunny,
2026-05-15 13:33:51,RPi_001,rpi_camera,626,4,1,26.8,20.1,538,452,0.0538,0.0452,0.5,0.5,0.2500,0.5m x 0.5m,0.44,IE_KAL,775.2,569.1,623,516,927,621,,,,,,Mostly Sunny,
2026-05-15 13:33:51,RPi_001,rpi_camera,627,4,1,26.8,20.1,538,447,0.0538,0.0447,0.5,0.5,0.2500,0.5m x 0.5m,0.44,IE_KAL,775.7,569.2,623,516,927,621,,,,,,Mostly Sunny,
2026-05-15 13:33:51,RPi_001,rpi_camera,628,4,1,26.3,20.1,528,447,0.0528,0.0447,0.5,0.5,0.2500,0.5m x 0.5m,0.37,IE_KAL,776.2,569.1,624,516,928,621,,,,,,Mostly Sunny,
2026-05-15 13:33:51,RPi_001,rpi_camera,629,4,1,26.8,20.1,538,448,0.0538,0.0448,0.5,0.5,0.2500,0.5m x 0.5m,0.39,IE_KAL,775.5,569.1,623,516,927,621,,,,,,Mostly Sunny,
2026-05-15 13:33:51,RPi_001,rpi_camera,630,4,1,26.8,20.1,538,449,0.0538,0.0449,0.5,0.5,0.2500,0.5m x 0.5m,0.49,IE_KAL,775.6,569.2,623,516,927,621,,,,,,Mostly Sunny,
2026-05-15 13:33:51,RPi_001,rpi_camera,631,4,1,26.3,20.1,528,444,0.0528,0.0444,0.5,0.5,0.2500,0.5m x 0.5m,0.38,IE_KAL,776.1,569.1,624,516,927,621,,,,,,Mostly Sunny,
2026-05-15 13:33:52,RPi_001,rpi_camera,633,4,1,26.8,20.1,538,447,0.0538,0.0447,0.5,0.5,0.2500,0.5m x 0.5m,0.38,IE_KAL,775.5,569.1,623,516,927,621,,,,,,Mostly Sunny,
2026-05-15 13:33:52,RPi_001,rpi_camera,634,4,1,26.8,20.1,538,448,0.0538,0.0448,0.5,0.5,0.2500,0.5m x 0.5m,0.45,IE_KAL,775.6,569.2,623,516,927,621,,,,,,Mostly Sunny,
2026-05-15 13:33:52,RPi_001,rpi_camera,635,4,1,26.8,20.1,538,449,0.0538,0.0449,0.5,0.5,0.2500,0.5m x 0.5m,0.45,IE_KAL,775.8,569.2,623,516,927,621,,,,,,Mostly Sunny,
2026-05-15 13:33:52,RPi_001,rpi_camera,636,4,1,26.3,20.1,528,445,0.0528,0.0445,0.5,0.5,0.2500,0.5m x 0.5m,0.40,IE_KAL,776.3,569.2,624,516,928,621,,,,,,Mostly Sunny,
2026-05-15 13:33:52,RPi_001,rpi_camera,637,4,1,26.8,20.1,538,449,0.0538,0.0449,0.5,0.5,0.2500,0.5m x 0.5m,0.42,IE_KAL,775.3,569.1,623,516,927,621,,,,,,Mostly Sunny,
2026-05-15 13:33:52,RPi_001,rpi_camera,638,4,1,26.8,20.1,538,448,0.0538,0.0448,0.5,0.5,0.2500,0.5m x 0.5m,0.42,IE_KAL,775.4,569.2,623,516,927,621,,,,,,Mostly Sunny,
2026-05-15 13:33:52,RPi_001,rpi_camera,639,4,1,26.8,20.1,538,448,0.0538,0.0448,0.5,0.5,0.2500,0.5m x 0.5m,0.42,IE_KAL,775.5,569.2,623,516,927,621,,,,,,Mostly Sunny,
2026-05-15 13:33:52,RPi_001,rpi_camera,640,4,1,26.3,20.1,528,447,0.0528,0.0447,0.5,0.5,0.2500,0.5m x 0.5m,0.42,IE_KAL,776.1,569.1,624,516,928,621,,,,,,Mostly Sunny,
2026-05-15 13:33:52,RPi_001,rpi_camera,641,4,1,26.8,20.1,538,446,0.0538,0.0446,0.5,0.5,0.2500,0.5m x 0.5m,0.43,IE_KAL,775.8,569.2,623,516,927,621,,,,,,Mostly Sunny,
2026-05-15 13:33:52,RPi_001,rpi_camera,642,4,1,26.3,20.1,528,446,0.0528,0.0446,0.5,0.5,0.2500,0.5m x 0.5m,0.43,IE_KAL,776.4,569.2,624,516,928,621,,,,,,Mostly Sunny,
2026-05-15 13:33:52,RPi_001,rpi_camera,643,4,1,26.8,20.1,538,447,0.0538,0.0447,0.5,0.5,0.2500,0.5m x 0.5m,0.43,IE_KAL,776.0,569.2,624,516,927,621,,,,,,Mostly Sunny,
2026-05-15 13:33:52,RPi_001,rpi_camera,644,4,1,26.3,20.1,528,443,0.0528,0.0443,0.5,0.5,0.2500,0.5m x 0.5m,0.39,IE_KAL,776.3,569.1,624,516,928,621,,,,,,Mostly Sunny,
2026-05-15 13:33:53,RPi_001,rpi_camera,645,4,1,26.8,20.1,538,448,0.0538,0.0448,0.5,0.5,0.2500,0.5m x 0.5m,0.42,IE_KAL,775.6,569.2,623,516,927,621,,,,,,Mostly Sunny,
2026-05-15 13:33:53,RPi_001,rpi_camera,646,4,1,26.3,20.9,550,450,0.0550,0.0450,0.5,0.5,0.2500,0.5m x 0.5m,0.41,IE_KAL,775.9,569.5,623,516,927,622,,,,,,Mostly Sunny,
2026-05-15 13:33:53,RPi_001,rpi_camera,647,4,1,26.0,20.9,543,444,0.0543,0.0444,0.5,0.5,0.2500,0.5m x 0.5m,0.36,IE_KAL,775.5,569.6,623,516,927,622,,,,,,Mostly Sunny,
2026-05-15 13:33:53,RPi_001,rpi_camera,648,4,1,26.3,20.1,528,446,0.0528,0.0446,0.5,0.5,0.2500,0.5m x 0.5m,0.41,IE_KAL,776.4,569.1,624,516,928,621,,,,,,Mostly Sunny,
2026-05-15 13:33:53,RPi_001,rpi_camera,649,4,1,26.3,20.9,550,449,0.0550,0.0449,0.5,0.5,0.2500,0.5m x 0.5m,0.35,IE_KAL,776.3,569.6,624,516,928,622,,,,,,Mostly Sunny,
2026-05-15 13:33:53,RPi_001,rpi_camera,650,4,1,26.3,20.1,528,447,0.0528,0.0447,0.5,0.5,0.2500,0.5m x 0.5m,0.46,IE_KAL,776.3,569.1,624,516,928,621,,,,,,Mostly Sunny,
2026-05-15 13:33:53,RPi_001,rpi_camera,651,4,1,26.3,20.1,528,446,0.0528,0.0446,0.5,0.5,0.2500,0.5m x 0.5m,0.35,IE_KAL,776.1,569.0,624,516,927,621,,,,,,Mostly Sunny,
2026-05-15 13:33:53,RPi_001,rpi_camera,652,4,1,26.8,20.1,538,448,0.0538,0.0448,0.5,0.5,0.2500,0.5m x 0.5m,0.49,IE_KAL,775.9,569.2,624,516,927,621,,,,,,Mostly Sunny,
2026-05-15 13:33:53,RPi_001,rpi_camera,653,4,1,26.3,20.1,528,444,0.0528,0.0444,0.5,0.5,0.2500,0.5m x 0.5m,0.37,IE_KAL,776.7,569.2,624,516,928,621,,,,,,Mostly Sunny,
2026-05-15 13:33:53,RPi_001,rpi_camera,654,4,1,26.3,20.9,550,453,0.0550,0.0453,0.5,0.5,0.2500,0.5m x 0.5m,0.40,IE_KAL,775.9,569.5,623,516,927,622,,,,,,Mostly Sunny,
2026-05-15 13:33:53,RPi_001,rpi_camera,655,4,1,26.3,20.1,528,443,0.0528,0.0443,0.5,0.5,0.2500,0.5m x 0.5m,0.41,IE_KAL,776.2,569.1,624,516,928,621,,,,,,Mostly Sunny,
2026-05-15 13:33:53,RPi_001,rpi_camera,656,4,1,26.3,20.1,528,447,0.0528,0.0447,0.5,0.5,0.2500,0.5m x 0.5m,0.40,IE_KAL,776.7,569.2,624,516,928,621,,,,,,Mostly Sunny,
2026-05-15 13:33:53,RPi_001,rpi_camera,657,4,1,26.3,20.9,550,450,0.0550,0.0450,0.5,0.5,0.2500,0.5m x 0.5m,0.41,IE_KAL,776.2,569.5,624,516,928,622,,,,,,Mostly Sunny,
2026-05-15 13:33:53,RPi_001,rpi_camera,658,4,1,26.8,20.1,538,448,0.0538,0.0448,0.5,0.5,0.2500,0.5m x 0.5m,0.42,IE_KAL,775.9,569.2,623,516,927,621,,,,,,Mostly Sunny,
2026-05-15 13:33:53,RPi_001,rpi_camera,659,4,1,26.3,20.1,528,441,0.0528,0.0441,0.5,0.5,0.2500,0.5m x 0.5m,0.42,IE_KAL,776.4,569.1,624,516,928,621,,,,,,Mostly Sunny,
2026-05-15 13:33:53,RPi_001,rpi_camera,660,4,1,26.8,20.1,538,446,0.0538,0.0446,0.5,0.5,0.2500,0.5m x 0.5m,0.36,IE_KAL,775.4,569.2,623,516,927,621,,,,,,Mostly Sunny,
2026-05-15 13:33:54,RPi_001,rpi_camera,661,4,1,26.8,20.1,538,446,0.0538,0.0446,0.5,0.5,0.2500,0.5m x 0.5m,0.39,IE_KAL,775.8,569.2,623,516,927,621,,,,,,Mostly Sunny,
2026-05-15 13:33:54,RPi_001,rpi_camera,662,4,1,26.3,20.1,528,445,0.0528,0.0445,0.5,0.5,0.2500,0.5m x 0.5m,0.44,IE_KAL,776.3,569.2,624,516,928,621,,,,,,Mostly Sunny,
2026-05-15 13:33:54,RPi_001,rpi_camera,664,4,1,26.8,20.1,538,449,0.0538,0.0449,0.5,0.5,0.2500,0.5m x 0.5m,0.42,IE_KAL,775.5,569.1,623,516,927,621,,,,,,Mostly Sunny,
2026-05-15 13:33:54,RPi_001,rpi_camera,665,4,1,26.3,20.1,528,443,0.0528,0.0443,0.5,0.5,0.2500,0.5m x 0.5m,0.43,IE_KAL,776.7,569.1,624,516,928,621,,,,,,Mostly Sunny,
2026-05-15 13:33:54,RPi_001,rpi_camera,666,4,1,26.3,20.9,550,452,0.0550,0.0452,0.5,0.5,0.2500,0.5m x 0.5m,0.40,IE_KAL,776.0,569.5,623,516,928,622,,,,,,Mostly Sunny,
2026-05-15 13:33:54,RPi_001,rpi_camera,667,4,1,26.3,19.6,516,437,0.0516,0.0437,0.5,0.5,0.2500,0.5m x 0.5m,0.47,IE_KAL,775.9,569.5,624,517,927,621,,,,,,Mostly Sunny,
2026-05-15 13:33:54,RPi_001,rpi_camera,669,4,1,26.4,21.0,554,464,0.0554,0.0464,0.5,0.5,0.2500,0.5m x 0.5m,0.39,IE_KAL,777.2,568.4,625,516,928,620,,,,,,Mostly Sunny,
2026-05-15 13:33:54,RPi_001,rpi_camera,670,4,1,26.3,20.9,550,453,0.0550,0.0453,0.5,0.5,0.2500,0.5m x 0.5m,0.47,IE_KAL,775.9,569.5,623,516,927,622,,,,,,Mostly Sunny,
2026-05-15 13:33:54,RPi_001,rpi_camera,671,4,1,26.8,20.1,538,450,0.0538,0.0450,0.5,0.5,0.2500,0.5m x 0.5m,0.50,IE_KAL,775.5,569.2,623,516,927,621,,,,,,Mostly Sunny,
2026-05-15 13:33:54,RPi_001,rpi_camera,672,4,1,26.0,20.1,522,441,0.0522,0.0441,0.5,0.5,0.2500,0.5m x 0.5m,0.44,IE_KAL,775.6,569.2,623,516,927,621,,,,,,Mostly Sunny,
2026-05-15 13:33:55,RPi_001,rpi_camera,673,4,1,26.3,20.1,528,447,0.0528,0.0447,0.5,0.5,0.2500,0.5m x 0.5m,0.47,IE_KAL,776.3,569.2,624,516,928,621,,,,,,Mostly Sunny,
2026-05-15 13:33:55,RPi_001,rpi_camera,674,4,1,26.3,20.9,550,451,0.0550,0.0451,0.5,0.5,0.2500,0.5m x 0.5m,0.38,IE_KAL,775.6,569.7,623,517,927,622,,,,,,Mostly Sunny,
2026-05-15 13:33:55,RPi_001,rpi_camera,675,4,1,26.3,20.1,528,445,0.0528,0.0445,0.5,0.5,0.2500,0.5m x 0.5m,0.44,IE_KAL,776.0,569.2,624,516,927,621,,,,,,Mostly Sunny,
2026-05-15 13:33:55,RPi_001,rpi_camera,676,4,1,26.3,20.1,528,444,0.0528,0.0444,0.5,0.5,0.2500,0.5m x 0.5m,0.49,IE_KAL,775.9,569.3,623,516,927,621,,,,,,Mostly Sunny,
2026-05-15 13:33:55,RPi_001,rpi_camera,677,4,1,26.3,20.1,528,444,0.0528,0.0444,0.5,0.5,0.2500,0.5m x 0.5m,0.49,IE_KAL,776.2,569.2,624,516,928,621,,,,,,Mostly Sunny,
2026-05-15 13:33:55,RPi_001,rpi_camera,678,4,1,26.3,20.1,528,444,0.0528,0.0444,0.5,0.5,0.2500,0.5m x 0.5m,0.42,IE_KAL,776.0,569.3,624,516,927,621,,,,,,Mostly Sunny,
2026-05-15 13:33:55,RPi_001,rpi_camera,679,4,1,26.3,20.1,528,446,0.0528,0.0446,0.5,0.5,0.2500,0.5m x 0.5m,0.54,IE_KAL,776.2,569.3,624,516,928,621,,,,,,Mostly Sunny,
2026-05-15 13:33:55,RPi_001,rpi_camera,680,4,1,26.3,20.1,528,445,0.0528,0.0445,0.5,0.5,0.2500,0.5m x 0.5m,0.44,IE_KAL,776.3,569.2,624,516,928,621,,,,,,Mostly Sunny,
2026-05-15 13:33:55,RPi_001,rpi_camera,681,4,1,26.3,20.1,528,445,0.0528,0.0445,0.5,0.5,0.2500,0.5m x 0.5m,0.49,IE_KAL,775.7,569.2,623,516,927,621,,,,,,Mostly Sunny,
2026-05-15 13:33:55,RPi_001,rpi_camera,682,4,1,26.9,21.0,565,464,0.0565,0.0464,0.5,0.5,0.2500,0.5m x 0.5m,0.48,IE_KAL,776.5,568.6,624,516,928,620,,,,,,Mostly Sunny,
2026-05-15 13:34:13,RPi_001,rpi_camera,983,5,1,22.8,13.0,297,250,0.0297,0.0250,0.5,0.5,0.2500,0.5m x 0.5m,0.56,IE_KAL,1403.7,1022.3,1122,789,1685,1079,,,,,,Mostly Sunny,/home/pi/pothole_crops_20260515_133308/pothole_track5.jpg
2026-05-15 13:34:13,RPi_001,rpi_camera,984,5,1,22.9,12.0,274,239,0.0274,0.0239,0.5,0.5,0.2500,0.5m x 0.5m,0.59,IE_KAL,1403.6,1025.7,1119,791,1687,1079,,,,,,Mostly Sunny,
2026-05-15 13:34:13,RPi_001,rpi_camera,985,5,1,23.5,12.0,281,244,0.0281,0.0244,0.5,0.5,0.2500,0.5m x 0.5m,0.56,IE_KAL,1405.5,1025.8,1121,791,1689,1079,,,,,,Mostly Sunny,
2026-05-15 13:34:13,RPi_001,rpi_camera,986,5,1,23.9,12.0,287,247,0.0287,0.0247,0.5,0.5,0.2500,0.5m x 0.5m,0.49,IE_KAL,1406.4,1024.8,1122,792,1690,1079,,,,,,Mostly Sunny,
2026-05-15 13:34:13,RPi_001,rpi_camera,987,5,1,23.0,11.9,274,240,0.0274,0.0240,0.5,0.5,0.2500,0.5m x 0.5m,0.54,IE_KAL,1403.4,1024.7,1119,792,1687,1079,,,,,,Mostly Sunny,
2026-05-15 13:34:13,RPi_001,rpi_camera,988,5,1,23.1,12.2,282,244,0.0282,0.0244,0.5,0.5,0.2500,0.5m x 0.5m,0.55,IE_KAL,1404.1,1025.4,1120,791,1688,1079,,,,,,Mostly Sunny,
2026-05-15 13:34:14,RPi_001,rpi_camera,989,5,1,23.1,12.0,278,241,0.0278,0.0241,0.5,0.5,0.2500,0.5m x 0.5m,0.56,IE_KAL,1403.0,1024.3,1119,791,1686,1079,,,,,,Mostly Sunny,
2026-05-15 13:34:14,RPi_001,rpi_camera,990,5,1,22.8,12.0,273,240,0.0273,0.0240,0.5,0.5,0.2500,0.5m x 0.5m,0.58,IE_KAL,1402.8,1024.9,1118,791,1686,1079,,,,,,Mostly Sunny,
2026-05-15 13:34:14,RPi_001,rpi_camera,991,5,1,22.8,12.0,273,239,0.0273,0.0239,0.5,0.5,0.2500,0.5m x 0.5m,0.59,IE_KAL,1403.3,1025.1,1119,791,1687,1079,,,,,,Mostly Sunny,
2026-05-15 13:34:14,RPi_001,rpi_camera,992,5,1,23.0,12.1,278,242,0.0278,0.0242,0.5,0.5,0.2500,0.5m x 0.5m,0.57,IE_KAL,1403.9,1024.8,1120,790,1687,1079,,,,,,Mostly Sunny,
2026-05-15 13:34:14,RPi_001,rpi_camera,993,5,1,23.0,12.0,277,241,0.0277,0.0241,0.5,0.5,0.2500,0.5m x 0.5m,0.56,IE_KAL,1403.3,1024.2,1119,791,1686,1079,,,,,,Mostly Sunny,
2026-05-15 13:34:14,RPi_001,rpi_camera,994,5,1,22.8,11.9,272,239,0.0272,0.0239,0.5,0.5,0.2500,0.5m x 0.5m,0.60,IE_KAL,1403.1,1024.7,1119,792,1686,1079,,,,,,Mostly Sunny,
2026-05-15 13:34:14,RPi_001,rpi_camera,995,5,1,23.4,12.0,281,245,0.0281,0.0245,0.5,0.5,0.2500,0.5m x 0.5m,0.51,IE_KAL,1405.3,1024.6,1121,791,1688,1079,,,,,,Mostly Sunny,
2026-05-15 13:34:14,RPi_001,rpi_camera,996,5,1,23.2,11.9,276,243,0.0276,0.0243,0.5,0.5,0.2500,0.5m x 0.5m,0.56,IE_KAL,1404.2,1024.7,1120,792,1687,1079,,,,,,Mostly Sunny,
2026-05-15 13:34:14,RPi_001,rpi_camera,997,5,1,23.1,11.9,275,241,0.0275,0.0241,0.5,0.5,0.2500,0.5m x 0.5m,0.56,IE_KAL,1403.9,1024.8,1120,792,1687,1079,,,,,,Mostly Sunny,
2026-05-15 13:34:14,RPi_001,rpi_camera,998,5,1,23.4,12.1,284,248,0.0284,0.0248,0.5,0.5,0.2500,0.5m x 0.5m,0.64,IE_KAL,1404.7,1023.8,1121,791,1687,1079,,,,,,Mostly Sunny,
2026-05-15 13:34:14,RPi_001,rpi_camera,999,5,1,23.4,12.0,282,248,0.0282,0.0248,0.5,0.5,0.2500,0.5m x 0.5m,0.64,IE_KAL,1405.8,1024.2,1122,791,1689,1079,,,,,,Mostly Sunny,
2026-05-15 13:34:14,RPi_001,rpi_camera,1000,5,1,23.2,12.0,279,245,0.0279,0.0245,0.5,0.5,0.2500,0.5m x 0.5m,0.64,IE_KAL,1404.1,1024.3,1120,791,1687,1079,,,,,,Mostly Sunny,
2026-05-15 13:34:14,RPi_001,rpi_camera,1001,5,1,23.2,12.1,282,247,0.0282,0.0247,0.5,0.5,0.2500,0.5m x 0.5m,0.65,IE_KAL,1404.2,1023.9,1120,791,1687,1079,,,,,,Mostly Sunny,
2026-05-15 13:34:14,RPi_001,rpi_camera,1002,5,1,23.1,12.0,278,245,0.0278,0.0245,0.5,0.5,0.2500,0.5m x 0.5m,0.66,IE_KAL,1404.7,1024.1,1120,791,1688,1079,,,,,,Mostly Sunny,
2026-05-15 13:34:14,RPi_001,rpi_camera,1003,5,1,23.4,12.0,281,247,0.0281,0.0247,0.5,0.5,0.2500,0.5m x 0.5m,0.62,IE_KAL,1404.7,1024.0,1121,791,1688,1079,,,,,,Mostly Sunny,
2026-05-15 13:34:14,RPi_001,rpi_camera,1004,5,1,23.3,12.2,284,248,0.0284,0.0248,0.5,0.5,0.2500,0.5m x 0.5m,0.62,IE_KAL,1405.4,1024.2,1121,790,1689,1079,,,,,,Mostly Sunny,
2026-05-15 13:34:15,RPi_001,rpi_camera,1005,5,1,23.4,12.1,283,248,0.0283,0.0248,0.5,0.5,0.2500,0.5m x 0.5m,0.66,IE_KAL,1405.7,1024.6,1122,790,1689,1079,,,,,,Mostly Sunny,
2026-05-15 13:34:15,RPi_001,rpi_camera,1006,5,1,23.4,12.0,281,246,0.0281,0.0246,0.5,0.5,0.2500,0.5m x 0.5m,0.66,IE_KAL,1404.9,1024.4,1121,791,1688,1079,,,,,,Mostly Sunny,
2026-05-15 13:34:15,RPi_001,rpi_camera,1007,5,1,23.2,12.1,282,247,0.0282,0.0247,0.5,0.5,0.2500,0.5m x 0.5m,0.64,IE_KAL,1404.4,1023.8,1121,791,1687,1079,,,,,,Mostly Sunny,
2026-05-15 13:34:15,RPi_001,rpi_camera,1008,5,1,23.4,12.1,282,247,0.0282,0.0247,0.5,0.5,0.2500,0.5m x 0.5m,0.64,IE_KAL,1404.6,1024.5,1120,790,1688,1079,,,,,,Mostly Sunny,
2026-05-15 13:34:15,RPi_001,rpi_camera,1009,5,1,23.2,12.0,279,245,0.0279,0.0245,0.5,0.5,0.2500,0.5m x 0.5m,0.65,IE_KAL,1404.1,1024.2,1120,791,1687,1079,,,,,,Mostly Sunny,
2026-05-15 13:34:15,RPi_001,rpi_camera,1010,5,1,23.4,12.0,281,247,0.0281,0.0247,0.5,0.5,0.2500,0.5m x 0.5m,0.64,IE_KAL,1405.0,1024.0,1121,791,1688,1079,,,,,,Mostly Sunny,
2026-05-15 13:34:15,RPi_001,rpi_camera,1011,5,1,23.2,12.0,279,245,0.0279,0.0245,0.5,0.5,0.2500,0.5m x 0.5m,0.64,IE_KAL,1404.3,1024.2,1120,791,1688,1079,,,,,,Mostly Sunny,
2026-05-15 13:34:15,RPi_001,rpi_camera,1012,5,1,23.2,12.0,279,245,0.0279,0.0245,0.5,0.5,0.2500,0.5m x 0.5m,0.65,IE_KAL,1404.0,1024.2,1120,791,1687,1079,,,,,,Mostly Sunny,
2026-05-15 13:34:15,RPi_001,rpi_camera,1013,5,1,23.4,12.2,285,247,0.0285,0.0247,0.5,0.5,0.2500,0.5m x 0.5m,0.62,IE_KAL,1404.6,1024.3,1120,790,1688,1079,,,,,,Mostly Sunny,
2026-05-15 13:34:15,RPi_001,rpi_camera,1014,5,1,23.3,12.1,281,246,0.0281,0.0246,0.5,0.5,0.2500,0.5m x 0.5m,0.65,IE_KAL,1405.0,1024.5,1121,790,1688,1079,,,,,,Mostly Sunny,
2026-05-15 13:34:15,RPi_001,rpi_camera,1015,5,1,23.3,12.1,283,247,0.0283,0.0247,0.5,0.5,0.2500,0.5m x 0.5m,0.63,IE_KAL,1404.8,1023.9,1121,791,1688,1079,,,,,,Mostly Sunny,
2026-05-15 13:34:15,RPi_001,rpi_camera,1016,5,1,23.2,12.1,280,246,0.0280,0.0246,0.5,0.5,0.2500,0.5m x 0.5m,0.62,IE_KAL,1404.2,1024.5,1120,790,1687,1079,,,,,,Mostly Sunny,
2026-05-15 13:34:16,RPi_001,rpi_camera,1017,5,1,23.4,12.0,281,246,0.0281,0.0246,0.5,0.5,0.2500,0.5m x 0.5m,0.64,IE_KAL,1404.9,1024.2,1121,791,1688,1079,,,,,,Mostly Sunny,
2026-05-15 13:34:16,RPi_001,rpi_camera,1018,5,1,23.2,12.0,279,244,0.0279,0.0244,0.5,0.5,0.2500,0.5m x 0.5m,0.63,IE_KAL,1404.1,1024.4,1120,791,1687,1079,,,,,,Mostly Sunny,
2026-05-15 13:34:16,RPi_001,rpi_camera,1019,5,1,23.1,12.0,278,244,0.0278,0.0244,0.5,0.5,0.2500,0.5m x 0.5m,0.60,IE_KAL,1404.4,1024.2,1120,791,1688,1079,,,,,,Mostly Sunny,
2026-05-15 13:34:16,RPi_001,rpi_camera,1020,5,1,23.1,12.0,278,245,0.0278,0.0245,0.5,0.5,0.2500,0.5m x 0.5m,0.64,IE_KAL,1404.5,1024.2,1120,791,1688,1079,,,,,,Mostly Sunny,
2026-05-15 13:34:16,RPi_001,rpi_camera,1021,5,1,23.4,12.2,285,248,0.0285,0.0248,0.5,0.5,0.2500,0.5m x 0.5m,0.64,IE_KAL,1404.7,1024.2,1121,790,1688,1079,,,,,,Mostly Sunny,
2026-05-15 13:34:16,RPi_001,rpi_camera,1022,5,1,23.2,12.0,279,247,0.0279,0.0247,0.5,0.5,0.2500,0.5m x 0.5m,0.64,IE_KAL,1404.9,1023.9,1121,791,1688,1079,,,,,,Mostly Sunny,
2026-05-15 13:34:16,RPi_001,rpi_camera,1023,5,1,23.4,12.0,281,246,0.0281,0.0246,0.5,0.5,0.2500,0.5m x 0.5m,0.64,IE_KAL,1404.8,1024.2,1121,791,1688,1079,,,,,,Mostly Sunny,
2026-05-15 13:34:16,RPi_001,rpi_camera,1024,5,1,23.4,12.0,281,246,0.0281,0.0246,0.5,0.5,0.2500,0.5m x 0.5m,0.62,IE_KAL,1404.8,1024.2,1121,791,1688,1079,,,,,,Mostly Sunny,
2026-05-15 13:34:16,RPi_001,rpi_camera,1025,5,1,23.4,12.1,282,247,0.0282,0.0247,0.5,0.5,0.2500,0.5m x 0.5m,0.65,IE_KAL,1404.6,1024.6,1120,790,1688,1079,,,,,,Mostly Sunny,
2026-05-15 13:34:16,RPi_001,rpi_camera,1026,5,1,23.4,12.1,284,249,0.0284,0.0249,0.5,0.5,0.2500,0.5m x 0.5m,0.66,IE_KAL,1405.1,1023.9,1121,791,1688,1079,,,,,,Mostly Sunny,
2026-05-15 13:34:16,RPi_001,rpi_camera,1027,5,1,23.5,12.1,284,248,0.0284,0.0248,0.5,0.5,0.2500,0.5m x 0.5m,0.64,IE_KAL,1405.0,1024.5,1121,790,1688,1079,,,,,,Mostly Sunny,
2026-05-15 13:34:16,RPi_001,rpi_camera,1028,5,1,23.4,12.0,281,246,0.0281,0.0246,0.5,0.5,0.2500,0.5m x 0.5m,0.65,IE_KAL,1404.7,1024.1,1120,791,1688,1079,,,,,,Mostly Sunny,
2026-05-15 13:34:16,RPi_001,rpi_camera,1029,5,1,23.4,12.2,285,249,0.0285,0.0249,0.5,0.5,0.2500,0.5m x 0.5m,0.65,IE_KAL,1405.0,1024.1,1121,790,1688,1079,,,,,,Mostly Sunny,
2026-05-15 13:34:16,RPi_001,rpi_camera,1030,5,1,23.4,12.0,281,247,0.0281,0.0247,0.5,0.5,0.2500,0.5m x 0.5m,0.64,IE_KAL,1405.3,1024.2,1121,791,1688,1079,,,,,,Mostly Sunny,
2026-05-15 13:34:16,RPi_001,rpi_camera,1031,5,1,23.4,12.1,282,246,0.0282,0.0246,0.5,0.5,0.2500,0.5m x 0.5m,0.62,IE_KAL,1404.9,1024.6,1121,790,1688,1079,,,,,,Mostly Sunny,
2026-05-15 13:34:16,RPi_001,rpi_camera,1032,5,1,23.4,12.0,282,247,0.0282,0.0247,0.5,0.5,0.2500,0.5m x 0.5m,0.64,IE_KAL,1405.5,1024.3,1121,791,1689,1079,,,,,,Mostly Sunny,
2026-05-15 13:34:17,RPi_001,rpi_camera,1033,5,1,23.4,12.0,281,247,0.0281,0.0247,0.5,0.5,0.2500,0.5m x 0.5m,0.66,IE_KAL,1405.0,1024.2,1121,791,1688,1079,,,,,,Mostly Sunny,
2026-05-15 13:34:17,RPi_001,rpi_camera,1034,5,1,23.2,12.0,279,246,0.0279,0.0246,0.5,0.5,0.2500,0.5m x 0.5m,0.60,IE_KAL,1404.4,1024.1,1120,791,1688,1079,,,,,,Mostly Sunny,
2026-05-15 13:34:17,RPi_001,rpi_camera,1035,5,1,23.3,12.2,284,249,0.0284,0.0249,0.5,0.5,0.2500,0.5m x 0.5m,0.64,IE_KAL,1405.4,1024.1,1121,790,1689,1079,,,,,,Mostly Sunny,
2026-05-15 13:34:17,RPi_001,rpi_camera,1036,5,1,23.2,12.0,279,245,0.0279,0.0245,0.5,0.5,0.2500,0.5m x 0.5m,0.66,IE_KAL,1404.4,1024.1,1120,791,1688,1079,,,,,,Mostly Sunny,
2026-05-15 13:34:17,RPi_001,rpi_camera,1037,5,1,23.2,12.0,279,246,0.0279,0.0246,0.5,0.5,0.2500,0.5m x 0.5m,0.63,IE_KAL,1404.5,1024.1,1120,791,1688,1079,,,,,,Mostly Sunny,
2026-05-15 13:34:17,RPi_001,rpi_camera,1038,5,1,23.2,12.1,280,246,0.0280,0.0246,0.5,0.5,0.2500,0.5m x 0.5m,0.63,IE_KAL,1404.4,1024.6,1120,790,1688,1079,,,,,,Mostly Sunny,
2026-05-15 13:34:17,RPi_001,rpi_camera,1039,5,1,23.3,12.0,280,247,0.0280,0.0247,0.5,0.5,0.2500,0.5m x 0.5m,0.64,IE_KAL,1405.2,1024.0,1121,791,1688,1079,,,,,,Mostly Sunny,
2026-05-15 13:34:17,RPi_001,rpi_camera,1040,5,1,23.3,12.3,286,250,0.0286,0.0250,0.5,0.5,0.2500,0.5m x 0.5m,0.65,IE_KAL,1405.2,1024.5,1121,790,1688,1079,,,,,,Mostly Sunny,
2026-05-15 13:34:17,RPi_001,rpi_camera,1041,5,1,23.4,12.2,285,250,0.0285,0.0250,0.5,0.5,0.2500,0.5m x 0.5m,0.63,IE_KAL,1405.3,1024.1,1121,790,1688,1079,,,,,,Mostly Sunny,
2026-05-15 13:34:17,RPi_001,rpi_camera,1042,5,1,23.4,12.1,282,248,0.0282,0.0248,0.5,0.5,0.2500,0.5m x 0.5m,0.65,IE_KAL,1404.6,1024.5,1120,790,1688,1079,,,,,,Mostly Sunny,
2026-05-15 13:34:17,RPi_001,rpi_camera,1043,5,1,23.3,12.1,281,247,0.0281,0.0247,0.5,0.5,0.2500,0.5m x 0.5m,0.66,IE_KAL,1405.2,1024.5,1121,790,1688,1079,,,,,,Mostly Sunny,
2026-05-15 13:34:17,RPi_001,rpi_camera,1044,5,1,23.3,12.0,280,247,0.0280,0.0247,0.5,0.5,0.2500,0.5m x 0.5m,0.63,IE_KAL,1405.4,1024.2,1121,791,1689,1079,,,,,,Mostly Sunny,
2026-05-15 13:34:18,RPi_001,rpi_camera,1045,5,1,23.3,12.1,281,247,0.0281,0.0247,0.5,0.5,0.2500,0.5m x 0.5m,0.65,IE_KAL,1405.3,1024.5,1121,790,1688,1079,,,,,,Mostly Sunny,
2026-05-15 13:34:18,RPi_001,rpi_camera,1046,5,1,23.3,12.1,281,246,0.0281,0.0246,0.5,0.5,0.2500,0.5m x 0.5m,0.66,IE_KAL,1404.8,1024.5,1121,790,1688,1079,,,,,,Mostly Sunny,
2026-05-15 13:34:18,RPi_001,rpi_camera,1047,5,1,23.4,12.0,281,246,0.0281,0.0246,0.5,0.5,0.2500,0.5m x 0.5m,0.64,IE_KAL,1404.7,1024.2,1121,791,1688,1079,,,,,,Mostly Sunny,
2026-05-15 13:34:18,RPi_001,rpi_camera,1048,5,1,23.2,12.1,282,247,0.0282,0.0247,0.5,0.5,0.2500,0.5m x 0.5m,0.65,IE_KAL,1404.5,1023.9,1121,791,1687,1079,,,,,,Mostly Sunny,
2026-05-15 13:34:18,RPi_001,rpi_camera,1049,5,1,23.1,12.0,278,245,0.0278,0.0245,0.5,0.5,0.2500,0.5m x 0.5m,0.62,IE_KAL,1404.5,1024.2,1120,791,1688,1079,,,,,,Mostly Sunny,
2026-05-15 13:34:18,RPi_001,rpi_camera,1050,5,1,23.4,12.1,282,247,0.0282,0.0247,0.5,0.5,0.2500,0.5m x 0.5m,0.64,IE_KAL,1404.9,1024.4,1121,790,1688,1079,,,,,,Mostly Sunny,
2026-05-15 13:34:18,RPi_001,rpi_camera,1051,5,1,23.1,12.1,279,245,0.0279,0.0245,0.5,0.5,0.2500,0.5m x 0.5m,0.63,IE_KAL,1404.8,1024.5,1121,790,1688,1079,,,,,,Mostly Sunny,
2026-05-15 13:34:18,RPi_001,rpi_camera,1052,5,1,23.4,12.0,281,248,0.0281,0.0248,0.5,0.5,0.2500,0.5m x 0.5m,0.64,IE_KAL,1405.3,1024.0,1121,791,1688,1079,,,,,,Mostly Sunny,
2026-05-15 13:34:18,RPi_001,rpi_camera,1053,5,1,23.3,12.0,280,246,0.0280,0.0246,0.5,0.5,0.2500,0.5m x 0.5m,0.66,IE_KAL,1405.3,1024.1,1121,791,1688,1079,,,,,,Mostly Sunny,
2026-05-15 13:34:18,RPi_001,rpi_camera,1054,5,1,23.4,12.0,281,247,0.0281,0.0247,0.5,0.5,0.2500,0.5m x 0.5m,0.64,IE_KAL,1405.2,1024.2,1121,791,1688,1079,,,,,,Mostly Sunny,
2026-05-15 13:34:18,RPi_001,rpi_camera,1055,5,1,23.3,12.1,281,246,0.0281,0.0246,0.5,0.5,0.2500,0.5m x 0.5m,0.66,IE_KAL,1405.0,1024.5,1121,790,1688,1079,,,,,,Mostly Sunny,
2026-05-15 13:34:18,RPi_001,rpi_camera,1056,5,1,23.3,12.0,280,247,0.0280,0.0247,0.5,0.5,0.2500,0.5m x 0.5m,0.64,IE_KAL,1405.4,1024.1,1121,791,1689,1079,,,,,,Mostly Sunny,
2026-05-15 13:34:18,RPi_001,rpi_camera,1057,5,1,23.1,12.0,278,245,0.0278,0.0245,0.5,0.5,0.2500,0.5m x 0.5m,0.65,IE_KAL,1404.5,1024.1,1120,791,1688,1079,,,,,,Mostly Sunny,
2026-05-15 13:34:18,RPi_001,rpi_camera,1058,5,1,23.4,12.0,281,246,0.0281,0.0246,0.5,0.5,0.2500,0.5m x 0.5m,0.64,IE_KAL,1404.9,1024.1,1121,791,1688,1079,,,,,,Mostly Sunny,
2026-05-15 13:34:18,RPi_001,rpi_camera,1059,5,1,23.2,12.0,279,246,0.0279,0.0246,0.5,0.5,0.2500,0.5m x 0.5m,0.62,IE_KAL,1404.3,1024.1,1120,791,1688,1079,,,,,,Mostly Sunny,
2026-05-15 13:34:18,RPi_001,rpi_camera,1060,5,1,23.1,12.1,279,246,0.0279,0.0246,0.5,0.5,0.2500,0.5m x 0.5m,0.65,IE_KAL,1404.6,1024.6,1120,790,1688,1079,,,,,,Mostly Sunny,
2026-05-15 13:34:19,RPi_001,rpi_camera,1061,5,1,23.4,12.1,282,247,0.0282,0.0247,0.5,0.5,0.2500,0.5m x 0.5m,0.65,IE_KAL,1404.6,1024.6,1120,790,1688,1079,,,,,,Mostly Sunny,
2026-05-15 13:34:19,RPi_001,rpi_camera,1062,5,1,23.2,12.0,279,245,0.0279,0.0245,0.5,0.5,0.2500,0.5m x 0.5m,0.64,IE_KAL,1404.1,1024.1,1120,791,1687,1079,,,,,,Mostly Sunny,
2026-05-15 13:34:19,RPi_001,rpi_camera,1063,5,1,23.2,12.1,280,246,0.0280,0.0246,0.5,0.5,0.2500,0.5m x 0.5m,0.63,IE_KAL,1404.1,1024.4,1120,790,1687,1079,,,,,,Mostly Sunny,
2026-05-15 13:34:19,RPi_001,rpi_camera,1064,5,1,23.1,12.1,279,245,0.0279,0.0245,0.5,0.5,0.2500,0.5m x 0.5m,0.64,IE_KAL,1404.4,1024.4,1120,790,1688,1079,,,,,,Mostly Sunny,
2026-05-15 13:34:19,RPi_001,rpi_camera,1065,5,1,23.2,12.0,279,246,0.0279,0.0246,0.5,0.5,0.2500,0.5m x 0.5m,0.62,IE_KAL,1404.5,1024.0,1120,791,1688,1079,,,,,,Mostly Sunny,
2026-05-15 13:34:19,RPi_001,rpi_camera,1066,5,1,23.1,12.1,279,245,0.0279,0.0245,0.5,0.5,0.2500,0.5m x 0.5m,0.66,IE_KAL,1404.4,1024.3,1120,790,1688,1079,,,,,,Mostly Sunny,
2026-05-15 13:34:19,RPi_001,rpi_camera,1067,5,1,23.2,12.1,280,245,0.0280,0.0245,0.5,0.5,0.2500,0.5m x 0.5m,0.63,IE_KAL,1404.3,1024.5,1120,790,1687,1079,,,,,,Mostly Sunny,
2026-05-15 13:34:19,RPi_001,rpi_camera,1068,5,1,23.3,12.0,280,246,0.0280,0.0246,0.5,0.5,0.2500,0.5m x 0.5m,0.64,IE_KAL,1405.2,1024.1,1121,791,1688,1079,,,,,,Mostly Sunny,
2026-05-15 13:34:19,RPi_001,rpi_camera,1069,5,1,23.4,12.2,285,249,0.0285,0.0249,0.5,0.5,0.2500,0.5m x 0.5m,0.63,IE_KAL,1405.0,1024.1,1121,790,1688,1079,,,,,,Mostly Sunny,
2026-05-15 13:34:19,RPi_001,rpi_camera,1070,5,1,23.1,12.0,278,246,0.0278,0.0246,0.5,0.5,0.2500,0.5m x 0.5m,0.64,IE_KAL,1404.8,1024.0,1121,791,1688,1079,,,,,,Mostly Sunny,
2026-05-15 13:34:19,RPi_001,rpi_camera,1071,5,1,23.3,12.0,280,246,0.0280,0.0246,0.5,0.5,0.2500,0.5m x 0.5m,0.65,IE_KAL,1404.7,1024.3,1120,791,1688,1079,,,,,,Mostly Sunny,
2026-05-15 13:34:19,RPi_001,rpi_camera,1072,5,1,23.2,12.0,279,245,0.0279,0.0245,0.5,0.5,0.2500,0.5m x 0.5m,0.63,IE_KAL,1404.2,1024.1,1120,791,1687,1079,,,,,,Mostly Sunny,
2026-05-15 13:34:19,RPi_001,rpi_camera,1073,5,1,23.4,12.2,285,248,0.0285,0.0248,0.5,0.5,0.2500,0.5m x 0.5m,0.64,IE_KAL,1404.4,1024.2,1120,790,1688,1079,,,,,,Mostly Sunny,
2026-05-15 13:34:19,RPi_001,rpi_camera,1074,5,1,23.3,12.1,281,246,0.0281,0.0246,0.5,0.5,0.2500,0.5m x 0.5m,0.63,IE_KAL,1405.0,1024.7,1121,790,1688,1079,,,,,,Mostly Sunny,
2026-05-15 13:34:19,RPi_001,rpi_camera,1075,5,1,23.4,12.0,281,247,0.0281,0.0247,0.5,0.5,0.2500,0.5m x 0.5m,0.65,IE_KAL,1405.0,1024.2,1121,791,1688,1079,,,,,,Mostly Sunny,
2026-05-15 13:34:19,RPi_001,rpi_camera,1076,5,1,23.4,12.1,284,248,0.0284,0.0248,0.5,0.5,0.2500,0.5m x 0.5m,0.64,IE_KAL,1405.0,1023.9,1121,791,1688,1079,,,,,,Mostly Sunny,
2026-05-15 13:34:20,RPi_001,rpi_camera,1077,5,1,23.3,12.0,280,246,0.0280,0.0246,0.5,0.5,0.2500,0.5m x 0.5m,0.64,IE_KAL,1405.0,1024.2,1121,791,1688,1079,,,,,,Mostly Sunny,
2026-05-15 13:34:20,RPi_001,rpi_camera,1078,5,1,23.3,12.1,281,246,0.0281,0.0246,0.5,0.5,0.2500,0.5m x 0.5m,0.64,IE_KAL,1405.3,1024.6,1121,790,1689,1079,,,,,,Mostly Sunny,
2026-05-15 13:34:20,RPi_001,rpi_camera,1079,5,1,23.1,11.9,275,244,0.0275,0.0244,0.5,0.5,0.2500,0.5m x 0.5m,0.61,IE_KAL,1404.7,1024.5,1121,791,1688,1079,,,,,,Mostly Sunny,
2026-05-15 13:34:20,RPi_001,rpi_camera,1080,5,1,22.9,12.0,274,242,0.0274,0.0242,0.5,0.5,0.2500,0.5m x 0.5m,0.62,IE_KAL,1404.0,1024.9,1119,791,1688,1079,,,,,,Mostly Sunny,
2026-05-15 13:34:20,RPi_001,rpi_camera,1081,5,1,23.1,12.0,278,244,0.0278,0.0244,0.5,0.5,0.2500,0.5m x 0.5m,0.62,IE_KAL,1404.4,1024.2,1120,791,1688,1079,,,,,,Mostly Sunny,
2026-05-15 13:34:20,RPi_001,rpi_camera,1082,5,1,23.1,12.0,278,243,0.0278,0.0243,0.5,0.5,0.2500,0.5m x 0.5m,0.62,IE_KAL,1404.4,1024.3,1120,791,1688,1079,,,,,,Mostly Sunny,
2026-05-15 13:34:20,RPi_001,rpi_camera,1083,5,1,23.0,11.9,274,241,0.0274,0.0241,0.5,0.5,0.2500,0.5m x 0.5m,0.58,IE_KAL,1403.8,1024.6,1120,791,1687,1079,,,,,,Mostly Sunny,
2026-05-15 13:34:20,RPi_001,rpi_camera,1084,5,1,23.1,12.1,280,241,0.0280,0.0241,0.5,0.5,0.2500,0.5m x 0.5m,0.58,IE_KAL,1404.1,1025.4,1120,791,1688,1079,,,,,,Mostly Sunny,
2026-05-15 13:34:20,RPi_001,rpi_camera,1085,5,1,23.1,12.1,279,242,0.0279,0.0242,0.5,0.5,0.2500,0.5m x 0.5m,0.61,IE_KAL,1404.1,1025.4,1119,791,1688,1079,,,,,,Mostly Sunny,
2026-05-15 13:34:20,RPi_001,rpi_camera,1086,5,1,23.3,11.9,277,241,0.0277,0.0241,0.5,0.5,0.2500,0.5m x 0.5m,0.53,IE_KAL,1404.9,1024.8,1121,792,1688,1079,,,,,,Mostly Sunny,
2026-05-15 13:34:20,RPi_001,rpi_camera,1087,5,1,23.7,12.6,298,255,0.0298,0.0255,0.5,0.5,0.2500,0.5m x 0.5m,0.51,IE_KAL,1407.5,1022.4,1125,789,1689,1079,,,,,,Mostly Sunny,
2026-05-15 13:34:20,RPi_001,rpi_camera,1088,5,1,23.4,12.1,284,246,0.0284,0.0246,0.5,0.5,0.2500,0.5m x 0.5m,0.53,IE_KAL,1406.1,1024.0,1122,791,1689,1079,,,,,,Mostly Sunny,
2026-05-15 13:34:21,RPi_001,rpi_camera,1089,5,1,23.1,12.1,280,241,0.0280,0.0241,0.5,0.5,0.2500,0.5m x 0.5m,0.58,IE_KAL,1404.7,1025.4,1120,791,1688,1079,,,,,,Mostly Sunny,
2026-05-15 13:34:21,RPi_001,rpi_camera,1090,5,1,22.7,11.7,266,228,0.0266,0.0228,0.5,0.5,0.2500,0.5m x 0.5m,0.59,IE_KAL,1402.4,1025.7,1118,792,1686,1079,,,,,,Mostly Sunny,
2026-05-15 13:34:21,RPi_001,rpi_camera,1093,5,1,24.9,24.1,599,397,0.0599,0.0397,0.5,0.5,0.2500,0.5m x 0.5m,0.44,IE_KAL,1407.5,983.4,1146,754,1668,1079,,,,,,Mostly Sunny,
2026-05-15 13:34:24,RPi_001,rpi_camera,1138,6,1,13.8,30.5,422,277,0.0422,0.0277,0.5,0.5,0.2500,0.5m x 0.5m,0.38,IE_KAL,1866.4,950.1,1618,744,1919,1079,,,,,,Mostly Sunny,/home/pi/pothole_crops_20260515_133308/pothole_track6.jpg
2026-05-15 13:34:24,RPi_001,rpi_camera,1139,6,1,14.2,30.8,438,281,0.0438,0.0281,0.5,0.5,0.2500,0.5m x 0.5m,0.45,IE_KAL,1865.1,950.8,1617,745,1919,1079,,,,,,Mostly Sunny,
2026-05-15 13:34:24,RPi_001,rpi_camera,1140,6,1,14.2,30.8,438,278,0.0438,0.0278,0.5,0.5,0.2500,0.5m x 0.5m,0.48,IE_KAL,1865.4,951.2,1617,745,1919,1079,,,,,,Mostly Sunny,
2026-05-15 13:34:24,RPi_001,rpi_camera,1141,6,1,14.2,30.7,436,276,0.0436,0.0276,0.5,0.5,0.2500,0.5m x 0.5m,0.49,IE_KAL,1865.3,951.5,1617,745,1919,1079,,,,,,Mostly Sunny,
2026-05-15 13:34:24,RPi_001,rpi_camera,1142,6,1,14.2,30.7,436,270,0.0436,0.0270,0.5,0.5,0.2500,0.5m x 0.5m,0.55,IE_KAL,1866.5,952.1,1618,745,1919,1079,,,,,,Mostly Sunny,
2026-05-15 13:34:24,RPi_001,rpi_camera,1143,6,1,14.3,31.0,443,270,0.0443,0.0270,0.5,0.5,0.2500,0.5m x 0.5m,0.40,IE_KAL,1867.8,951.6,1619,741,1919,1079,,,,,,Mostly Sunny,
2026-05-15 13:34:24,RPi_001,rpi_camera,1144,6,1,13.9,30.4,422,264,0.0422,0.0264,0.5,0.5,0.2500,0.5m x 0.5m,0.37,IE_KAL,1869.0,955.0,1618,734,1919,1079,,,,,,Mostly Sunny,
2026-05-15 13:34:24,RPi_001,rpi_camera,1150,6,1,12.8,13.5,172,147,0.0172,0.0147,0.5,0.5,0.2500,0.5m x 0.5m,0.36,IE_KAL,1856.3,993.2,1584,789,1919,1079,,,,,,Mostly Sunny,
2026-05-15 13:34:24,RPi_001,rpi_camera,1152,6,1,13.0,13.5,175,148,0.0175,0.0148,0.5,0.5,0.2500,0.5m x 0.5m,0.37,IE_KAL,1855.8,993.2,1583,789,1919,1079,,,,,,Mostly Sunny,
2026-05-15 13:34:25,RPi_001,rpi_camera,1153,6,1,13.0,13.7,178,151,0.0178,0.0151,0.5,0.5,0.2500,0.5m x 0.5m,0.36,IE_KAL,1857.6,992.6,1586,788,1919,1079,,,,,,Mostly Sunny,
2026-05-15 13:34:25,RPi_001,rpi_camera,1155,6,1,13.0,13.6,176,148,0.0176,0.0148,0.5,0.5,0.2500,0.5m x 0.5m,0.38,IE_KAL,1855.8,993.5,1583,788,1919,1079,,,,,,Mostly Sunny,
2026-05-15 13:34:25,RPi_001,rpi_camera,1156,6,1,13.0,13.5,175,149,0.0175,0.0149,0.5,0.5,0.2500,0.5m x 0.5m,0.39,IE_KAL,1857.3,993.3,1585,789,1919,1079,,,,,,Mostly Sunny,
2026-05-15 13:34:25,RPi_001,rpi_camera,1157,6,1,12.8,13.7,176,147,0.0176,0.0147,0.5,0.5,0.2500,0.5m x 0.5m,0.38,IE_KAL,1855.1,992.7,1583,788,1919,1079,,,,,,Mostly Sunny,
2026-05-15 13:34:25,RPi_001,rpi_camera,1159,6,1,13.0,13.3,172,147,0.0172,0.0147,0.5,0.5,0.2500,0.5m x 0.5m,0.43,IE_KAL,1855.5,993.3,1583,790,1919,1079,,,,,,Mostly Sunny,
2026-05-15 13:34:25,RPi_001,rpi_camera,1160,6,1,12.8,13.2,168,145,0.0168,0.0145,0.5,0.5,0.2500,0.5m x 0.5m,0.38,IE_KAL,1855.8,993.6,1583,790,1919,1079,,,,,,Mostly Sunny,
2026-05-15 13:34:25,RPi_001,rpi_camera,1162,6,1,12.6,13.4,169,143,0.0169,0.0143,0.5,0.5,0.2500,0.5m x 0.5m,0.38,IE_KAL,1855.3,993.6,1582,789,1919,1079,,,,,,Mostly Sunny,
2026-05-15 13:34:25,RPi_001,rpi_camera,1163,6,1,12.8,13.4,171,146,0.0171,0.0146,0.5,0.5,0.2500,0.5m x 0.5m,0.38,IE_KAL,1856.1,993.5,1584,789,1919,1079,,,,,,Mostly Sunny,
2026-05-15 13:34:25,RPi_001,rpi_camera,1164,6,1,13.0,13.4,173,147,0.0173,0.0147,0.5,0.5,0.2500,0.5m x 0.5m,0.38,IE_KAL,1855.6,993.6,1583,789,1919,1079,,,,,,Mostly Sunny,
2026-05-15 13:34:25,RPi_001,rpi_camera,1165,6,1,13.0,13.3,172,147,0.0172,0.0147,0.5,0.5,0.2500,0.5m x 0.5m,0.43,IE_KAL,1855.6,993.2,1583,790,1919,1079,,,,,,Mostly Sunny,
2026-05-15 13:34:25,RPi_001,rpi_camera,1167,6,1,13.0,13.4,174,148,0.0174,0.0148,0.5,0.5,0.2500,0.5m x 0.5m,0.41,IE_KAL,1855.8,992.9,1584,790,1919,1079,,,,,,Mostly Sunny,
2026-05-15 13:34:25,RPi_001,rpi_camera,1168,6,1,12.8,13.3,170,146,0.0170,0.0146,0.5,0.5,0.2500,0.5m x 0.5m,0.41,IE_KAL,1856.0,993.2,1583,790,1919,1079,,,,,,Mostly Sunny,
2026-05-15 13:34:26,RPi_001,rpi_camera,1169,6,1,12.8,13.4,172,145,0.0172,0.0145,0.5,0.5,0.2500,0.5m x 0.5m,0.38,IE_KAL,1854.7,993.0,1583,790,1919,1079,,,,,,Mostly Sunny,
2026-05-15 13:34:26,RPi_001,rpi_camera,1170,6,1,13.0,13.5,175,148,0.0175,0.0148,0.5,0.5,0.2500,0.5m x 0.5m,0.43,IE_KAL,1855.8,993.1,1583,789,1919,1079,,,,,,Mostly Sunny,
2026-05-15 13:34:26,RPi_001,rpi_camera,1171,6,1,12.6,13.4,168,144,0.0168,0.0144,0.5,0.5,0.2500,0.5m x 0.5m,0.40,IE_KAL,1855.0,993.5,1582,789,1919,1079,,,,,,Mostly Sunny,
2026-05-15 13:34:26,RPi_001,rpi_camera,1172,6,1,13.0,13.3,172,147,0.0172,0.0147,0.5,0.5,0.2500,0.5m x 0.5m,0.40,IE_KAL,1855.5,993.2,1583,790,1919,1079,,,,,,Mostly Sunny,
2026-05-15 13:34:26,RPi_001,rpi_camera,1173,6,1,13.0,13.4,173,147,0.0173,0.0147,0.5,0.5,0.2500,0.5m x 0.5m,0.43,IE_KAL,1855.6,993.5,1583,789,1919,1079,,,,,,Mostly Sunny,
2026-05-15 13:34:26,RPi_001,rpi_camera,1174,6,1,13.0,13.5,175,148,0.0175,0.0148,0.5,0.5,0.2500,0.5m x 0.5m,0.42,IE_KAL,1855.9,993.2,1583,789,1919,1079,,,,,,Mostly Sunny,
2026-05-15 13:34:26,RPi_001,rpi_camera,1175,6,1,13.1,13.5,177,150,0.0177,0.0150,0.5,0.5,0.2500,0.5m x 0.5m,0.46,IE_KAL,1856.8,993.1,1584,789,1919,1079,,,,,,Mostly Sunny,
2026-05-15 13:34:26,RPi_001,rpi_camera,1176,6,1,13.0,13.4,174,148,0.0174,0.0148,0.5,0.5,0.2500,0.5m x 0.5m,0.38,IE_KAL,1855.7,992.9,1584,790,1919,1079,,,,,,Mostly Sunny,
2026-05-15 13:34:26,RPi_001,rpi_camera,1177,6,1,12.8,13.3,170,144,0.0170,0.0144,0.5,0.5,0.2500,0.5m x 0.5m,0.40,IE_KAL,1854.5,993.3,1582,790,1919,1079,,,,,,Mostly Sunny,
2026-05-15 13:34:26,RPi_001,rpi_camera,1178,6,1,13.0,13.4,173,147,0.0173,0.0147,0.5,0.5,0.2500,0.5m x 0.5m,0.41,IE_KAL,1855.7,993.5,1583,789,1919,1079,,,,,,Mostly Sunny,
2026-05-15 13:34:26,RPi_001,rpi_camera,1179,6,1,13.0,13.5,175,148,0.0175,0.0148,0.5,0.5,0.2500,0.5m x 0.5m,0.38,IE_KAL,1855.8,993.1,1583,789,1919,1079,,,,,,Mostly Sunny,
2026-05-15 13:34:26,RPi_001,rpi_camera,1180,6,1,13.0,13.4,174,148,0.0174,0.0148,0.5,0.5,0.2500,0.5m x 0.5m,0.41,IE_KAL,1855.8,992.9,1584,790,1919,1079,,,,,,Mostly Sunny,
2026-05-15 13:34:26,RPi_001,rpi_camera,1181,6,1,12.8,13.3,169,143,0.0169,0.0143,0.5,0.5,0.2500,0.5m x 0.5m,0.41,IE_KAL,1854.5,993.7,1582,789,1919,1079,,,,,,Mostly Sunny,
2026-05-15 13:34:26,RPi_001,rpi_camera,1182,6,1,13.0,13.6,176,149,0.0176,0.0149,0.5,0.5,0.2500,0.5m x 0.5m,0.41,IE_KAL,1855.8,992.6,1584,789,1919,1079,,,,,,Mostly Sunny,
2026-05-15 13:34:26,RPi_001,rpi_camera,1183,6,1,12.8,13.3,169,145,0.0169,0.0145,0.5,0.5,0.2500,0.5m x 0.5m,0.41,IE_KAL,1856.0,993.7,1583,789,1919,1079,,,,,,Mostly Sunny,
2026-05-15 13:34:26,RPi_001,rpi_camera,1184,6,1,12.9,13.3,171,146,0.0171,0.0146,0.5,0.5,0.2500,0.5m x 0.5m,0.41,IE_KAL,1855.5,993.7,1583,789,1919,1079,,,,,,Mostly Sunny,
2026-05-15 13:34:27,RPi_001,rpi_camera,1185,6,1,13.1,13.4,176,147,0.0176,0.0147,0.5,0.5,0.2500,0.5m x 0.5m,0.42,IE_KAL,1855.4,993.4,1583,789,1919,1079,,,,,,Mostly Sunny,
2026-05-15 13:34:27,RPi_001,rpi_camera,1186,6,1,13.0,13.5,175,147,0.0175,0.0147,0.5,0.5,0.2500,0.5m x 0.5m,0.44,IE_KAL,1855.9,993.2,1583,789,1919,1079,,,,,,Mostly Sunny,
2026-05-15 13:34:27,RPi_001,rpi_camera,1187,6,1,12.6,13.6,171,144,0.0171,0.0144,0.5,0.5,0.2500,0.5m x 0.5m,0.42,IE_KAL,1855.3,993.3,1583,788,1919,1079,,,,,,Mostly Sunny,
2026-05-15 13:34:27,RPi_001,rpi_camera,1188,6,1,12.8,13.4,171,146,0.0171,0.0146,0.5,0.5,0.2500,0.5m x 0.5m,0.41,IE_KAL,1856.2,993.4,1584,789,1919,1079,,,,,,Mostly Sunny,
2026-05-15 13:34:27,RPi_001,rpi_camera,1189,6,1,12.8,13.4,171,146,0.0171,0.0146,0.5,0.5,0.2500,0.5m x 0.5m,0.41,IE_KAL,1856.1,993.4,1584,789,1919,1079,,,,,,Mostly Sunny,
2026-05-15 13:34:27,RPi_001,rpi_camera,1190,6,1,12.8,13.3,169,145,0.0169,0.0145,0.5,0.5,0.2500,0.5m x 0.5m,0.40,IE_KAL,1856.1,993.7,1583,789,1919,1079,,,,,,Mostly Sunny,
2026-05-15 13:34:27,RPi_001,rpi_camera,1191,6,1,13.0,13.4,173,147,0.0173,0.0147,0.5,0.5,0.2500,0.5m x 0.5m,0.38,IE_KAL,1855.7,993.5,1583,789,1919,1079,,,,,,Mostly Sunny,
2026-05-15 13:34:27,RPi_001,rpi_camera,1192,6,1,12.8,13.3,170,146,0.0170,0.0146,0.5,0.5,0.2500,0.5m x 0.5m,0.41,IE_KAL,1856.0,993.2,1583,790,1919,1079,,,,,,Mostly Sunny,
2026-05-15 13:34:27,RPi_001,rpi_camera,1193,6,1,13.1,13.5,177,150,0.0177,0.0150,0.5,0.5,0.2500,0.5m x 0.5m,0.42,IE_KAL,1856.9,993.2,1584,789,1919,1079,,,,,,Mostly Sunny,
2026-05-15 13:34:27,RPi_001,rpi_camera,1194,6,1,12.8,13.3,170,146,0.0170,0.0146,0.5,0.5,0.2500,0.5m x 0.5m,0.41,IE_KAL,1856.1,993.2,1584,790,1919,1079,,,,,,Mostly Sunny,
2026-05-15 13:34:27,RPi_001,rpi_camera,1195,6,1,13.0,13.2,171,146,0.0171,0.0146,0.5,0.5,0.2500,0.5m x 0.5m,0.41,IE_KAL,1855.5,993.4,1583,790,1919,1079,,,,,,Mostly Sunny,
2026-05-15 13:34:27,RPi_001,rpi_camera,1196,6,1,13.0,13.5,175,148,0.0175,0.0148,0.5,0.5,0.2500,0.5m x 0.5m,0.44,IE_KAL,1855.9,993.0,1583,789,1919,1079,,,,,,Mostly Sunny,
2026-05-15 13:34:28,RPi_001,rpi_camera,1197,6,1,13.0,13.4,174,148,0.0174,0.0148,0.5,0.5,0.2500,0.5m x 0.5m,0.36,IE_KAL,1855.7,992.9,1584,789,1919,1079,,,,,,Mostly Sunny,
2026-05-15 13:34:28,RPi_001,rpi_camera,1198,6,1,12.8,13.5,172,147,0.0172,0.0147,0.5,0.5,0.2500,0.5m x 0.5m,0.43,IE_KAL,1856.3,993.0,1584,789,1919,1079,,,,,,Mostly Sunny,
2026-05-15 13:34:28,RPi_001,rpi_camera,1199,6,1,13.0,13.4,173,147,0.0173,0.0147,0.5,0.5,0.2500,0.5m x 0.5m,0.43,IE_KAL,1855.8,993.4,1583,789,1919,1079,,,,,,Mostly Sunny,
2026-05-15 13:34:28,RPi_001,rpi_camera,1200,6,1,13.0,13.3,172,147,0.0172,0.0147,0.5,0.5,0.2500,0.5m x 0.5m,0.41,IE_KAL,1855.6,993.2,1583,790,1919,1079,,,,,,Mostly Sunny,
2026-05-15 13:34:28,RPi_001,rpi_camera,1201,6,1,12.8,13.5,172,147,0.0172,0.0147,0.5,0.5,0.2500,0.5m x 0.5m,0.43,IE_KAL,1856.4,993.2,1584,789,1919,1079,,,,,,Mostly Sunny,
2026-05-15 13:34:28,RPi_001,rpi_camera,1202,6,1,12.8,13.3,170,144,0.0170,0.0144,0.5,0.5,0.2500,0.5m x 0.5m,0.41,IE_KAL,1854.6,993.2,1582,790,1919,1079,,,,,,Mostly Sunny,
2026-05-15 13:34:28,RPi_001,rpi_camera,1204,6,1,13.0,13.6,177,149,0.0177,0.0149,0.5,0.5,0.2500,0.5m x 0.5m,0.43,IE_KAL,1856.0,992.8,1584,789,1919,1079,,,,,,Mostly Sunny,
2026-05-15 13:34:28,RPi_001,rpi_camera,1205,6,1,12.6,13.4,169,145,0.0169,0.0145,0.5,0.5,0.2500,0.5m x 0.5m,0.36,IE_KAL,1855.1,992.9,1583,790,1919,1079,,,,,,Mostly Sunny,
2026-05-15 13:34:28,RPi_001,rpi_camera,1206,6,1,12.8,13.3,169,143,0.0169,0.0143,0.5,0.5,0.2500,0.5m x 0.5m,0.41,IE_KAL,1854.6,993.8,1582,790,1919,1079,,,,,,Mostly Sunny,
2026-05-15 13:34:28,RPi_001,rpi_camera,1207,6,1,13.0,13.5,175,148,0.0175,0.0148,0.5,0.5,0.2500,0.5m x 0.5m,0.42,IE_KAL,1855.9,993.1,1583,789,1919,1079,,,,,,Mostly Sunny,
2026-05-15 13:34:28,RPi_001,rpi_camera,1208,6,1,12.8,13.5,172,147,0.0172,0.0147,0.5,0.5,0.2500,0.5m x 0.5m,0.42,IE_KAL,1856.2,993.1,1584,789,1919,1079,,,,,,Mostly Sunny,
2026-05-15 13:34:28,RPi_001,rpi_camera,1209,6,1,12.8,13.4,172,148,0.0172,0.0148,0.5,0.5,0.2500,0.5m x 0.5m,0.42,IE_KAL,1856.0,992.9,1584,789,1919,1079,,,,,,Mostly Sunny,
2026-05-15 13:34:28,RPi_001,rpi_camera,1210,6,1,13.0,13.3,172,147,0.0172,0.0147,0.5,0.5,0.2500,0.5m x 0.5m,0.41,IE_KAL,1855.7,993.3,1583,790,1919,1079,,,,,,Mostly Sunny,
2026-05-15 13:34:28,RPi_001,rpi_camera,1211,6,1,12.8,13.5,172,147,0.0172,0.0147,0.5,0.5,0.2500,0.5m x 0.5m,0.41,IE_KAL,1856.2,993.1,1584,789,1919,1079,,,,,,Mostly Sunny,
2026-05-15 13:34:28,RPi_001,rpi_camera,1212,6,1,12.8,13.5,172,146,0.0172,0.0146,0.5,0.5,0.2500,0.5m x 0.5m,0.42,IE_KAL,1856.4,993.2,1584,789,1919,1079,,,,,,Mostly Sunny,
2026-05-15 13:34:29,RPi_001,rpi_camera,1213,6,1,13.0,13.5,175,147,0.0175,0.0147,0.5,0.5,0.2500,0.5m x 0.5m,0.44,IE_KAL,1855.9,993.1,1583,789,1919,1079,,,,,,Mostly Sunny,
2026-05-15 13:34:29,RPi_001,rpi_camera,1214,6,1,13.1,13.5,177,150,0.0177,0.0150,0.5,0.5,0.2500,0.5m x 0.5m,0.42,IE_KAL,1856.9,993.3,1584,789,1919,1079,,,,,,Mostly Sunny,
2026-05-15 13:34:29,RPi_001,rpi_camera,1215,6,1,13.0,13.6,177,149,0.0177,0.0149,0.5,0.5,0.2500,0.5m x 0.5m,0.42,IE_KAL,1856.0,992.8,1584,789,1919,1079,,,,,,Mostly Sunny,
2026-05-15 13:34:29,RPi_001,rpi_camera,1216,6,1,12.8,13.5,172,145,0.0172,0.0145,0.5,0.5,0.2500,0.5m x 0.5m,0.43,IE_KAL,1854.9,993.2,1582,789,1919,1079,,,,,,Mostly Sunny,
2026-05-15 13:34:29,RPi_001,rpi_camera,1218,6,1,12.8,13.3,170,145,0.0170,0.0145,0.5,0.5,0.2500,0.5m x 0.5m,0.41,IE_KAL,1854.5,993.2,1582,790,1919,1079,,,,,,Mostly Sunny,
2026-05-15 13:34:29,RPi_001,rpi_camera,1219,6,1,13.0,13.4,173,146,0.0173,0.0146,0.5,0.5,0.2500,0.5m x 0.5m,0.43,IE_KAL,1855.8,993.5,1583,789,1919,1079,,,,,,Mostly Sunny,
2026-05-15 13:34:29,RPi_001,rpi_camera,1220,6,1,13.0,13.3,172,147,0.0172,0.0147,0.5,0.5,0.2500,0.5m x 0.5m,0.44,IE_KAL,1855.6,993.3,1583,790,1919,1079,,,,,,Mostly Sunny,
2026-05-15 13:34:29,RPi_001,rpi_camera,1221,6,1,13.0,13.5,175,148,0.0175,0.0148,0.5,0.5,0.2500,0.5m x 0.5m,0.44,IE_KAL,1855.8,993.1,1583,789,1919,1079,,,,,,Mostly Sunny,
2026-05-15 13:34:29,RPi_001,rpi_camera,1222,6,1,12.6,13.3,168,143,0.0168,0.0143,0.5,0.5,0.2500,0.5m x 0.5m,0.44,IE_KAL,1855.0,993.3,1583,790,1919,1079,,,,,,Mostly Sunny,
2026-05-15 13:34:29,RPi_001,rpi_camera,1223,6,1,13.0,13.5,175,147,0.0175,0.0147,0.5,0.5,0.2500,0.5m x 0.5m,0.43,IE_KAL,1855.9,993.1,1583,789,1919,1079,,,,,,Mostly Sunny,
2026-05-15 13:34:29,RPi_001,rpi_camera,1224,6,1,13.0,13.5,175,148,0.0175,0.0148,0.5,0.5,0.2500,0.5m x 0.5m,0.41,IE_KAL,1855.8,993.1,1583,789,1919,1079,,,,,,Mostly Sunny,
2026-05-15 13:34:30,RPi_001,rpi_camera,1225,6,1,12.8,13.5,172,147,0.0172,0.0147,0.5,0.5,0.2500,0.5m x 0.5m,0.39,IE_KAL,1856.3,993.2,1584,789,1919,1079,,,,,,Mostly Sunny,
2026-05-15 13:34:30,RPi_001,rpi_camera,1227,6,1,13.0,13.6,177,148,0.0177,0.0148,0.5,0.5,0.2500,0.5m x 0.5m,0.42,IE_KAL,1856.1,992.9,1584,789,1919,1079,,,,,,Mostly Sunny,
2026-05-15 13:34:30,RPi_001,rpi_camera,1228,6,1,13.0,13.4,173,147,0.0173,0.0147,0.5,0.5,0.2500,0.5m x 0.5m,0.41,IE_KAL,1855.7,993.5,1583,789,1919,1079,,,,,,Mostly Sunny,
2026-05-15 13:34:30,RPi_001,rpi_camera,1229,6,1,12.6,13.3,168,144,0.0168,0.0144,0.5,0.5,0.2500,0.5m x 0.5m,0.41,IE_KAL,1854.9,993.4,1582,790,1919,1079,,,,,,Mostly Sunny,
2026-05-15 13:34:33,RPi_001,rpi_camera,1291,7,1,25.0,19.3,483,388,0.0483,0.0388,0.5,0.5,0.2500,0.5m x 0.5m,0.38,IE_KAL,1635.2,706.6,1448,621,1821,792,,,,,,Mostly Sunny,/home/pi/pothole_crops_20260515_133308/pothole_track7.jpg
2026-05-15 13:34:33,RPi_001,rpi_camera,1292,7,1,25.3,19.5,492,392,0.0492,0.0392,0.5,0.5,0.2500,0.5m x 0.5m,0.42,IE_KAL,1634.2,706.1,1448,621,1820,790,,,,,,Mostly Sunny,
2026-05-15 13:34:34,RPi_001,rpi_camera,1293,7,1,25.4,19.3,491,392,0.0491,0.0392,0.5,0.5,0.2500,0.5m x 0.5m,0.46,IE_KAL,1633.6,706.3,1446,620,1820,791,,,,,,Mostly Sunny,
2026-05-15 13:34:34,RPi_001,rpi_camera,1294,7,1,25.3,19.5,492,401,0.0492,0.0401,0.5,0.5,0.2500,0.5m x 0.5m,0.46,IE_KAL,1634.6,705.3,1448,620,1820,790,,,,,,Mostly Sunny,
2026-05-15 13:34:34,RPi_001,rpi_camera,1303,7,1,24.8,19.9,493,408,0.0493,0.0408,0.5,0.5,0.2500,0.5m x 0.5m,0.38,IE_KAL,1635.4,705.0,1449,619,1821,790,,,,,,Mostly Sunny,
2026-05-15 13:34:34,RPi_001,rpi_camera,1304,7,1,24.8,19.9,493,414,0.0493,0.0414,0.5,0.5,0.2500,0.5m x 0.5m,0.42,IE_KAL,1635.3,704.9,1448,619,1821,790,,,,,,Mostly Sunny,
2026-05-15 13:34:34,RPi_001,rpi_camera,1305,7,1,24.8,19.9,493,413,0.0493,0.0413,0.5,0.5,0.2500,0.5m x 0.5m,0.53,IE_KAL,1635.7,705.3,1449,619,1822,790,,,,,,Mostly Sunny,
2026-05-15 13:34:34,RPi_001,rpi_camera,1306,7,1,25.0,19.7,492,400,0.0492,0.0400,0.5,0.5,0.2500,0.5m x 0.5m,0.79,IE_KAL,1635.2,705.1,1449,619,1821,790,,,,,,Mostly Sunny,
2026-05-15 13:34:34,RPi_001,rpi_camera,1307,7,1,25.6,20.3,518,412,0.0518,0.0412,0.5,0.5,0.2500,0.5m x 0.5m,0.81,IE_KAL,1634.5,704.7,1448,619,1820,789,,,,,,Mostly Sunny,
2026-05-15 13:34:34,RPi_001,rpi_camera,1308,7,1,25.7,20.0,512,409,0.0512,0.0409,0.5,0.5,0.2500,0.5m x 0.5m,0.78,IE_KAL,1633.9,704.8,1447,619,1819,789,,,,,,Mostly Sunny,
2026-05-15 13:34:35,RPi_001,rpi_camera,1309,7,1,25.5,19.7,502,403,0.0502,0.0403,0.5,0.5,0.2500,0.5m x 0.5m,0.82,IE_KAL,1634.5,705.4,1448,620,1820,790,,,,,,Mostly Sunny,
2026-05-15 13:34:35,RPi_001,rpi_camera,1310,7,1,25.7,19.7,505,409,0.0505,0.0409,0.5,0.5,0.2500,0.5m x 0.5m,0.78,IE_KAL,1633.8,705.2,1447,620,1819,790,,,,,,Mostly Sunny,
2026-05-15 13:34:35,RPi_001,rpi_camera,1311,7,1,24.9,19.7,489,402,0.0489,0.0402,0.5,0.5,0.2500,0.5m x 0.5m,0.79,IE_KAL,1635.1,705.1,1448,619,1821,790,,,,,,Mostly Sunny,
2026-05-15 13:34:35,RPi_001,rpi_camera,1312,7,1,25.1,19.7,494,399,0.0494,0.0399,0.5,0.5,0.2500,0.5m x 0.5m,0.79,IE_KAL,1635.5,705.2,1449,620,1821,790,,,,,,Mostly Sunny,
2026-05-15 13:34:35,RPi_001,rpi_camera,1313,7,1,25.7,19.7,505,409,0.0505,0.0409,0.5,0.5,0.2500,0.5m x 0.5m,0.80,IE_KAL,1634.2,705.1,1448,619,1820,790,,,,,,Mostly Sunny,
2026-05-15 13:34:35,RPi_001,rpi_camera,1314,7,1,25.5,20.0,510,411,0.0510,0.0411,0.5,0.5,0.2500,0.5m x 0.5m,0.80,IE_KAL,1634.3,704.8,1448,619,1820,789,,,,,,Mostly Sunny,
2026-05-15 13:34:35,RPi_001,rpi_camera,1315,7,1,25.4,19.7,500,407,0.0500,0.0407,0.5,0.5,0.2500,0.5m x 0.5m,0.78,IE_KAL,1633.6,705.0,1447,619,1819,790,,,,,,Mostly Sunny,
2026-05-15 13:34:35,RPi_001,rpi_camera,1316,7,1,25.4,19.7,500,409,0.0500,0.0409,0.5,0.5,0.2500,0.5m x 0.5m,0.78,IE_KAL,1633.8,705.1,1447,619,1819,790,,,,,,Mostly Sunny,
2026-05-15 13:34:35,RPi_001,rpi_camera,1317,7,1,24.9,19.7,489,404,0.0489,0.0404,0.5,0.5,0.2500,0.5m x 0.5m,0.76,IE_KAL,1635.2,705.0,1449,619,1821,790,,,,,,Mostly Sunny,
2026-05-15 13:34:35,RPi_001,rpi_camera,1318,7,1,25.4,20.2,512,412,0.0512,0.0412,0.5,0.5,0.2500,0.5m x 0.5m,0.76,IE_KAL,1633.7,704.7,1447,619,1819,790,,,,,,Mostly Sunny,
2026-05-15 13:34:35,RPi_001,rpi_camera,1319,7,1,25.1,19.7,494,401,0.0494,0.0401,0.5,0.5,0.2500,0.5m x 0.5m,0.76,IE_KAL,1635.8,705.2,1449,620,1821,790,,,,,,Mostly Sunny,
2026-05-15 13:34:35,RPi_001,rpi_camera,1320,7,1,25.4,19.7,500,407,0.0500,0.0407,0.5,0.5,0.2500,0.5m x 0.5m,0.78,IE_KAL,1634.1,705.1,1448,620,1820,790,,,,,,Mostly Sunny,
2026-05-15 13:34:35,RPi_001,rpi_camera,1321,7,1,24.8,19.9,493,400,0.0493,0.0400,0.5,0.5,0.2500,0.5m x 0.5m,0.78,IE_KAL,1635.1,705.3,1448,619,1821,790,,,,,,Mostly Sunny,
2026-05-15 13:34:35,RPi_001,rpi_camera,1322,7,1,24.9,19.7,489,399,0.0489,0.0399,0.5,0.5,0.2500,0.5m x 0.5m,0.79,IE_KAL,1635.3,705.3,1449,620,1821,790,,,,,,Mostly Sunny,
2026-05-15 13:34:35,RPi_001,rpi_camera,1323,7,1,24.8,19.9,493,402,0.0493,0.0402,0.5,0.5,0.2500,0.5m x 0.5m,0.75,IE_KAL,1635.0,705.2,1448,619,1821,790,,,,,,Mostly Sunny,
2026-05-15 13:34:35,RPi_001,rpi_camera,1324,7,1,25.4,19.1,484,398,0.0484,0.0398,0.5,0.5,0.2500,0.5m x 0.5m,0.76,IE_KAL,1634.1,705.8,1447,620,1820,790,,,,,,Mostly Sunny,
2026-05-15 13:34:36,RPi_001,rpi_camera,1325,7,1,25.4,19.7,500,410,0.0500,0.0410,0.5,0.5,0.2500,0.5m x 0.5m,0.75,IE_KAL,1633.5,705.0,1447,619,1819,790,,,,,,Mostly Sunny,
2026-05-15 13:34:36,RPi_001,rpi_camera,1326,7,1,24.9,19.7,489,405,0.0489,0.0405,0.5,0.5,0.2500,0.5m x 0.5m,0.76,IE_KAL,1634.6,705.0,1448,619,1820,790,,,,,,Mostly Sunny,
2026-05-15 13:34:36,RPi_001,rpi_camera,1327,7,1,24.9,19.7,489,404,0.0489,0.0404,0.5,0.5,0.2500,0.5m x 0.5m,0.76,IE_KAL,1634.9,705.1,1448,620,1820,790,,,,,,Mostly Sunny,
2026-05-15 13:34:36,RPi_001,rpi_camera,1328,7,1,24.8,19.9,493,404,0.0493,0.0404,0.5,0.5,0.2500,0.5m x 0.5m,0.73,IE_KAL,1634.5,705.0,1448,619,1820,790,,,,,,Mostly Sunny,
2026-05-15 13:34:36,RPi_001,rpi_camera,1329,7,1,25.3,19.7,497,404,0.0497,0.0404,0.5,0.5,0.2500,0.5m x 0.5m,0.77,IE_KAL,1634.5,705.1,1448,619,1820,790,,,,,,Mostly Sunny,
2026-05-15 13:34:36,RPi_001,rpi_camera,1330,7,1,25.1,19.5,489,405,0.0489,0.0405,0.5,0.5,0.2500,0.5m x 0.5m,0.75,IE_KAL,1634.9,704.8,1448,620,1820,789,,,,,,Mostly Sunny,
2026-05-15 13:34:36,RPi_001,rpi_camera,1331,7,1,24.9,19.7,489,400,0.0489,0.0400,0.5,0.5,0.2500,0.5m x 0.5m,0.77,IE_KAL,1635.1,705.1,1449,619,1821,790,,,,,,Mostly Sunny,
2026-05-15 13:34:36,RPi_001,rpi_camera,1332,7,1,24.9,19.7,489,403,0.0489,0.0403,0.5,0.5,0.2500,0.5m x 0.5m,0.77,IE_KAL,1635.0,705.1,1448,619,1821,790,,,,,,Mostly Sunny,
2026-05-15 13:34:36,RPi_001,rpi_camera,1333,7,1,25.3,19.7,497,410,0.0497,0.0410,0.5,0.5,0.2500,0.5m x 0.5m,0.76,IE_KAL,1633.5,704.9,1447,619,1819,790,,,,,,Mostly Sunny,
2026-05-15 13:34:36,RPi_001,rpi_camera,1334,7,1,24.9,19.7,489,402,0.0489,0.0402,0.5,0.5,0.2500,0.5m x 0.5m,0.75,IE_KAL,1635.1,704.9,1449,619,1821,790,,,,,,Mostly Sunny,
2026-05-15 13:34:36,RPi_001,rpi_camera,1335,7,1,25.4,19.9,504,408,0.0504,0.0408,0.5,0.5,0.2500,0.5m x 0.5m,0.75,IE_KAL,1633.6,704.9,1447,619,1819,790,,,,,,Mostly Sunny,
2026-05-15 13:34:36,RPi_001,rpi_camera,1336,7,1,25.3,19.7,497,405,0.0497,0.0405,0.5,0.5,0.2500,0.5m x 0.5m,0.77,IE_KAL,1634.0,705.0,1447,619,1820,790,,,,,,Mostly Sunny,
2026-05-15 13:34:37,RPi_001,rpi_camera,1337,7,1,24.9,19.7,489,400,0.0489,0.0400,0.5,0.5,0.2500,0.5m x 0.5m,0.76,IE_KAL,1635.0,705.0,1448,619,1821,790,,,,,,Mostly Sunny,
2026-05-15 13:34:37,RPi_001,rpi_camera,1338,7,1,25.1,19.7,494,399,0.0494,0.0399,0.5,0.5,0.2500,0.5m x 0.5m,0.76,IE_KAL,1635.7,705.2,1449,620,1821,790,,,,,,Mostly Sunny,
2026-05-15 13:34:37,RPi_001,rpi_camera,1339,7,1,24.9,19.7,489,403,0.0489,0.0403,0.5,0.5,0.2500,0.5m x 0.5m,0.75,IE_KAL,1634.9,705.0,1448,619,1820,790,,,,,,Mostly Sunny,
2026-05-15 13:34:37,RPi_001,rpi_camera,1340,7,1,25.3,19.7,497,407,0.0497,0.0407,0.5,0.5,0.2500,0.5m x 0.5m,0.76,IE_KAL,1634.0,705.0,1447,619,1820,790,,,,,,Mostly Sunny,
2026-05-15 13:34:37,RPi_001,rpi_camera,1341,7,1,25.4,19.7,500,407,0.0500,0.0407,0.5,0.5,0.2500,0.5m x 0.5m,0.77,IE_KAL,1633.9,705.1,1447,619,1819,790,,,,,,Mostly Sunny,
2026-05-15 13:34:37,RPi_001,rpi_camera,1342,7,1,24.9,19.7,489,403,0.0489,0.0403,0.5,0.5,0.2500,0.5m x 0.5m,0.78,IE_KAL,1635.2,705.1,1449,619,1821,790,,,,,,Mostly Sunny,
2026-05-15 13:34:37,RPi_001,rpi_camera,1343,7,1,25.4,19.7,500,406,0.0500,0.0406,0.5,0.5,0.2500,0.5m x 0.5m,0.76,IE_KAL,1634.0,705.0,1447,619,1820,790,,,,,,Mostly Sunny,
2026-05-15 13:34:37,RPi_001,rpi_camera,1344,7,1,24.9,19.7,489,400,0.0489,0.0400,0.5,0.5,0.2500,0.5m x 0.5m,0.78,IE_KAL,1635.2,705.1,1449,619,1821,790,,,,,,Mostly Sunny,
2026-05-15 13:34:37,RPi_001,rpi_camera,1345,7,1,24.9,19.7,489,401,0.0489,0.0401,0.5,0.5,0.2500,0.5m x 0.5m,0.76,IE_KAL,1635.2,705.3,1449,620,1821,790,,,,,,Mostly Sunny,
2026-05-15 13:34:37,RPi_001,rpi_camera,1346,7,1,24.8,19.9,493,402,0.0493,0.0402,0.5,0.5,0.2500,0.5m x 0.5m,0.76,IE_KAL,1634.8,705.2,1448,619,1821,790,,,,,,Mostly Sunny,
2026-05-15 13:34:37,RPi_001,rpi_camera,1347,7,1,24.9,19.7,489,405,0.0489,0.0405,0.5,0.5,0.2500,0.5m x 0.5m,0.76,IE_KAL,1635.1,705.0,1449,619,1821,790,,,,,,Mostly Sunny,
2026-05-15 13:34:37,RPi_001,rpi_camera,1348,7,1,24.9,19.7,489,404,0.0489,0.0404,0.5,0.5,0.2500,0.5m x 0.5m,0.76,IE_KAL,1635.1,705.2,1449,620,1821,790,,,,,,Mostly Sunny,
2026-05-15 13:34:37,RPi_001,rpi_camera,1349,7,1,25.3,19.7,497,405,0.0497,0.0405,0.5,0.5,0.2500,0.5m x 0.5m,0.76,IE_KAL,1634.2,705.1,1448,619,1820,790,,,,,,Mostly Sunny,
2026-05-15 13:34:37,RPi_001,rpi_camera,1350,7,1,25.2,19.9,501,404,0.0501,0.0404,0.5,0.5,0.2500,0.5m x 0.5m,0.80,IE_KAL,1634.3,705.2,1447,619,1820,790,,,,,,Mostly Sunny,
2026-05-15 13:34:37,RPi_001,rpi_camera,1351,7,1,25.5,19.7,502,410,0.0502,0.0410,0.5,0.5,0.2500,0.5m x 0.5m,0.76,IE_KAL,1634.4,704.9,1448,619,1820,790,,,,,,Mostly Sunny,
2026-05-15 13:34:37,RPi_001,rpi_camera,1352,7,1,25.5,19.9,507,407,0.0507,0.0407,0.5,0.5,0.2500,0.5m x 0.5m,0.76,IE_KAL,1634.6,705.1,1448,619,1820,790,,,,,,Mostly Sunny,
2026-05-15 13:34:38,RPi_001,rpi_camera,1353,7,1,25.1,19.7,494,401,0.0494,0.0401,0.5,0.5,0.2500,0.5m x 0.5m,0.79,IE_KAL,1635.9,705.2,1449,620,1821,790,,,,,,Mostly Sunny,
2026-05-15 13:34:38,RPi_001,rpi_camera,1354,7,1,24.9,19.7,489,403,0.0489,0.0403,0.5,0.5,0.2500,0.5m x 0.5m,0.76,IE_KAL,1635.4,705.1,1449,620,1821,790,,,,,,Mostly Sunny,
2026-05-15 13:34:38,RPi_001,rpi_camera,1355,7,1,25.5,19.7,502,406,0.0502,0.0406,0.5,0.5,0.2500,0.5m x 0.5m,0.79,IE_KAL,1634.6,705.1,1448,619,1820,790,,,,,,Mostly Sunny,
2026-05-15 13:34:38,RPi_001,rpi_camera,1356,7,1,24.8,19.9,493,404,0.0493,0.0404,0.5,0.5,0.2500,0.5m x 0.5m,0.75,IE_KAL,1635.3,705.1,1448,619,1821,790,,,,,,Mostly Sunny,
2026-05-15 13:34:38,RPi_001,rpi_camera,1357,7,1,24.8,19.9,493,401,0.0493,0.0401,0.5,0.5,0.2500,0.5m x 0.5m,0.77,IE_KAL,1635.7,705.2,1449,619,1822,790,,,,,,Mostly Sunny,
2026-05-15 13:34:38,RPi_001,rpi_camera,1358,7,1,25.4,19.7,500,410,0.0500,0.0410,0.5,0.5,0.2500,0.5m x 0.5m,0.79,IE_KAL,1633.8,705.0,1447,619,1819,790,,,,,,Mostly Sunny,
2026-05-15 13:34:38,RPi_001,rpi_camera,1359,7,1,25.1,19.7,494,400,0.0494,0.0400,0.5,0.5,0.2500,0.5m x 0.5m,0.79,IE_KAL,1635.4,705.2,1449,620,1821,790,,,,,,Mostly Sunny,
2026-05-15 13:34:38,RPi_001,rpi_camera,1360,7,1,25.1,19.7,494,401,0.0494,0.0401,0.5,0.5,0.2500,0.5m x 0.5m,0.78,IE_KAL,1635.5,705.2,1449,620,1821,790,,,,,,Mostly Sunny,
2026-05-15 13:34:38,RPi_001,rpi_camera,1361,7,1,24.9,19.7,489,403,0.0489,0.0403,0.5,0.5,0.2500,0.5m x 0.5m,0.74,IE_KAL,1634.7,705.0,1448,619,1820,790,,,,,,Mostly Sunny,
2026-05-15 13:34:38,RPi_001,rpi_camera,1362,7,1,24.9,19.7,489,402,0.0489,0.0402,0.5,0.5,0.2500,0.5m x 0.5m,0.80,IE_KAL,1635.0,705.0,1448,619,1821,790,,,,,,Mostly Sunny,
2026-05-15 13:34:38,RPi_001,rpi_camera,1363,7,1,24.9,19.7,489,401,0.0489,0.0401,0.5,0.5,0.2500,0.5m x 0.5m,0.78,IE_KAL,1635.3,705.2,1449,620,1821,790,,,,,,Mostly Sunny,
2026-05-15 13:34:38,RPi_001,rpi_camera,1364,7,1,24.9,19.7,489,403,0.0489,0.0403,0.5,0.5,0.2500,0.5m x 0.5m,0.80,IE_KAL,1635.1,705.1,1449,619,1821,790,,,,,,Mostly Sunny,
2026-05-15 13:34:39,RPi_001,rpi_camera,1365,7,1,25.1,19.7,494,402,0.0494,0.0402,0.5,0.5,0.2500,0.5m x 0.5m,0.78,IE_KAL,1635.8,705.1,1449,619,1821,790,,,,,,Mostly Sunny,
2026-05-15 13:34:39,RPi_001,rpi_camera,1366,7,1,25.4,19.9,504,404,0.0504,0.0404,0.5,0.5,0.2500,0.5m x 0.5m,0.80,IE_KAL,1634.3,705.4,1447,619,1820,790,,,,,,Mostly Sunny,
2026-05-15 13:34:39,RPi_001,rpi_camera,1367,7,1,25.5,19.7,502,408,0.0502,0.0408,0.5,0.5,0.2500,0.5m x 0.5m,0.78,IE_KAL,1634.5,705.0,1448,619,1820,790,,,,,,Mostly Sunny,
2026-05-15 13:34:39,RPi_001,rpi_camera,1368,7,1,25.3,19.7,497,404,0.0497,0.0404,0.5,0.5,0.2500,0.5m x 0.5m,0.81,IE_KAL,1634.4,705.3,1448,620,1820,790,,,,,,Mostly Sunny,
2026-05-15 13:34:39,RPi_001,rpi_camera,1369,7,1,25.1,19.7,494,397,0.0494,0.0397,0.5,0.5,0.2500,0.5m x 0.5m,0.79,IE_KAL,1636.1,705.6,1449,620,1822,790,,,,,,Mostly Sunny,
2026-05-15 13:34:39,RPi_001,rpi_camera,1370,7,1,25.5,19.9,507,399,0.0507,0.0399,0.5,0.5,0.2500,0.5m x 0.5m,0.62,IE_KAL,1634.4,705.6,1447,620,1820,791,,,,,,Mostly Sunny,
2026-05-15 13:34:39,RPi_001,rpi_camera,1371,7,1,24.8,19.9,493,398,0.0493,0.0398,0.5,0.5,0.2500,0.5m x 0.5m,0.41,IE_KAL,1634.7,705.3,1448,619,1821,790,,,,,,Mostly Sunny,
2026-05-15 13:34:39,RPi_001,rpi_camera,1372,7,1,25.1,19.5,489,396,0.0489,0.0396,0.5,0.5,0.2500,0.5m x 0.5m,0.67,IE_KAL,1635.0,705.4,1448,620,1821,790,,,,,,Mostly Sunny,
2026-05-15 13:34:39,RPi_001,rpi_camera,1373,7,1,24.9,19.7,489,390,0.0489,0.0390,0.5,0.5,0.2500,0.5m x 0.5m,0.75,IE_KAL,1634.8,705.6,1448,620,1820,790,,,,,,Mostly Sunny,
2026-05-15 13:34:39,RPi_001,rpi_camera,1374,7,1,24.8,19.9,493,378,0.0493,0.0378,0.5,0.5,0.2500,0.5m x 0.5m,0.78,IE_KAL,1635.5,706.3,1449,620,1821,791,,,,,,Mostly Sunny,
2026-05-15 13:35:03,RPi_001,rpi_camera,1774,8,1,24.3,76.7,1860,1230,0.1860,0.1230,0.5,1.0,0.5000,0.5m x 1.0m,0.57,IE_KAL,1854.4,677.9,1676,453,1919,902,,,,,,Mostly Sunny,/home/pi/pothole_crops_20260515_133308/pothole_track8.jpg
2026-05-15 13:35:12,RPi_001,rpi_camera,1928,9,1,27.3,23.0,628,468,0.0628,0.0468,0.5,0.5,0.2500,0.5m x 0.5m,0.42,IE_KAL,387.3,579.7,233,525,541,634,,,,,,Mostly Sunny,/home/pi/pothole_crops_20260515_133308/pothole_track9.jpg
2026-05-15 13:35:12,RPi_001,rpi_camera,1929,9,1,27.4,23.0,631,469,0.0631,0.0469,0.5,0.5,0.2500,0.5m x 0.5m,0.46,IE_KAL,387.3,579.6,233,525,541,633,,,,,,Mostly Sunny,
2026-05-15 13:35:12,RPi_001,rpi_camera,1931,9,1,27.9,23.0,643,473,0.0643,0.0473,0.5,0.5,0.2500,0.5m x 0.5m,0.40,IE_KAL,387.0,579.6,233,525,540,633,,,,,,Mostly Sunny,
2026-05-15 13:35:12,RPi_001,rpi_camera,1932,9,1,27.6,23.0,635,474,0.0635,0.0474,0.5,0.5,0.2500,0.5m x 0.5m,0.42,IE_KAL,387.9,579.4,233,525,541,633,,,,,,Mostly Sunny,
2026-05-15 13:35:12,RPi_001,rpi_camera,1933,9,1,27.6,23.0,635,473,0.0635,0.0473,0.5,0.5,0.2500,0.5m x 0.5m,0.35,IE_KAL,387.5,579.5,233,525,541,633,,,,,,Mostly Sunny,
2026-05-15 13:35:12,RPi_001,rpi_camera,1934,9,1,27.9,23.0,643,479,0.0643,0.0479,0.5,0.5,0.2500,0.5m x 0.5m,0.56,IE_KAL,387.1,579.5,233,525,541,633,,,,,,Mostly Sunny,
2026-05-15 13:35:12,RPi_001,rpi_camera,1935,9,1,27.8,23.0,639,475,0.0639,0.0475,0.5,0.5,0.2500,0.5m x 0.5m,0.55,IE_KAL,386.9,579.7,232,525,540,633,,,,,,Mostly Sunny,
2026-05-15 13:35:12,RPi_001,rpi_camera,1936,9,1,27.9,23.0,643,483,0.0643,0.0483,0.5,0.5,0.2500,0.5m x 0.5m,0.61,IE_KAL,387.0,579.4,233,525,540,633,,,,,,Mostly Sunny,
2026-05-15 13:35:13,RPi_001,rpi_camera,1937,9,1,28.1,23.0,646,489,0.0646,0.0489,0.5,0.5,0.2500,0.5m x 0.5m,0.65,IE_KAL,387.7,579.5,233,525,541,633,,,,,,Mostly Sunny,
2026-05-15 13:35:13,RPi_001,rpi_camera,1938,9,1,28.1,23.0,646,482,0.0646,0.0482,0.5,0.5,0.2500,0.5m x 0.5m,0.73,IE_KAL,387.6,579.5,233,525,541,633,,,,,,Mostly Sunny,
2026-05-15 13:35:13,RPi_001,rpi_camera,1939,9,1,28.1,23.0,646,482,0.0646,0.0482,0.5,0.5,0.2500,0.5m x 0.5m,0.67,IE_KAL,387.4,579.5,233,525,541,633,,,,,,Mostly Sunny,
2026-05-15 13:35:13,RPi_001,rpi_camera,1940,9,1,28.1,23.0,646,482,0.0646,0.0482,0.5,0.5,0.2500,0.5m x 0.5m,0.67,IE_KAL,387.4,579.7,233,525,541,634,,,,,,Mostly Sunny,
2026-05-15 13:35:13,RPi_001,rpi_camera,1941,9,1,27.8,23.0,639,478,0.0639,0.0478,0.5,0.5,0.2500,0.5m x 0.5m,0.69,IE_KAL,387.9,579.5,233,525,541,633,,,,,,Mostly Sunny,
2026-05-15 13:35:13,RPi_001,rpi_camera,1942,9,1,28.0,22.2,621,478,0.0621,0.0478,0.5,0.5,0.2500,0.5m x 0.5m,0.58,IE_KAL,388.0,579.2,234,525,541,633,,,,,,Mostly Sunny,
2026-05-15 13:35:13,RPi_001,rpi_camera,1943,9,1,27.6,23.0,635,477,0.0635,0.0477,0.5,0.5,0.2500,0.5m x 0.5m,0.56,IE_KAL,387.8,579.5,233,525,541,633,,,,,,Mostly Sunny,
2026-05-15 13:35:13,RPi_001,rpi_camera,1944,9,1,27.6,23.0,635,479,0.0635,0.0479,0.5,0.5,0.2500,0.5m x 0.5m,0.46,IE_KAL,387.8,579.4,233,525,541,633,,,,,,Mostly Sunny,
2026-05-15 13:35:13,RPi_001,rpi_camera,1945,9,1,27.9,23.0,643,481,0.0643,0.0481,0.5,0.5,0.2500,0.5m x 0.5m,0.50,IE_KAL,387.4,579.6,233,525,541,633,,,,,,Mostly Sunny,
2026-05-15 13:35:13,RPi_001,rpi_camera,1946,9,1,28.0,22.2,621,480,0.0621,0.0480,0.5,0.5,0.2500,0.5m x 0.5m,0.46,IE_KAL,387.5,579.2,233,525,541,633,,,,,,Mostly Sunny,
2026-05-15 13:35:13,RPi_001,rpi_camera,1947,9,1,27.9,23.0,643,484,0.0643,0.0484,0.5,0.5,0.2500,0.5m x 0.5m,0.56,IE_KAL,387.3,579.6,233,525,541,633,,,,,,Mostly Sunny,
2026-05-15 13:35:13,RPi_001,rpi_camera,1948,9,1,27.9,23.0,643,483,0.0643,0.0483,0.5,0.5,0.2500,0.5m x 0.5m,0.53,IE_KAL,387.1,579.6,233,525,541,633,,,,,,Mostly Sunny,
2026-05-15 13:35:13,RPi_001,rpi_camera,1949,9,1,28.1,23.0,646,486,0.0646,0.0486,0.5,0.5,0.2500,0.5m x 0.5m,0.64,IE_KAL,386.5,579.7,232,525,540,634,,,,,,Mostly Sunny,
2026-05-15 13:35:13,RPi_001,rpi_camera,1950,9,1,27.9,23.0,643,479,0.0643,0.0479,0.5,0.5,0.2500,0.5m x 0.5m,0.57,IE_KAL,387.5,579.5,233,525,541,633,,,,,,Mostly Sunny,
2026-05-15 13:35:13,RPi_001,rpi_camera,1951,9,1,27.9,23.0,643,486,0.0643,0.0486,0.5,0.5,0.2500,0.5m x 0.5m,0.60,IE_KAL,387.2,579.4,233,525,541,633,,,,,,Mostly Sunny,
2026-05-15 13:35:13,RPi_001,rpi_camera,1952,9,1,27.4,23.0,631,477,0.0631,0.0477,0.5,0.5,0.2500,0.5m x 0.5m,0.52,IE_KAL,387.6,579.4,233,525,541,633,,,,,,Mostly Sunny,
2026-05-15 13:35:14,RPi_001,rpi_camera,1953,9,1,27.9,23.0,643,483,0.0643,0.0483,0.5,0.5,0.2500,0.5m x 0.5m,0.48,IE_KAL,387.0,579.4,233,525,540,633,,,,,,Mostly Sunny,
2026-05-15 13:35:14,RPi_001,rpi_camera,1954,9,1,28.1,23.0,646,484,0.0646,0.0484,0.5,0.5,0.2500,0.5m x 0.5m,0.52,IE_KAL,387.1,579.4,233,525,541,633,,,,,,Mostly Sunny,
2026-05-15 13:35:14,RPi_001,rpi_camera,1955,9,1,28.3,23.0,650,487,0.0650,0.0487,0.5,0.5,0.2500,0.5m x 0.5m,0.56,IE_KAL,387.1,579.5,233,525,541,633,,,,,,Mostly Sunny,
2026-05-15 13:35:14,RPi_001,rpi_camera,1956,9,1,28.1,23.0,646,483,0.0646,0.0483,0.5,0.5,0.2500,0.5m x 0.5m,0.53,IE_KAL,387.2,579.4,233,525,541,633,,,,,,Mostly Sunny,
2026-05-15 13:35:14,RPi_001,rpi_camera,1957,9,1,28.1,23.0,646,489,0.0646,0.0489,0.5,0.5,0.2500,0.5m x 0.5m,0.47,IE_KAL,386.8,579.4,232,525,540,633,,,,,,Mostly Sunny,
2026-05-15 13:35:14,RPi_001,rpi_camera,1958,9,1,28.3,22.2,628,480,0.0628,0.0480,0.5,0.5,0.2500,0.5m x 0.5m,0.57,IE_KAL,387.2,579.2,233,525,540,633,,,,,,Mostly Sunny,
2026-05-15 13:35:14,RPi_001,rpi_camera,1959,9,1,28.1,23.0,646,485,0.0646,0.0485,0.5,0.5,0.2500,0.5m x 0.5m,0.56,IE_KAL,387.1,579.5,233,525,541,633,,,,,,Mostly Sunny,
2026-05-15 13:35:14,RPi_001,rpi_camera,1960,9,1,28.1,23.0,646,482,0.0646,0.0482,0.5,0.5,0.2500,0.5m x 0.5m,0.59,IE_KAL,387.1,579.6,233,525,541,633,,,,,,Mostly Sunny,
2026-05-15 13:35:14,RPi_001,rpi_camera,1961,9,1,28.1,23.0,646,483,0.0646,0.0483,0.5,0.5,0.2500,0.5m x 0.5m,0.56,IE_KAL,387.0,579.6,233,525,540,633,,,,,,Mostly Sunny,
2026-05-15 13:35:14,RPi_001,rpi_camera,1962,9,1,28.1,23.0,646,486,0.0646,0.0486,0.5,0.5,0.2500,0.5m x 0.5m,0.62,IE_KAL,386.9,579.6,232,525,540,633,,,,,,Mostly Sunny,
2026-05-15 13:35:14,RPi_001,rpi_camera,1963,9,1,28.1,23.0,646,491,0.0646,0.0491,0.5,0.5,0.2500,0.5m x 0.5m,0.55,IE_KAL,386.7,579.3,232,524,540,633,,,,,,Mostly Sunny,
2026-05-15 13:35:14,RPi_001,rpi_camera,1964,9,1,28.2,23.1,652,499,0.0652,0.0499,0.5,0.5,0.2500,0.5m x 0.5m,0.63,IE_KAL,387.9,578.5,234,524,541,632,,,,,,Mostly Sunny,
2026-05-15 13:35:15,RPi_001,rpi_camera,1965,9,1,28.1,23.0,646,486,0.0646,0.0486,0.5,0.5,0.2500,0.5m x 0.5m,0.64,IE_KAL,386.6,579.6,232,525,540,633,,,,,,Mostly Sunny,
2026-05-15 13:35:15,RPi_001,rpi_camera,1966,9,1,28.1,23.0,646,488,0.0646,0.0488,0.5,0.5,0.2500,0.5m x 0.5m,0.58,IE_KAL,387.0,579.5,233,525,540,633,,,,,,Mostly Sunny,
2026-05-15 13:35:15,RPi_001,rpi_camera,1967,9,1,27.9,23.0,643,484,0.0643,0.0484,0.5,0.5,0.2500,0.5m x 0.5m,0.62,IE_KAL,387.4,579.5,233,525,541,633,,,,,,Mostly Sunny,
2026-05-15 13:35:15,RPi_001,rpi_camera,1968,9,1,28.2,23.1,652,495,0.0652,0.0495,0.5,0.5,0.2500,0.5m x 0.5m,0.59,IE_KAL,388.2,578.7,234,524,541,632,,,,,,Mostly Sunny,
2026-05-15 13:35:15,RPi_001,rpi_camera,1969,9,1,27.9,23.0,643,482,0.0643,0.0482,0.5,0.5,0.2500,0.5m x 0.5m,0.65,IE_KAL,387.1,579.7,233,525,541,634,,,,,,Mostly Sunny,
2026-05-15 13:35:15,RPi_001,rpi_camera,1970,9,1,27.9,23.0,643,486,0.0643,0.0486,0.5,0.5,0.2500,0.5m x 0.5m,0.60,IE_KAL,386.5,579.5,232,525,540,633,,,,,,Mostly Sunny,
2026-05-15 13:35:15,RPi_001,rpi_camera,1971,9,1,27.9,23.0,643,481,0.0643,0.0481,0.5,0.5,0.2500,0.5m x 0.5m,0.52,IE_KAL,387.2,579.6,233,525,541,633,,,,,,Mostly Sunny,
2026-05-15 13:35:15,RPi_001,rpi_camera,1972,9,1,28.1,23.0,646,481,0.0646,0.0481,0.5,0.5,0.2500,0.5m x 0.5m,0.61,IE_KAL,386.9,579.7,232,525,540,634,,,,,,Mostly Sunny,
2026-05-15 13:35:15,RPi_001,rpi_camera,1973,9,1,28.1,23.0,646,486,0.0646,0.0486,0.5,0.5,0.2500,0.5m x 0.5m,0.60,IE_KAL,386.4,579.6,232,525,540,633,,,,,,Mostly Sunny,
2026-05-15 13:35:15,RPi_001,rpi_camera,1974,9,1,27.6,23.0,635,480,0.0635,0.0480,0.5,0.5,0.2500,0.5m x 0.5m,0.60,IE_KAL,387.5,579.6,233,525,541,633,,,,,,Mostly Sunny,
2026-05-15 13:35:15,RPi_001,rpi_camera,1975,9,1,27.9,23.0,643,486,0.0643,0.0486,0.5,0.5,0.2500,0.5m x 0.5m,0.63,IE_KAL,386.8,579.5,232,525,540,633,,,,,,Mostly Sunny,
2026-05-15 13:35:15,RPi_001,rpi_camera,1976,9,1,28.1,23.0,646,487,0.0646,0.0487,0.5,0.5,0.2500,0.5m x 0.5m,0.64,IE_KAL,386.9,579.5,232,525,540,633,,,,,,Mostly Sunny,
2026-05-15 13:35:16,RPi_001,rpi_camera,1977,9,1,27.9,23.0,643,482,0.0643,0.0482,0.5,0.5,0.2500,0.5m x 0.5m,0.60,IE_KAL,387.1,579.5,233,525,541,633,,,,,,Mostly Sunny,
2026-05-15 13:35:16,RPi_001,rpi_camera,1978,9,1,27.9,23.0,643,482,0.0643,0.0482,0.5,0.5,0.2500,0.5m x 0.5m,0.64,IE_KAL,387.0,579.6,233,525,540,633,,,,,,Mostly Sunny,
2026-05-15 13:35:16,RPi_001,rpi_camera,1979,9,1,28.1,23.0,646,488,0.0646,0.0488,0.5,0.5,0.2500,0.5m x 0.5m,0.63,IE_KAL,386.6,579.7,232,525,540,634,,,,,,Mostly Sunny,
2026-05-15 13:35:16,RPi_001,rpi_camera,1980,9,1,28.1,23.0,646,486,0.0646,0.0486,0.5,0.5,0.2500,0.5m x 0.5m,0.58,IE_KAL,386.5,579.5,232,525,540,633,,,,,,Mostly Sunny,
2026-05-15 13:35:16,RPi_001,rpi_camera,1981,9,1,28.1,23.0,646,486,0.0646,0.0486,0.5,0.5,0.2500,0.5m x 0.5m,0.62,IE_KAL,387.1,579.6,233,525,541,633,,,,,,Mostly Sunny,
2026-05-15 13:35:16,RPi_001,rpi_camera,1982,9,1,28.1,23.0,646,482,0.0646,0.0482,0.5,0.5,0.2500,0.5m x 0.5m,0.58,IE_KAL,387.1,579.5,233,525,541,633,,,,,,Mostly Sunny,
2026-05-15 13:35:16,RPi_001,rpi_camera,1983,9,1,27.6,23.0,635,480,0.0635,0.0480,0.5,0.5,0.2500,0.5m x 0.5m,0.54,IE_KAL,388.0,579.5,234,525,541,633,,,,,,Mostly Sunny,
2026-05-15 13:35:16,RPi_001,rpi_camera,1984,9,1,28.1,23.0,646,486,0.0646,0.0486,0.5,0.5,0.2500,0.5m x 0.5m,0.60,IE_KAL,386.6,579.5,232,525,540,633,,,,,,Mostly Sunny,
2026-05-15 13:35:16,RPi_001,rpi_camera,1985,9,1,28.1,23.0,646,486,0.0646,0.0486,0.5,0.5,0.2500,0.5m x 0.5m,0.57,IE_KAL,386.4,579.5,232,525,540,633,,,,,,Mostly Sunny,
2026-05-15 13:35:16,RPi_001,rpi_camera,1986,9,1,28.1,23.0,646,486,0.0646,0.0486,0.5,0.5,0.2500,0.5m x 0.5m,0.53,IE_KAL,387.2,579.5,233,525,541,633,,,,,,Mostly Sunny,
2026-05-15 13:35:16,RPi_001,rpi_camera,1987,9,1,28.2,23.1,652,498,0.0652,0.0498,0.5,0.5,0.2500,0.5m x 0.5m,0.60,IE_KAL,388.3,578.5,234,524,541,632,,,,,,Mostly Sunny,
2026-05-15 13:35:16,RPi_001,rpi_camera,1988,9,1,28.1,22.2,625,476,0.0625,0.0476,0.5,0.5,0.2500,0.5m x 0.5m,0.60,IE_KAL,387.3,579.3,233,525,541,633,,,,,,Mostly Sunny,
2026-05-15 13:35:16,RPi_001,rpi_camera,1989,9,1,27.9,23.0,643,484,0.0643,0.0484,0.5,0.5,0.2500,0.5m x 0.5m,0.58,IE_KAL,387.3,579.7,233,525,541,633,,,,,,Mostly Sunny,
2026-05-15 13:35:16,RPi_001,rpi_camera,1990,9,1,27.9,23.0,643,485,0.0643,0.0485,0.5,0.5,0.2500,0.5m x 0.5m,0.56,IE_KAL,387.3,579.5,233,525,541,633,,,,,,Mostly Sunny,
2026-05-15 13:35:16,RPi_001,rpi_camera,1991,9,1,28.3,23.0,650,486,0.0650,0.0486,0.5,0.5,0.2500,0.5m x 0.5m,0.56,IE_KAL,387.2,579.6,233,525,541,633,,,,,,Mostly Sunny,
2026-05-15 13:35:16,RPi_001,rpi_camera,1992,9,1,27.9,23.0,643,488,0.0643,0.0488,0.5,0.5,0.2500,0.5m x 0.5m,0.54,IE_KAL,387.0,579.5,233,525,540,633,,,,,,Mostly Sunny,
2026-05-15 13:35:17,RPi_001,rpi_camera,1993,9,1,28.1,23.0,646,487,0.0646,0.0487,0.5,0.5,0.2500,0.5m x 0.5m,0.58,IE_KAL,387.5,579.5,233,525,541,633,,,,,,Mostly Sunny,
2026-05-15 13:35:17,RPi_001,rpi_camera,1994,9,1,27.9,23.0,643,489,0.0643,0.0489,0.5,0.5,0.2500,0.5m x 0.5m,0.60,IE_KAL,387.1,579.4,233,525,541,633,,,,,,Mostly Sunny,
2026-05-15 13:35:17,RPi_001,rpi_camera,1995,9,1,27.9,23.0,643,485,0.0643,0.0485,0.5,0.5,0.2500,0.5m x 0.5m,0.56,IE_KAL,386.8,579.3,232,525,540,633,,,,,,Mostly Sunny,
2026-05-15 13:35:17,RPi_001,rpi_camera,1996,9,1,27.9,23.0,643,486,0.0643,0.0486,0.5,0.5,0.2500,0.5m x 0.5m,0.55,IE_KAL,386.9,579.5,232,525,540,633,,,,,,Mostly Sunny,
2026-05-15 13:35:17,RPi_001,rpi_camera,1997,9,1,28.3,23.0,650,489,0.0650,0.0489,0.5,0.5,0.2500,0.5m x 0.5m,0.57,IE_KAL,387.0,579.5,233,525,540,633,,,,,,Mostly Sunny,
2026-05-15 13:35:17,RPi_001,rpi_camera,1998,9,1,28.1,23.0,646,489,0.0646,0.0489,0.5,0.5,0.2500,0.5m x 0.5m,0.56,IE_KAL,386.4,579.4,232,525,540,633,,,,,,Mostly Sunny,
2026-05-15 13:35:17,RPi_001,rpi_camera,1999,9,1,28.3,23.0,650,489,0.0650,0.0489,0.5,0.5,0.2500,0.5m x 0.5m,0.53,IE_KAL,387.1,579.5,233,525,541,633,,,,,,Mostly Sunny,
2026-05-15 13:35:17,RPi_001,rpi_camera,2000,9,1,27.9,23.0,643,487,0.0643,0.0487,0.5,0.5,0.2500,0.5m x 0.5m,0.56,IE_KAL,387.4,579.4,233,525,541,633,,,,,,Mostly Sunny,
2026-05-15 13:35:17,RPi_001,rpi_camera,2001,9,1,27.9,23.0,643,483,0.0643,0.0483,0.5,0.5,0.2500,0.5m x 0.5m,0.55,IE_KAL,387.1,579.5,233,525,541,633,,,,,,Mostly Sunny,
2026-05-15 13:35:17,RPi_001,rpi_camera,2002,9,1,28.1,23.0,646,489,0.0646,0.0489,0.5,0.5,0.2500,0.5m x 0.5m,0.60,IE_KAL,386.8,579.5,232,525,540,633,,,,,,Mostly Sunny,
2026-05-15 13:35:17,RPi_001,rpi_camera,2003,9,1,28.1,23.0,646,486,0.0646,0.0486,0.5,0.5,0.2500,0.5m x 0.5m,0.53,IE_KAL,387.6,579.4,233,525,541,633,,,,,,Mostly Sunny,
2026-05-15 13:35:17,RPi_001,rpi_camera,2004,9,1,27.9,23.0,643,487,0.0643,0.0487,0.5,0.5,0.2500,0.5m x 0.5m,0.56,IE_KAL,387.0,579.6,233,525,540,633,,,,,,Mostly Sunny,
2026-05-15 13:35:18,RPi_001,rpi_camera,2005,9,1,27.9,23.0,643,485,0.0643,0.0485,0.5,0.5,0.2500,0.5m x 0.5m,0.59,IE_KAL,387.0,579.4,233,525,541,633,,,,,,Mostly Sunny,
2026-05-15 13:35:18,RPi_001,rpi_camera,2006,9,1,27.9,23.0,643,483,0.0643,0.0483,0.5,0.5,0.2500,0.5m x 0.5m,0.54,IE_KAL,387.3,579.5,233,525,541,633,,,,,,Mostly Sunny,
2026-05-15 13:35:18,RPi_001,rpi_camera,2007,9,1,27.9,23.0,643,484,0.0643,0.0484,0.5,0.5,0.2500,0.5m x 0.5m,0.57,IE_KAL,387.1,579.4,233,525,541,633,,,,,,Mostly Sunny,
2026-05-15 13:35:18,RPi_001,rpi_camera,2008,9,1,27.9,23.0,643,481,0.0643,0.0481,0.5,0.5,0.2500,0.5m x 0.5m,0.56,IE_KAL,387.3,579.5,233,525,541,633,,,,,,Mostly Sunny,
2026-05-15 13:35:18,RPi_001,rpi_camera,2009,9,1,27.9,23.0,643,479,0.0643,0.0479,0.5,0.5,0.2500,0.5m x 0.5m,0.60,IE_KAL,387.1,579.5,233,525,541,633,,,,,,Mostly Sunny,
2026-05-15 13:35:18,RPi_001,rpi_camera,2010,9,1,28.0,22.2,621,482,0.0621,0.0482,0.5,0.5,0.2500,0.5m x 0.5m,0.55,IE_KAL,387.5,579.2,233,525,541,633,,,,,,Mostly Sunny,
2026-05-15 13:35:18,RPi_001,rpi_camera,2011,9,1,28.1,23.0,646,488,0.0646,0.0488,0.5,0.5,0.2500,0.5m x 0.5m,0.58,IE_KAL,386.7,579.5,232,525,540,633,,,,,,Mostly Sunny,
2026-05-15 13:35:18,RPi_001,rpi_camera,2012,9,1,27.9,23.0,643,485,0.0643,0.0485,0.5,0.5,0.2500,0.5m x 0.5m,0.61,IE_KAL,386.9,579.6,232,525,540,633,,,,,,Mostly Sunny,
2026-05-15 13:35:18,RPi_001,rpi_camera,2013,9,1,28.0,22.2,621,483,0.0621,0.0483,0.5,0.5,0.2500,0.5m x 0.5m,0.55,IE_KAL,387.8,579.1,234,525,541,633,,,,,,Mostly Sunny,
2026-05-15 13:35:18,RPi_001,rpi_camera,2014,9,1,28.2,23.1,652,495,0.0652,0.0495,0.5,0.5,0.2500,0.5m x 0.5m,0.64,IE_KAL,388.3,578.5,234,524,541,632,,,,,,Mostly Sunny,
2026-05-15 13:35:18,RPi_001,rpi_camera,2015,9,1,28.0,22.2,621,482,0.0621,0.0482,0.5,0.5,0.2500,0.5m x 0.5m,0.60,IE_KAL,387.5,579.2,233,525,541,633,,,,,,Mostly Sunny,
2026-05-15 13:35:18,RPi_001,rpi_camera,2016,9,1,28.1,23.0,646,489,0.0646,0.0489,0.5,0.5,0.2500,0.5m x 0.5m,0.55,IE_KAL,387.0,579.4,232,525,540,633,,,,,,Mostly Sunny,
2026-05-15 13:35:18,RPi_001,rpi_camera,2017,9,1,27.9,23.0,643,485,0.0643,0.0485,0.5,0.5,0.2500,0.5m x 0.5m,0.56,IE_KAL,387.0,579.4,233,525,540,633,,,,,,Mostly Sunny,
2026-05-15 13:35:18,RPi_001,rpi_camera,2018,9,1,28.3,23.0,650,484,0.0650,0.0484,0.5,0.5,0.2500,0.5m x 0.5m,0.57,IE_KAL,386.8,579.6,232,525,540,633,,,,,,Mostly Sunny,
2026-05-15 13:35:18,RPi_001,rpi_camera,2019,9,1,28.1,23.0,646,484,0.0646,0.0484,0.5,0.5,0.2500,0.5m x 0.5m,0.56,IE_KAL,386.7,579.6,232,525,540,633,,,,,,Mostly Sunny,
2026-05-15 13:35:18,RPi_001,rpi_camera,2020,9,1,27.9,23.0,643,490,0.0643,0.0490,0.5,0.5,0.2500,0.5m x 0.5m,0.53,IE_KAL,387.0,579.4,233,525,541,633,,,,,,Mostly Sunny,
2026-05-15 13:35:19,RPi_001,rpi_camera,2021,9,1,27.9,23.0,643,486,0.0643,0.0486,0.5,0.5,0.2500,0.5m x 0.5m,0.64,IE_KAL,387.0,579.4,233,525,540,633,,,,,,Mostly Sunny,
2026-05-15 13:35:19,RPi_001,rpi_camera,2022,9,1,28.1,23.0,646,487,0.0646,0.0487,0.5,0.5,0.2500,0.5m x 0.5m,0.57,IE_KAL,386.4,579.6,232,525,540,633,,,,,,Mostly Sunny,
2026-05-15 13:35:19,RPi_001,rpi_camera,2023,9,1,28.2,23.1,652,500,0.0652,0.0500,0.5,0.5,0.2500,0.5m x 0.5m,0.58,IE_KAL,387.5,578.5,233,524,541,632,,,,,,Mostly Sunny,
2026-05-15 13:35:19,RPi_001,rpi_camera,2024,9,1,28.1,23.0,646,487,0.0646,0.0487,0.5,0.5,0.2500,0.5m x 0.5m,0.62,IE_KAL,386.7,579.5,232,525,540,633,,,,,,Mostly Sunny,
2026-05-15 13:35:19,RPi_001,rpi_camera,2025,9,1,28.2,23.1,652,494,0.0652,0.0494,0.5,0.5,0.2500,0.5m x 0.5m,0.67,IE_KAL,388.0,578.6,234,524,541,632,,,,,,Mostly Sunny,
2026-05-15 13:35:19,RPi_001,rpi_camera,2026,9,1,28.1,23.0,646,488,0.0646,0.0488,0.5,0.5,0.2500,0.5m x 0.5m,0.55,IE_KAL,386.7,579.4,232,525,540,633,,,,,,Mostly Sunny,
2026-05-15 13:35:19,RPi_001,rpi_camera,2027,9,1,28.1,23.0,646,491,0.0646,0.0491,0.5,0.5,0.2500,0.5m x 0.5m,0.55,IE_KAL,386.7,579.5,232,525,540,633,,,,,,Mostly Sunny,
2026-05-15 13:35:19,RPi_001,rpi_camera,2028,9,1,28.1,23.0,646,485,0.0646,0.0485,0.5,0.5,0.2500,0.5m x 0.5m,0.53,IE_KAL,386.7,579.5,232,525,540,633,,,,,,Mostly Sunny,
2026-05-15 13:35:19,RPi_001,rpi_camera,2029,9,1,28.1,23.0,646,485,0.0646,0.0485,0.5,0.5,0.2500,0.5m x 0.5m,0.56,IE_KAL,386.7,579.5,232,525,540,633,,,,,,Mostly Sunny,
2026-05-15 13:35:19,RPi_001,rpi_camera,2030,9,1,28.2,23.1,652,495,0.0652,0.0495,0.5,0.5,0.2500,0.5m x 0.5m,0.69,IE_KAL,387.9,578.7,234,524,541,632,,,,,,Mostly Sunny,
2026-05-15 13:35:19,RPi_001,rpi_camera,2031,9,1,27.9,23.0,643,484,0.0643,0.0484,0.5,0.5,0.2500,0.5m x 0.5m,0.66,IE_KAL,387.0,579.5,233,525,540,633,,,,,,Mostly Sunny,
2026-05-15 13:35:19,RPi_001,rpi_camera,2032,9,1,27.9,23.0,643,482,0.0643,0.0482,0.5,0.5,0.2500,0.5m x 0.5m,0.64,IE_KAL,387.5,579.5,233,525,541,633,,,,,,Mostly Sunny,
2026-05-15 13:35:20,RPi_001,rpi_camera,2033,9,1,27.9,23.0,643,482,0.0643,0.0482,0.5,0.5,0.2500,0.5m x 0.5m,0.67,IE_KAL,387.2,579.5,233,525,541,633,,,,,,Mostly Sunny,
2026-05-15 13:35:20,RPi_001,rpi_camera,2034,9,1,27.9,23.0,643,482,0.0643,0.0482,0.5,0.5,0.2500,0.5m x 0.5m,0.66,IE_KAL,387.0,579.5,233,525,540,633,,,,,,Mostly Sunny,
2026-05-15 13:35:20,RPi_001,rpi_camera,2035,9,1,27.9,23.0,643,485,0.0643,0.0485,0.5,0.5,0.2500,0.5m x 0.5m,0.60,IE_KAL,387.0,579.5,233,525,540,633,,,,,,Mostly Sunny,
2026-05-15 13:35:20,RPi_001,rpi_camera,2036,9,1,27.8,22.2,617,481,0.0617,0.0481,0.5,0.5,0.2500,0.5m x 0.5m,0.61,IE_KAL,387.4,579.1,233,525,541,633,,,,,,Mostly Sunny,
2026-05-15 13:35:20,RPi_001,rpi_camera,2037,9,1,28.0,22.2,621,492,0.0621,0.0492,0.5,0.5,0.2500,0.5m x 0.5m,0.55,IE_KAL,387.1,578.7,233,524,540,632,,,,,,Mostly Sunny,
2026-05-15 13:35:20,RPi_001,rpi_camera,2038,9,1,27.9,23.0,643,484,0.0643,0.0484,0.5,0.5,0.2500,0.5m x 0.5m,0.60,IE_KAL,386.9,579.5,232,525,540,633,,,,,,Mostly Sunny,
2026-05-15 13:35:20,RPi_001,rpi_camera,2039,9,1,28.2,23.1,652,505,0.0652,0.0505,0.5,0.5,0.2500,0.5m x 0.5m,0.64,IE_KAL,387.2,578.3,233,524,540,632,,,,,,Mostly Sunny,
2026-05-15 13:35:20,RPi_001,rpi_camera,2040,9,1,28.0,23.1,648,493,0.0648,0.0493,0.5,0.5,0.2500,0.5m x 0.5m,0.67,IE_KAL,388.0,578.6,234,524,541,632,,,,,,Mostly Sunny,
2026-05-15 13:35:20,RPi_001,rpi_camera,2041,9,1,28.0,23.1,648,497,0.0648,0.0497,0.5,0.5,0.2500,0.5m x 0.5m,0.57,IE_KAL,387.7,578.3,234,524,541,632,,,,,,Mostly Sunny,
2026-05-15 13:35:20,RPi_001,rpi_camera,2042,9,1,27.9,23.0,643,487,0.0643,0.0487,0.5,0.5,0.2500,0.5m x 0.5m,0.56,IE_KAL,386.5,579.4,232,525,540,633,,,,,,Mostly Sunny,
2026-05-15 13:35:20,RPi_001,rpi_camera,2043,9,1,27.6,22.2,614,479,0.0614,0.0479,0.5,0.5,0.2500,0.5m x 0.5m,0.54,IE_KAL,387.5,579.1,233,525,541,633,,,,,,Mostly Sunny,
2026-05-15 13:35:20,RPi_001,rpi_camera,2044,9,1,27.6,22.2,614,472,0.0614,0.0472,0.5,0.5,0.2500,0.5m x 0.5m,0.65,IE_KAL,387.1,579.2,233,525,540,633,,,,,,Mostly Sunny,
2026-05-15 13:35:20,RPi_001,rpi_camera,2045,9,1,27.5,22.2,610,463,0.0610,0.0463,0.5,0.5,0.2500,0.5m x 0.5m,0.65,IE_KAL,387.5,579.2,233,525,541,633,,,,,,Mostly Sunny,
2026-05-15 13:35:33,RPi_001,rpi_camera,2257,10,1,29.7,9.0,268,214,0.0268,0.0214,0.5,0.5,0.2500,0.5m x 0.5m,0.42,IE_KAL,822.8,1039.3,533,806,1112,1079,,,,,,Mostly Sunny,/home/pi/pothole_crops_20260515_133308/pothole_track10.jpg
2026-05-15 13:35:33,RPi_001,rpi_camera,2258,10,1,29.8,8.9,266,205,0.0266,0.0205,0.5,0.5,0.2500,0.5m x 0.5m,0.62,IE_KAL,819.1,1039.0,529,806,1108,1079,,,,,,Mostly Sunny,
2026-05-15 13:35:33,RPi_001,rpi_camera,2259,10,1,29.9,8.7,262,200,0.0262,0.0200,0.5,0.5,0.2500,0.5m x 0.5m,0.60,IE_KAL,817.6,1037.9,527,806,1107,1079,,,,,,Mostly Sunny,
2026-05-15 13:35:33,RPi_001,rpi_camera,2260,10,1,29.9,8.9,267,206,0.0267,0.0206,0.5,0.5,0.2500,0.5m x 0.5m,0.62,IE_KAL,818.4,1038.5,528,805,1108,1079,,,,,,Mostly Sunny,
2026-05-15 13:35:33,RPi_001,rpi_camera,2261,10,1,30.0,8.7,263,202,0.0263,0.0202,0.5,0.5,0.2500,0.5m x 0.5m,0.62,IE_KAL,818.5,1038.2,528,806,1108,1079,,,,,,Mostly Sunny,
2026-05-15 13:35:33,RPi_001,rpi_camera,2262,10,1,29.8,8.9,266,213,0.0266,0.0213,0.5,0.5,0.2500,0.5m x 0.5m,0.65,IE_KAL,822.5,1039.7,532,806,1112,1079,,,,,,Mostly Sunny,
2026-05-15 13:35:33,RPi_001,rpi_camera,2263,10,1,29.8,8.9,266,201,0.0266,0.0201,0.5,0.5,0.2500,0.5m x 0.5m,0.64,IE_KAL,817.6,1038.1,527,805,1107,1079,,,,,,Mostly Sunny,
2026-05-15 13:35:33,RPi_001,rpi_camera,2264,10,1,29.9,8.7,262,199,0.0262,0.0199,0.5,0.5,0.2500,0.5m x 0.5m,0.64,IE_KAL,817.3,1037.6,527,806,1106,1079,,,,,,Mostly Sunny,
2026-05-15 13:35:34,RPi_001,rpi_camera,2265,10,1,29.9,8.7,261,199,0.0261,0.0199,0.5,0.5,0.2500,0.5m x 0.5m,0.62,IE_KAL,817.5,1037.7,527,806,1107,1079,,,,,,Mostly Sunny,
2026-05-15 13:35:34,RPi_001,rpi_camera,2266,10,1,29.9,8.9,265,201,0.0265,0.0201,0.5,0.5,0.2500,0.5m x 0.5m,0.62,IE_KAL,817.8,1037.6,528,806,1107,1079,,,,,,Mostly Sunny,
2026-05-15 13:35:34,RPi_001,rpi_camera,2267,10,1,29.9,8.8,263,202,0.0263,0.0202,0.5,0.5,0.2500,0.5m x 0.5m,0.64,IE_KAL,817.6,1038.2,527,805,1107,1079,,,,,,Mostly Sunny,
2026-05-15 13:35:34,RPi_001,rpi_camera,2268,10,1,29.9,8.7,261,200,0.0261,0.0200,0.5,0.5,0.2500,0.5m x 0.5m,0.63,IE_KAL,818.3,1038.0,528,806,1108,1079,,,,,,Mostly Sunny,
2026-05-15 13:35:34,RPi_001,rpi_camera,2269,10,1,29.9,8.7,261,199,0.0261,0.0199,0.5,0.5,0.2500,0.5m x 0.5m,0.63,IE_KAL,817.9,1037.8,528,806,1107,1079,,,,,,Mostly Sunny,
2026-05-15 13:35:34,RPi_001,rpi_camera,2270,10,1,29.9,8.7,261,201,0.0261,0.0201,0.5,0.5,0.2500,0.5m x 0.5m,0.60,IE_KAL,818.2,1037.8,528,806,1107,1079,,,,,,Mostly Sunny,
2026-05-15 13:35:34,RPi_001,rpi_camera,2271,10,1,30.0,8.9,268,208,0.0268,0.0208,0.5,0.5,0.2500,0.5m x 0.5m,0.62,IE_KAL,819.6,1038.9,529,806,1109,1079,,,,,,Mostly Sunny,
2026-05-15 13:35:34,RPi_001,rpi_camera,2272,10,1,29.9,8.9,267,208,0.0267,0.0208,0.5,0.5,0.2500,0.5m x 0.5m,0.57,IE_KAL,820.9,1039.0,531,806,1110,1079,,,,,,Mostly Sunny,
2026-05-15 13:35:34,RPi_001,rpi_camera,2273,10,1,30.0,8.8,264,206,0.0264,0.0206,0.5,0.5,0.2500,0.5m x 0.5m,0.62,IE_KAL,818.0,1038.4,527,805,1108,1079,,,,,,Mostly Sunny,
2026-05-15 13:35:34,RPi_001,rpi_camera,2274,10,1,30.1,8.9,269,210,0.0269,0.0210,0.5,0.5,0.2500,0.5m x 0.5m,0.66,IE_KAL,819.3,1038.7,529,805,1108,1079,,,,,,Mostly Sunny,
2026-05-15 13:35:34,RPi_001,rpi_camera,2275,10,1,30.0,8.9,268,205,0.0268,0.0205,0.5,0.5,0.2500,0.5m x 0.5m,0.66,IE_KAL,818.1,1037.9,528,805,1107,1079,,,,,,Mostly Sunny,
2026-05-15 13:35:34,RPi_001,rpi_camera,2276,10,1,30.0,8.9,266,205,0.0266,0.0205,0.5,0.5,0.2500,0.5m x 0.5m,0.68,IE_KAL,818.3,1038.1,528,806,1107,1079,,,,,,Mostly Sunny,
2026-05-15 13:35:34,RPi_001,rpi_camera,2277,10,1,30.0,8.9,268,205,0.0268,0.0205,0.5,0.5,0.2500,0.5m x 0.5m,0.66,IE_KAL,817.6,1038.2,527,805,1107,1079,,,,,,Mostly Sunny,
2026-05-15 13:35:34,RPi_001,rpi_camera,2278,10,1,29.9,8.9,265,205,0.0265,0.0205,0.5,0.5,0.2500,0.5m x 0.5m,0.68,IE_KAL,819.3,1037.9,529,806,1108,1079,,,,,,Mostly Sunny,
2026-05-15 13:35:34,RPi_001,rpi_camera,2279,10,1,30.0,8.8,264,205,0.0264,0.0205,0.5,0.5,0.2500,0.5m x 0.5m,0.68,IE_KAL,817.7,1038.4,527,805,1107,1079,,,,,,Mostly Sunny,
2026-05-15 13:35:34,RPi_001,rpi_camera,2280,10,1,29.9,8.9,267,207,0.0267,0.0207,0.5,0.5,0.2500,0.5m x 0.5m,0.68,IE_KAL,819.5,1038.3,529,805,1109,1079,,,,,,Mostly Sunny,
2026-05-15 13:35:35,RPi_001,rpi_camera,2281,10,1,30.0,8.9,268,206,0.0268,0.0206,0.5,0.5,0.2500,0.5m x 0.5m,0.68,IE_KAL,818.3,1038.3,528,805,1107,1079,,,,,,Mostly Sunny,
2026-05-15 13:35:35,RPi_001,rpi_camera,2282,10,1,30.0,8.9,268,204,0.0268,0.0204,0.5,0.5,0.2500,0.5m x 0.5m,0.68,IE_KAL,817.3,1038.0,527,805,1107,1079,,,,,,Mostly Sunny,
2026-05-15 13:35:35,RPi_001,rpi_camera,2283,10,1,30.0,8.9,268,204,0.0268,0.0204,0.5,0.5,0.2500,0.5m x 0.5m,0.68,IE_KAL,817.7,1038.0,528,805,1107,1079,,,,,,Mostly Sunny,
2026-05-15 13:35:35,RPi_001,rpi_camera,2284,10,1,30.0,8.9,268,204,0.0268,0.0204,0.5,0.5,0.2500,0.5m x 0.5m,0.68,IE_KAL,817.3,1038.1,527,805,1106,1079,,,,,,Mostly Sunny,
2026-05-15 13:35:35,RPi_001,rpi_camera,2285,10,1,30.0,8.8,264,207,0.0264,0.0207,0.5,0.5,0.2500,0.5m x 0.5m,0.66,IE_KAL,819.3,1038.5,529,805,1109,1079,,,,,,Mostly Sunny,
2026-05-15 13:35:35,RPi_001,rpi_camera,2286,10,1,29.9,8.9,264,204,0.0264,0.0204,0.5,0.5,0.2500,0.5m x 0.5m,0.68,IE_KAL,819.3,1038.0,529,806,1109,1079,,,,,,Mostly Sunny,
2026-05-15 13:35:35,RPi_001,rpi_camera,2287,10,1,30.0,8.9,268,208,0.0268,0.0208,0.5,0.5,0.2500,0.5m x 0.5m,0.68,IE_KAL,819.2,1038.6,529,805,1108,1079,,,,,,Mostly Sunny,
2026-05-15 13:35:35,RPi_001,rpi_camera,2288,10,1,30.0,8.8,264,206,0.0264,0.0206,0.5,0.5,0.2500,0.5m x 0.5m,0.65,IE_KAL,818.4,1038.4,528,805,1108,1079,,,,,,Mostly Sunny,
2026-05-15 13:35:35,RPi_001,rpi_camera,2289,10,1,30.0,8.9,268,207,0.0268,0.0207,0.5,0.5,0.2500,0.5m x 0.5m,0.66,IE_KAL,818.9,1038.5,529,805,1108,1079,,,,,,Mostly Sunny,
2026-05-15 13:35:35,RPi_001,rpi_camera,2290,10,1,30.0,8.9,266,204,0.0266,0.0204,0.5,0.5,0.2500,0.5m x 0.5m,0.65,IE_KAL,818.8,1037.9,529,806,1108,1079,,,,,,Mostly Sunny,
2026-05-15 13:35:35,RPi_001,rpi_camera,2291,10,1,30.1,8.9,269,207,0.0269,0.0207,0.5,0.5,0.2500,0.5m x 0.5m,0.68,IE_KAL,818.4,1038.5,528,805,1108,1079,,,,,,Mostly Sunny,
2026-05-15 13:35:35,RPi_001,rpi_camera,2292,10,1,29.9,8.9,265,202,0.0265,0.0202,0.5,0.5,0.2500,0.5m x 0.5m,0.68,IE_KAL,818.3,1037.6,528,805,1108,1079,,,,,,Mostly Sunny,
2026-05-15 13:35:36,RPi_001,rpi_camera,2293,10,1,30.1,8.9,269,204,0.0269,0.0204,0.5,0.5,0.2500,0.5m x 0.5m,0.71,IE_KAL,817.4,1037.9,527,805,1107,1079,,,,,,Mostly Sunny,
2026-05-15 13:35:36,RPi_001,rpi_camera,2294,10,1,30.0,8.9,268,205,0.0268,0.0205,0.5,0.5,0.2500,0.5m x 0.5m,0.68,IE_KAL,818.0,1038.2,528,805,1107,1079,,,,,,Mostly Sunny,
2026-05-15 13:35:36,RPi_001,rpi_camera,2295,10,1,30.0,8.8,264,206,0.0264,0.0206,0.5,0.5,0.2500,0.5m x 0.5m,0.66,IE_KAL,819.0,1038.7,528,805,1109,1079,,,,,,Mostly Sunny,
2026-05-15 13:35:36,RPi_001,rpi_camera,2296,10,1,29.9,8.8,263,203,0.0263,0.0203,0.5,0.5,0.2500,0.5m x 0.5m,0.68,IE_KAL,817.5,1038.3,527,805,1107,1079,,,,,,Mostly Sunny,
2026-05-15 13:35:36,RPi_001,rpi_camera,2297,10,1,29.9,8.9,265,202,0.0265,0.0202,0.5,0.5,0.2500,0.5m x 0.5m,0.68,IE_KAL,818.2,1037.8,528,806,1107,1079,,,,,,Mostly Sunny,
2026-05-15 13:35:36,RPi_001,rpi_camera,2298,10,1,30.0,8.9,268,206,0.0268,0.0206,0.5,0.5,0.2500,0.5m x 0.5m,0.66,IE_KAL,818.3,1038.3,528,805,1107,1079,,,,,,Mostly Sunny,
2026-05-15 13:35:36,RPi_001,rpi_camera,2299,10,1,30.0,8.9,266,204,0.0266,0.0204,0.5,0.5,0.2500,0.5m x 0.5m,0.69,IE_KAL,818.5,1037.9,528,806,1108,1079,,,,,,Mostly Sunny,
2026-05-15 13:35:36,RPi_001,rpi_camera,2300,10,1,29.9,8.9,267,203,0.0267,0.0203,0.5,0.5,0.2500,0.5m x 0.5m,0.69,IE_KAL,817.7,1038.0,528,805,1107,1079,,,,,,Mostly Sunny,
2026-05-15 13:35:36,RPi_001,rpi_camera,2301,10,1,29.9,8.9,265,203,0.0265,0.0203,0.5,0.5,0.2500,0.5m x 0.5m,0.68,IE_KAL,818.4,1037.8,528,806,1108,1079,,,,,,Mostly Sunny,
2026-05-15 13:35:36,RPi_001,rpi_camera,2302,10,1,30.2,8.8,266,208,0.0266,0.0208,0.5,0.5,0.2500,0.5m x 0.5m,0.65,IE_KAL,817.9,1038.8,527,806,1108,1079,,,,,,Mostly Sunny,
2026-05-15 13:35:36,RPi_001,rpi_camera,2303,10,1,30.1,8.9,269,203,0.0269,0.0203,0.5,0.5,0.2500,0.5m x 0.5m,0.69,IE_KAL,816.5,1038.0,526,805,1106,1079,,,,,,Mostly Sunny,
2026-05-15 13:35:36,RPi_001,rpi_camera,2304,10,1,30.1,8.9,269,204,0.0269,0.0204,0.5,0.5,0.2500,0.5m x 0.5m,0.68,IE_KAL,816.8,1038.1,527,805,1106,1079,,,,,,Mostly Sunny,
2026-05-15 13:35:36,RPi_001,rpi_camera,2305,10,1,30.0,8.9,268,206,0.0268,0.0206,0.5,0.5,0.2500,0.5m x 0.5m,0.68,IE_KAL,818.4,1038.2,528,805,1108,1079,,,,,,Mostly Sunny,
2026-05-15 13:35:36,RPi_001,rpi_camera,2306,10,1,30.0,8.9,266,205,0.0266,0.0205,0.5,0.5,0.2500,0.5m x 0.5m,0.65,IE_KAL,819.0,1037.9,529,806,1108,1079,,,,,,Mostly Sunny,
2026-05-15 13:35:36,RPi_001,rpi_camera,2307,10,1,30.0,8.9,266,203,0.0266,0.0203,0.5,0.5,0.2500,0.5m x 0.5m,0.65,IE_KAL,818.3,1037.7,528,806,1108,1079,,,,,,Mostly Sunny,
2026-05-15 13:35:36,RPi_001,rpi_camera,2308,10,1,29.9,8.9,264,203,0.0264,0.0203,0.5,0.5,0.2500,0.5m x 0.5m,0.68,IE_KAL,819.1,1037.8,529,806,1108,1079,,,,,,Mostly Sunny,
2026-05-15 13:35:37,RPi_001,rpi_camera,2309,10,1,29.9,8.9,267,204,0.0267,0.0204,0.5,0.5,0.2500,0.5m x 0.5m,0.65,IE_KAL,818.2,1038.1,528,805,1107,1079,,,,,,Mostly Sunny,
2026-05-15 13:35:37,RPi_001,rpi_camera,2310,10,1,29.9,8.7,262,201,0.0262,0.0201,0.5,0.5,0.2500,0.5m x 0.5m,0.69,IE_KAL,817.6,1037.8,527,806,1107,1079,,,,,,Mostly Sunny,
2026-05-15 13:35:37,RPi_001,rpi_camera,2311,10,1,29.9,8.9,267,204,0.0267,0.0204,0.5,0.5,0.2500,0.5m x 0.5m,0.68,IE_KAL,818.5,1038.1,528,805,1108,1079,,,,,,Mostly Sunny,
2026-05-15 13:35:37,RPi_001,rpi_camera,2312,10,1,29.9,8.8,263,203,0.0263,0.0203,0.5,0.5,0.2500,0.5m x 0.5m,0.68,IE_KAL,817.9,1038.2,527,805,1107,1079,,,,,,Mostly Sunny,
2026-05-15 13:35:37,RPi_001,rpi_camera,2313,10,1,29.8,8.9,266,203,0.0266,0.0203,0.5,0.5,0.2500,0.5m x 0.5m,0.68,IE_KAL,818.5,1038.1,528,805,1108,1079,,,,,,Mostly Sunny,
2026-05-15 13:35:37,RPi_001,rpi_camera,2314,10,1,29.9,8.9,265,203,0.0265,0.0203,0.5,0.5,0.2500,0.5m x 0.5m,0.69,IE_KAL,818.4,1037.7,528,806,1108,1079,,,,,,Mostly Sunny,
2026-05-15 13:35:37,RPi_001,rpi_camera,2315,10,1,30.0,8.7,263,203,0.0263,0.0203,0.5,0.5,0.2500,0.5m x 0.5m,0.69,IE_KAL,817.6,1037.9,527,806,1107,1079,,,,,,Mostly Sunny,
2026-05-15 13:35:37,RPi_001,rpi_camera,2316,10,1,30.0,8.7,263,205,0.0263,0.0205,0.5,0.5,0.2500,0.5m x 0.5m,0.71,IE_KAL,818.5,1038.0,528,806,1108,1079,,,,,,Mostly Sunny,
2026-05-15 13:35:37,RPi_001,rpi_camera,2317,10,1,30.1,8.7,263,204,0.0263,0.0204,0.5,0.5,0.2500,0.5m x 0.5m,0.71,IE_KAL,817.8,1037.9,528,806,1107,1079,,,,,,Mostly Sunny,
2026-05-15 13:35:37,RPi_001,rpi_camera,2318,10,1,30.1,8.7,263,205,0.0263,0.0205,0.5,0.5,0.2500,0.5m x 0.5m,0.72,IE_KAL,818.1,1038.0,528,806,1107,1079,,,,,,Mostly Sunny,
2026-05-15 13:35:37,RPi_001,rpi_camera,2319,10,1,30.0,8.9,266,202,0.0266,0.0202,0.5,0.5,0.2500,0.5m x 0.5m,0.69,IE_KAL,818.0,1037.6,528,806,1107,1079,,,,,,Mostly Sunny,
2026-05-15 13:35:37,RPi_001,rpi_camera,2320,10,1,30.0,8.8,263,201,0.0263,0.0201,0.5,0.5,0.2500,0.5m x 0.5m,0.69,IE_KAL,818.7,1037.3,529,806,1107,1079,,,,,,Mostly Sunny,
2026-05-15 13:35:38,RPi_001,rpi_camera,2321,10,1,29.9,8.7,262,202,0.0262,0.0202,0.5,0.5,0.2500,0.5m x 0.5m,0.71,IE_KAL,817.9,1037.8,528,806,1107,1079,,,,,,Mostly Sunny,
2026-05-15 13:35:38,RPi_001,rpi_camera,2322,10,1,29.9,8.7,262,201,0.0262,0.0201,0.5,0.5,0.2500,0.5m x 0.5m,0.66,IE_KAL,818.2,1037.6,528,806,1107,1079,,,,,,Mostly Sunny,
2026-05-15 13:35:38,RPi_001,rpi_camera,2323,10,1,29.9,8.7,262,201,0.0262,0.0201,0.5,0.5,0.2500,0.5m x 0.5m,0.66,IE_KAL,817.6,1037.7,527,806,1107,1079,,,,,,Mostly Sunny,
2026-05-15 13:35:38,RPi_001,rpi_camera,2324,10,1,30.0,8.9,266,201,0.0266,0.0201,0.5,0.5,0.2500,0.5m x 0.5m,0.68,IE_KAL,818.0,1037.5,528,805,1107,1079,,,,,,Mostly Sunny,
2026-05-15 13:35:38,RPi_001,rpi_camera,2325,10,1,29.9,8.9,265,201,0.0265,0.0201,0.5,0.5,0.2500,0.5m x 0.5m,0.68,IE_KAL,817.7,1037.6,528,806,1107,1079,,,,,,Mostly Sunny,
2026-05-15 13:35:38,RPi_001,rpi_camera,2326,10,1,30.0,8.9,268,204,0.0268,0.0204,0.5,0.5,0.2500,0.5m x 0.5m,0.68,IE_KAL,817.6,1037.9,527,805,1107,1079,,,,,,Mostly Sunny,
2026-05-15 13:35:38,RPi_001,rpi_camera,2327,10,1,30.0,8.8,264,204,0.0264,0.0204,0.5,0.5,0.2500,0.5m x 0.5m,0.66,IE_KAL,817.4,1038.2,527,805,1107,1079,,,,,,Mostly Sunny,
2026-05-15 13:35:38,RPi_001,rpi_camera,2328,10,1,30.0,8.9,266,202,0.0266,0.0202,0.5,0.5,0.2500,0.5m x 0.5m,0.69,IE_KAL,817.6,1037.6,527,806,1107,1079,,,,,,Mostly Sunny,
2026-05-15 13:35:38,RPi_001,rpi_camera,2329,10,1,30.0,8.8,264,205,0.0264,0.0205,0.5,0.5,0.2500,0.5m x 0.5m,0.68,IE_KAL,817.7,1038.5,527,805,1107,1079,,,,,,Mostly Sunny,
2026-05-15 13:35:38,RPi_001,rpi_camera,2330,10,1,29.9,8.9,265,202,0.0265,0.0202,0.5,0.5,0.2500,0.5m x 0.5m,0.68,IE_KAL,818.0,1037.8,528,806,1107,1079,,,,,,Mostly Sunny,
2026-05-15 13:35:38,RPi_001,rpi_camera,2331,10,1,29.9,8.7,262,203,0.0262,0.0203,0.5,0.5,0.2500,0.5m x 0.5m,0.64,IE_KAL,818.1,1037.9,528,806,1107,1079,,,,,,Mostly Sunny,
2026-05-15 13:35:38,RPi_001,rpi_camera,2332,10,1,29.9,8.9,265,203,0.0265,0.0203,0.5,0.5,0.2500,0.5m x 0.5m,0.64,IE_KAL,818.9,1037.7,529,806,1108,1079,,,,,,Mostly Sunny,
2026-05-15 13:35:38,RPi_001,rpi_camera,2333,10,1,29.9,8.7,262,201,0.0262,0.0201,0.5,0.5,0.2500,0.5m x 0.5m,0.66,IE_KAL,817.7,1037.8,528,806,1107,1079,,,,,,Mostly Sunny,
2026-05-15 13:35:38,RPi_001,rpi_camera,2334,10,1,29.9,8.8,263,202,0.0263,0.0202,0.5,0.5,0.2500,0.5m x 0.5m,0.65,IE_KAL,817.2,1038.2,527,805,1107,1079,,,,,,Mostly Sunny,
2026-05-15 13:35:38,RPi_001,rpi_camera,2335,10,1,30.0,8.7,263,201,0.0263,0.0201,0.5,0.5,0.2500,0.5m x 0.5m,0.64,IE_KAL,817.5,1037.8,527,806,1107,1079,,,,,,Mostly Sunny,
2026-05-15 13:35:38,RPi_001,rpi_camera,2336,10,1,29.9,8.7,262,204,0.0262,0.0204,0.5,0.5,0.2500,0.5m x 0.5m,0.64,IE_KAL,818.6,1038.1,528,806,1108,1079,,,,,,Mostly Sunny,
2026-05-15 13:35:39,RPi_001,rpi_camera,2337,10,1,29.9,8.9,267,204,0.0267,0.0204,0.5,0.5,0.2500,0.5m x 0.5m,0.66,IE_KAL,817.9,1038.1,528,805,1107,1079,,,,,,Mostly Sunny,
2026-05-15 13:35:39,RPi_001,rpi_camera,2338,10,1,29.7,8.7,260,199,0.0260,0.0199,0.5,0.5,0.2500,0.5m x 0.5m,0.64,IE_KAL,817.6,1037.7,527,806,1107,1079,,,,,,Mostly Sunny,
2026-05-15 13:35:39,RPi_001,rpi_camera,2339,10,1,30.0,8.7,263,203,0.0263,0.0203,0.5,0.5,0.2500,0.5m x 0.5m,0.64,IE_KAL,818.1,1038.0,528,806,1107,1079,,,,,,Mostly Sunny,
2026-05-15 13:35:39,RPi_001,rpi_camera,2340,10,1,29.9,8.7,261,204,0.0261,0.0204,0.5,0.5,0.2500,0.5m x 0.5m,0.64,IE_KAL,819.1,1038.2,529,806,1108,1079,,,,,,Mostly Sunny,
2026-05-15 13:35:39,RPi_001,rpi_camera,2341,10,1,30.0,8.8,264,201,0.0264,0.0201,0.5,0.5,0.2500,0.5m x 0.5m,0.64,IE_KAL,817.3,1038.4,527,805,1107,1079,,,,,,Mostly Sunny,
2026-05-15 13:35:39,RPi_001,rpi_camera,2342,10,1,29.6,8.7,257,194,0.0257,0.0194,0.5,0.5,0.2500,0.5m x 0.5m,0.62,IE_KAL,817.7,1037.7,528,807,1107,1079,,,,,,Mostly Sunny,
2026-05-15 13:36:01,RPi_001,rpi_camera,2715,11,1,33.2,16.0,531,382,0.0531,0.0382,0.5,0.5,0.2500,0.5m x 0.5m,0.41,IE_KAL,791.0,737.1,595,643,986,830,,,,,,Mostly Sunny,/home/pi/pothole_crops_20260515_133308/pothole_track11.jpg
2026-05-15 13:36:01,RPi_001,rpi_camera,2716,11,1,33.0,15.2,502,378,0.0502,0.0378,0.5,0.5,0.2500,0.5m x 0.5m,0.78,IE_KAL,789.6,737.2,593,643,985,830,,,,,,Mostly Sunny,
2026-05-15 13:36:02,RPi_001,rpi_camera,2717,11,1,32.6,15.2,496,375,0.0496,0.0375,0.5,0.5,0.2500,0.5m x 0.5m,0.73,IE_KAL,788.2,737.0,591,643,984,830,,,,,,Mostly Sunny,
2026-05-15 13:36:02,RPi_001,rpi_camera,2718,11,1,32.7,14.9,488,371,0.0488,0.0371,0.5,0.5,0.2500,0.5m x 0.5m,0.67,IE_KAL,787.4,737.1,590,643,983,830,,,,,,Mostly Sunny,
2026-05-15 13:36:02,RPi_001,rpi_camera,2719,11,1,32.7,14.9,488,375,0.0488,0.0375,0.5,0.5,0.2500,0.5m x 0.5m,0.68,IE_KAL,787.3,736.9,590,643,983,830,,,,,,Mostly Sunny,
2026-05-15 13:36:02,RPi_001,rpi_camera,2720,11,1,32.9,15.4,509,382,0.0509,0.0382,0.5,0.5,0.2500,0.5m x 0.5m,0.66,IE_KAL,787.4,736.9,590,642,983,830,,,,,,Mostly Sunny,
2026-05-15 13:36:02,RPi_001,rpi_camera,2721,11,1,32.8,15.2,498,376,0.0498,0.0376,0.5,0.5,0.2500,0.5m x 0.5m,0.68,IE_KAL,786.9,737.0,590,643,983,830,,,,,,Mostly Sunny,
2026-05-15 13:36:02,RPi_001,rpi_camera,2722,11,1,32.7,14.9,488,374,0.0488,0.0374,0.5,0.5,0.2500,0.5m x 0.5m,0.68,IE_KAL,786.9,736.9,590,643,983,830,,,,,,Mostly Sunny,
2026-05-15 13:36:02,RPi_001,rpi_camera,2723,11,1,32.9,15.2,500,381,0.0500,0.0381,0.5,0.5,0.2500,0.5m x 0.5m,0.67,IE_KAL,788.2,736.9,591,643,984,830,,,,,,Mostly Sunny,
2026-05-15 13:36:02,RPi_001,rpi_camera,2724,11,1,32.7,14.9,488,382,0.0488,0.0382,0.5,0.5,0.2500,0.5m x 0.5m,0.72,IE_KAL,788.6,736.9,592,643,985,830,,,,,,Mostly Sunny,
2026-05-15 13:36:02,RPi_001,rpi_camera,2725,11,1,32.7,14.7,479,375,0.0479,0.0375,0.5,0.5,0.2500,0.5m x 0.5m,0.71,IE_KAL,787.8,737.2,591,643,984,830,,,,,,Mostly Sunny,
2026-05-15 13:36:02,RPi_001,rpi_camera,2726,11,1,32.9,14.7,483,376,0.0483,0.0376,0.5,0.5,0.2500,0.5m x 0.5m,0.65,IE_KAL,788.0,737.0,591,643,984,830,,,,,,Mostly Sunny,
2026-05-15 13:36:02,RPi_001,rpi_camera,2727,11,1,32.7,14.9,488,378,0.0488,0.0378,0.5,0.5,0.2500,0.5m x 0.5m,0.49,IE_KAL,787.3,736.9,590,643,983,830,,,,,,Mostly Sunny,
2026-05-15 13:36:02,RPi_001,rpi_camera,2728,11,1,32.6,14.7,478,369,0.0478,0.0369,0.5,0.5,0.2500,0.5m x 0.5m,0.41,IE_KAL,786.8,737.1,590,643,983,830,,,,,,Mostly Sunny,
2026-05-15 13:36:02,RPi_001,rpi_camera,2729,11,1,32.6,14.7,478,373,0.0478,0.0373,0.5,0.5,0.2500,0.5m x 0.5m,0.49,IE_KAL,787.7,737.0,591,643,984,830,,,,,,Mostly Sunny,
2026-05-15 13:36:02,RPi_001,rpi_camera,2730,11,1,32.6,14.4,470,374,0.0470,0.0374,0.5,0.5,0.2500,0.5m x 0.5m,0.74,IE_KAL,787.6,736.9,591,643,984,830,,,,,,Mostly Sunny,
2026-05-15 13:36:02,RPi_001,rpi_camera,2731,11,1,32.6,14.4,470,373,0.0470,0.0373,0.5,0.5,0.2500,0.5m x 0.5m,0.77,IE_KAL,787.6,736.9,591,643,984,830,,,,,,Mostly Sunny,
2026-05-15 13:36:02,RPi_001,rpi_camera,2732,11,1,32.6,14.7,478,373,0.0478,0.0373,0.5,0.5,0.2500,0.5m x 0.5m,0.76,IE_KAL,787.5,737.0,590,643,984,830,,,,,,Mostly Sunny,
2026-05-15 13:36:03,RPi_001,rpi_camera,2733,11,1,32.8,14.7,481,375,0.0481,0.0375,0.5,0.5,0.2500,0.5m x 0.5m,0.78,IE_KAL,787.8,737.1,591,643,984,830,,,,,,Mostly Sunny,
2026-05-15 13:36:03,RPi_001,rpi_camera,2734,11,1,32.8,14.9,490,379,0.0490,0.0379,0.5,0.5,0.2500,0.5m x 0.5m,0.77,IE_KAL,787.8,737.0,591,643,984,830,,,,,,Mostly Sunny,
2026-05-15 13:36:03,RPi_001,rpi_camera,2735,11,1,32.7,14.9,488,375,0.0488,0.0375,0.5,0.5,0.2500,0.5m x 0.5m,0.76,IE_KAL,787.8,737.0,591,643,984,830,,,,,,Mostly Sunny,
2026-05-15 13:36:03,RPi_001,rpi_camera,2736,11,1,32.9,14.9,492,377,0.0492,0.0377,0.5,0.5,0.2500,0.5m x 0.5m,0.77,IE_KAL,787.7,737.0,591,643,984,830,,,,,,Mostly Sunny,
2026-05-15 13:36:03,RPi_001,rpi_camera,2737,11,1,32.7,14.7,479,375,0.0479,0.0375,0.5,0.5,0.2500,0.5m x 0.5m,0.77,IE_KAL,787.3,737.2,590,643,983,830,,,,,,Mostly Sunny,
2026-05-15 13:36:03,RPi_001,rpi_camera,2738,11,1,32.7,14.9,488,376,0.0488,0.0376,0.5,0.5,0.2500,0.5m x 0.5m,0.76,IE_KAL,788.0,736.9,591,643,984,830,,,,,,Mostly Sunny,
2026-05-15 13:36:03,RPi_001,rpi_camera,2739,11,1,32.7,14.7,479,374,0.0479,0.0374,0.5,0.5,0.2500,0.5m x 0.5m,0.76,IE_KAL,787.6,737.1,591,643,984,830,,,,,,Mostly Sunny,
2026-05-15 13:36:03,RPi_001,rpi_camera,2740,11,1,32.7,14.7,479,377,0.0479,0.0377,0.5,0.5,0.2500,0.5m x 0.5m,0.76,IE_KAL,787.4,737.1,590,643,983,830,,,,,,Mostly Sunny,
2026-05-15 13:36:03,RPi_001,rpi_camera,2741,11,1,32.8,14.7,481,375,0.0481,0.0375,0.5,0.5,0.2500,0.5m x 0.5m,0.77,IE_KAL,787.8,737.2,591,643,984,830,,,,,,Mostly Sunny,
2026-05-15 13:36:03,RPi_001,rpi_camera,2742,11,1,32.7,14.7,479,373,0.0479,0.0373,0.5,0.5,0.2500,0.5m x 0.5m,0.75,IE_KAL,787.2,737.1,590,643,983,830,,,,,,Mostly Sunny,
2026-05-15 13:36:03,RPi_001,rpi_camera,2743,11,1,32.7,14.9,488,375,0.0488,0.0375,0.5,0.5,0.2500,0.5m x 0.5m,0.76,IE_KAL,787.7,736.9,591,643,984,830,,,,,,Mostly Sunny,
2026-05-15 13:36:03,RPi_001,rpi_camera,2744,11,1,32.4,14.9,484,374,0.0484,0.0374,0.5,0.5,0.2500,0.5m x 0.5m,0.76,IE_KAL,787.8,736.9,591,643,984,830,,,,,,Mostly Sunny,
2026-05-15 13:36:04,RPi_001,rpi_camera,2745,11,1,32.7,14.9,488,376,0.0488,0.0376,0.5,0.5,0.2500,0.5m x 0.5m,0.76,IE_KAL,787.7,737.0,591,643,984,830,,,,,,Mostly Sunny,
2026-05-15 13:36:04,RPi_001,rpi_camera,2746,11,1,32.7,14.7,479,374,0.0479,0.0374,0.5,0.5,0.2500,0.5m x 0.5m,0.77,IE_KAL,787.8,737.2,591,643,984,830,,,,,,Mostly Sunny,
2026-05-15 13:36:04,RPi_001,rpi_camera,2747,11,1,32.7,15.2,496,377,0.0496,0.0377,0.5,0.5,0.2500,0.5m x 0.5m,0.77,IE_KAL,787.4,737.2,590,643,983,831,,,,,,Mostly Sunny,
2026-05-15 13:36:04,RPi_001,rpi_camera,2748,11,1,32.7,14.9,488,376,0.0488,0.0376,0.5,0.5,0.2500,0.5m x 0.5m,0.76,IE_KAL,787.9,736.9,591,643,984,830,,,,,,Mostly Sunny,
2026-05-15 13:36:04,RPi_001,rpi_camera,2749,11,1,32.8,14.7,481,375,0.0481,0.0375,0.5,0.5,0.2500,0.5m x 0.5m,0.75,IE_KAL,787.7,737.1,591,643,984,830,,,,,,Mostly Sunny,
2026-05-15 13:36:04,RPi_001,rpi_camera,2750,11,1,32.8,14.9,488,377,0.0488,0.0377,0.5,0.5,0.2500,0.5m x 0.5m,0.76,IE_KAL,786.9,737.3,589,643,983,831,,,,,,Mostly Sunny,
2026-05-15 13:36:04,RPi_001,rpi_camera,2751,11,1,32.7,14.7,479,375,0.0479,0.0375,0.5,0.5,0.2500,0.5m x 0.5m,0.75,IE_KAL,787.5,737.1,590,643,984,830,,,,,,Mostly Sunny,
2026-05-15 13:36:04,RPi_001,rpi_camera,2752,11,1,32.8,14.7,481,374,0.0481,0.0374,0.5,0.5,0.2500,0.5m x 0.5m,0.75,IE_KAL,787.2,737.0,590,643,983,830,,,,,,Mostly Sunny,
2026-05-15 13:36:04,RPi_001,rpi_camera,2753,11,1,32.7,14.7,479,374,0.0479,0.0374,0.5,0.5,0.2500,0.5m x 0.5m,0.76,IE_KAL,787.2,737.1,590,643,983,830,,,,,,Mostly Sunny,
2026-05-15 13:36:04,RPi_001,rpi_camera,2754,11,1,32.6,14.9,486,373,0.0486,0.0373,0.5,0.5,0.2500,0.5m x 0.5m,0.78,IE_KAL,787.5,736.9,590,643,984,830,,,,,,Mostly Sunny,
2026-05-15 13:36:04,RPi_001,rpi_camera,2755,11,1,32.7,14.7,479,373,0.0479,0.0373,0.5,0.5,0.2500,0.5m x 0.5m,0.75,IE_KAL,787.2,737.1,590,643,983,830,,,,,,Mostly Sunny,
2026-05-15 13:36:04,RPi_001,rpi_camera,2756,11,1,32.8,14.7,481,375,0.0481,0.0375,0.5,0.5,0.2500,0.5m x 0.5m,0.76,IE_KAL,787.4,737.1,590,643,983,830,,,,,,Mostly Sunny,
2026-05-15 13:36:05,RPi_001,rpi_camera,2757,11,1,32.6,14.7,478,374,0.0478,0.0374,0.5,0.5,0.2500,0.5m x 0.5m,0.76,IE_KAL,787.2,737.1,590,643,983,830,,,,,,Mostly Sunny,
2026-05-15 13:36:05,RPi_001,rpi_camera,2758,11,1,32.6,14.7,478,371,0.0478,0.0371,0.5,0.5,0.2500,0.5m x 0.5m,0.77,IE_KAL,787.2,737.2,590,643,983,830,,,,,,Mostly Sunny,
2026-05-15 13:36:05,RPi_001,rpi_camera,2759,11,1,32.6,14.9,486,373,0.0486,0.0373,0.5,0.5,0.2500,0.5m x 0.5m,0.78,IE_KAL,787.3,737.0,590,643,983,830,,,,,,Mostly Sunny,
2026-05-15 13:36:05,RPi_001,rpi_camera,2760,11,1,32.6,14.7,478,373,0.0478,0.0373,0.5,0.5,0.2500,0.5m x 0.5m,0.77,IE_KAL,787.3,737.2,590,643,983,830,,,,,,Mostly Sunny,
2026-05-15 13:36:05,RPi_001,rpi_camera,2761,11,1,32.5,14.9,484,374,0.0484,0.0374,0.5,0.5,0.2500,0.5m x 0.5m,0.76,IE_KAL,786.8,737.3,589,643,983,831,,,,,,Mostly Sunny,
2026-05-15 13:36:05,RPi_001,rpi_camera,2762,11,1,32.8,14.7,481,372,0.0481,0.0372,0.5,0.5,0.2500,0.5m x 0.5m,0.75,IE_KAL,787.2,737.1,590,643,983,830,,,,,,Mostly Sunny,
2026-05-15 13:36:05,RPi_001,rpi_camera,2763,11,1,32.8,14.7,481,373,0.0481,0.0373,0.5,0.5,0.2500,0.5m x 0.5m,0.75,IE_KAL,787.2,737.1,590,643,983,830,,,,,,Mostly Sunny,
2026-05-15 13:36:05,RPi_001,rpi_camera,2764,11,1,32.6,14.7,478,374,0.0478,0.0374,0.5,0.5,0.2500,0.5m x 0.5m,0.76,IE_KAL,787.5,737.1,590,643,984,830,,,,,,Mostly Sunny,
2026-05-15 13:36:05,RPi_001,rpi_camera,2765,11,1,32.8,14.9,490,374,0.0490,0.0374,0.5,0.5,0.2500,0.5m x 0.5m,0.76,IE_KAL,787.6,737.0,591,643,984,830,,,,,,Mostly Sunny,
2026-05-15 13:36:05,RPi_001,rpi_camera,2766,11,1,32.8,14.7,481,373,0.0481,0.0373,0.5,0.5,0.2500,0.5m x 0.5m,0.76,IE_KAL,787.2,737.0,590,643,983,830,,,,,,Mostly Sunny,
2026-05-15 13:36:05,RPi_001,rpi_camera,2767,11,1,32.7,14.7,479,373,0.0479,0.0373,0.5,0.5,0.2500,0.5m x 0.5m,0.76,IE_KAL,787.4,737.1,590,643,984,830,,,,,,Mostly Sunny,
2026-05-15 13:36:05,RPi_001,rpi_camera,2768,11,1,32.9,14.7,483,375,0.0483,0.0375,0.5,0.5,0.2500,0.5m x 0.5m,0.75,IE_KAL,787.2,737.1,590,643,983,830,,,,,,Mostly Sunny,
2026-05-15 13:36:05,RPi_001,rpi_camera,2769,11,1,32.7,14.9,488,375,0.0488,0.0375,0.5,0.5,0.2500,0.5m x 0.5m,0.76,IE_KAL,787.4,736.9,590,643,984,830,,,,,,Mostly Sunny,
2026-05-15 13:36:05,RPi_001,rpi_camera,2770,11,1,32.7,14.7,479,373,0.0479,0.0373,0.5,0.5,0.2500,0.5m x 0.5m,0.78,IE_KAL,787.1,737.0,590,643,983,830,,,,,,Mostly Sunny,
2026-05-15 13:36:05,RPi_001,rpi_camera,2771,11,1,32.6,14.9,486,377,0.0486,0.0377,0.5,0.5,0.2500,0.5m x 0.5m,0.78,IE_KAL,787.6,737.0,591,643,984,830,,,,,,Mostly Sunny,
2026-05-15 13:36:05,RPi_001,rpi_camera,2772,11,1,32.8,14.9,490,378,0.0490,0.0378,0.5,0.5,0.2500,0.5m x 0.5m,0.76,IE_KAL,787.5,736.9,590,643,984,830,,,,,,Mostly Sunny,
2026-05-15 13:36:06,RPi_001,rpi_camera,2773,11,1,32.6,14.7,478,373,0.0478,0.0373,0.5,0.5,0.2500,0.5m x 0.5m,0.76,IE_KAL,787.3,737.1,590,643,983,830,,,,,,Mostly Sunny,
2026-05-15 13:36:06,RPi_001,rpi_camera,2774,11,1,32.4,14.7,476,371,0.0476,0.0371,0.5,0.5,0.2500,0.5m x 0.5m,0.76,IE_KAL,787.5,737.1,590,643,984,830,,,,,,Mostly Sunny,
2026-05-15 13:36:06,RPi_001,rpi_camera,2775,11,1,32.7,14.7,479,373,0.0479,0.0373,0.5,0.5,0.2500,0.5m x 0.5m,0.77,IE_KAL,787.2,737.1,590,643,983,830,,,,,,Mostly Sunny,
2026-05-15 13:36:06,RPi_001,rpi_camera,2776,11,1,32.6,14.9,486,374,0.0486,0.0374,0.5,0.5,0.2500,0.5m x 0.5m,0.76,IE_KAL,787.6,736.9,591,643,984,830,,,,,,Mostly Sunny,
2026-05-15 13:36:06,RPi_001,rpi_camera,2777,11,1,32.8,14.7,481,374,0.0481,0.0374,0.5,0.5,0.2500,0.5m x 0.5m,0.77,IE_KAL,787.4,737.1,590,643,983,830,,,,,,Mostly Sunny,
2026-05-15 13:36:06,RPi_001,rpi_camera,2778,11,1,32.7,14.4,472,370,0.0472,0.0370,0.5,0.5,0.2500,0.5m x 0.5m,0.77,IE_KAL,787.6,736.9,591,643,984,830,,,,,,Mostly Sunny,
2026-05-15 13:36:06,RPi_001,rpi_camera,2779,11,1,32.8,14.7,481,374,0.0481,0.0374,0.5,0.5,0.2500,0.5m x 0.5m,0.77,IE_KAL,787.7,737.1,591,643,984,830,,,,,,Mostly Sunny,
2026-05-15 13:36:06,RPi_001,rpi_camera,2780,11,1,32.8,14.7,481,373,0.0481,0.0373,0.5,0.5,0.2500,0.5m x 0.5m,0.77,IE_KAL,787.4,737.1,590,643,983,830,,,,,,Mostly Sunny,
2026-05-15 13:36:06,RPi_001,rpi_camera,2781,11,1,32.8,15.2,498,377,0.0498,0.0377,0.5,0.5,0.2500,0.5m x 0.5m,0.76,IE_KAL,787.2,737.1,590,643,983,830,,,,,,Mostly Sunny,
2026-05-15 13:36:06,RPi_001,rpi_camera,2782,11,1,32.8,14.7,481,373,0.0481,0.0373,0.5,0.5,0.2500,0.5m x 0.5m,0.76,IE_KAL,787.3,737.1,590,643,983,830,,,,,,Mostly Sunny,
2026-05-15 13:36:06,RPi_001,rpi_camera,2783,11,1,32.7,14.7,479,372,0.0479,0.0372,0.5,0.5,0.2500,0.5m x 0.5m,0.76,IE_KAL,787.5,737.2,590,643,984,830,,,,,,Mostly Sunny,
2026-05-15 13:36:06,RPi_001,rpi_camera,2784,11,1,32.6,14.7,478,373,0.0478,0.0373,0.5,0.5,0.2500,0.5m x 0.5m,0.78,IE_KAL,787.0,737.1,590,643,983,830,,,,,,Mostly Sunny,
2026-05-15 13:36:06,RPi_001,rpi_camera,2785,11,1,32.6,14.9,486,376,0.0486,0.0376,0.5,0.5,0.2500,0.5m x 0.5m,0.75,IE_KAL,787.4,737.0,590,643,983,830,,,,,,Mostly Sunny,
2026-05-15 13:36:06,RPi_001,rpi_camera,2786,11,1,32.7,14.4,472,372,0.0472,0.0372,0.5,0.5,0.2500,0.5m x 0.5m,0.75,IE_KAL,787.5,736.8,590,643,984,830,,,,,,Mostly Sunny,
2026-05-15 13:36:06,RPi_001,rpi_camera,2787,11,1,32.8,14.7,481,375,0.0481,0.0375,0.5,0.5,0.2500,0.5m x 0.5m,0.76,IE_KAL,787.3,737.2,590,643,983,830,,,,,,Mostly Sunny,
2026-05-15 13:36:06,RPi_001,rpi_camera,2788,11,1,32.6,14.7,478,374,0.0478,0.0374,0.5,0.5,0.2500,0.5m x 0.5m,0.75,IE_KAL,787.1,737.1,590,643,983,830,,,,,,Mostly Sunny,
2026-05-15 13:36:07,RPi_001,rpi_camera,2789,11,1,32.7,14.7,479,373,0.0479,0.0373,0.5,0.5,0.2500,0.5m x 0.5m,0.76,IE_KAL,787.5,737.0,590,643,984,830,,,,,,Mostly Sunny,
2026-05-15 13:36:07,RPi_001,rpi_camera,2790,11,1,32.6,15.2,494,375,0.0494,0.0375,0.5,0.5,0.2500,0.5m x 0.5m,0.78,IE_KAL,787.6,737.2,591,643,984,831,,,,,,Mostly Sunny,
2026-05-15 13:36:07,RPi_001,rpi_camera,2791,11,1,32.6,14.7,478,373,0.0478,0.0373,0.5,0.5,0.2500,0.5m x 0.5m,0.75,IE_KAL,786.7,737.1,590,643,983,830,,,,,,Mostly Sunny,
2026-05-15 13:36:07,RPi_001,rpi_camera,2792,11,1,32.9,14.7,483,375,0.0483,0.0375,0.5,0.5,0.2500,0.5m x 0.5m,0.75,IE_KAL,787.1,737.1,590,643,983,830,,,,,,Mostly Sunny,
2026-05-15 13:36:07,RPi_001,rpi_camera,2793,11,1,32.5,14.9,484,374,0.0484,0.0374,0.5,0.5,0.2500,0.5m x 0.5m,0.76,IE_KAL,787.0,737.3,590,643,983,831,,,,,,Mostly Sunny,
2026-05-15 13:36:07,RPi_001,rpi_camera,2794,11,1,32.8,14.9,488,376,0.0488,0.0376,0.5,0.5,0.2500,0.5m x 0.5m,0.78,IE_KAL,787.5,737.3,590,643,984,831,,,,,,Mostly Sunny,
2026-05-15 13:36:07,RPi_001,rpi_camera,2795,11,1,32.7,15.2,496,379,0.0496,0.0379,0.5,0.5,0.2500,0.5m x 0.5m,0.75,IE_KAL,787.0,737.3,590,643,983,831,,,,,,Mostly Sunny,
2026-05-15 13:36:07,RPi_001,rpi_camera,2796,11,1,32.7,14.7,479,373,0.0479,0.0373,0.5,0.5,0.2500,0.5m x 0.5m,0.75,IE_KAL,787.4,737.1,590,643,983,830,,,,,,Mostly Sunny,
2026-05-15 13:36:07,RPi_001,rpi_camera,2797,11,1,32.8,14.7,481,371,0.0481,0.0371,0.5,0.5,0.2500,0.5m x 0.5m,0.76,IE_KAL,787.2,737.1,590,643,983,830,,,,,,Mostly Sunny,
2026-05-15 13:36:07,RPi_001,rpi_camera,2798,11,1,32.9,14.7,483,374,0.0483,0.0374,0.5,0.5,0.2500,0.5m x 0.5m,0.76,IE_KAL,787.4,737.1,590,643,983,830,,,,,,Mostly Sunny,
2026-05-15 13:36:07,RPi_001,rpi_camera,2799,11,1,32.7,14.7,479,373,0.0479,0.0373,0.5,0.5,0.2500,0.5m x 0.5m,0.75,IE_KAL,787.9,737.1,591,643,984,830,,,,,,Mostly Sunny,
2026-05-15 13:36:07,RPi_001,rpi_camera,2800,11,1,32.6,14.9,486,375,0.0486,0.0375,0.5,0.5,0.2500,0.5m x 0.5m,0.76,IE_KAL,787.3,737.3,590,643,984,831,,,,,,Mostly Sunny,
2026-05-15 13:36:08,RPi_001,rpi_camera,2801,11,1,32.7,14.7,479,374,0.0479,0.0374,0.5,0.5,0.2500,0.5m x 0.5m,0.76,IE_KAL,787.3,737.0,590,643,983,830,,,,,,Mostly Sunny,
2026-05-15 13:36:08,RPi_001,rpi_camera,2802,11,1,32.8,14.4,473,372,0.0473,0.0372,0.5,0.5,0.2500,0.5m x 0.5m,0.76,IE_KAL,787.7,736.9,591,643,984,830,,,,,,Mostly Sunny,
2026-05-15 13:36:08,RPi_001,rpi_camera,2803,11,1,32.6,14.9,486,375,0.0486,0.0375,0.5,0.5,0.2500,0.5m x 0.5m,0.78,IE_KAL,787.4,736.9,590,643,983,830,,,,,,Mostly Sunny,
2026-05-15 13:36:08,RPi_001,rpi_camera,2804,11,1,32.6,14.7,478,375,0.0478,0.0375,0.5,0.5,0.2500,0.5m x 0.5m,0.77,IE_KAL,787.4,737.1,590,643,984,830,,,,,,Mostly Sunny,
2026-05-15 13:36:08,RPi_001,rpi_camera,2805,11,1,32.7,14.7,479,374,0.0479,0.0374,0.5,0.5,0.2500,0.5m x 0.5m,0.76,IE_KAL,787.5,737.1,590,643,984,830,,,,,,Mostly Sunny,
2026-05-15 13:36:08,RPi_001,rpi_camera,2806,11,1,32.8,14.7,481,374,0.0481,0.0374,0.5,0.5,0.2500,0.5m x 0.5m,0.76,IE_KAL,787.6,737.1,591,643,984,830,,,,,,Mostly Sunny,
2026-05-15 13:36:08,RPi_001,rpi_camera,2807,11,1,32.6,14.4,470,371,0.0470,0.0371,0.5,0.5,0.2500,0.5m x 0.5m,0.76,IE_KAL,787.4,736.9,590,643,983,830,,,,,,Mostly Sunny,
2026-05-15 13:36:08,RPi_001,rpi_camera,2808,11,1,32.6,14.7,478,374,0.0478,0.0374,0.5,0.5,0.2500,0.5m x 0.5m,0.76,IE_KAL,787.3,737.1,590,643,983,830,,,,,,Mostly Sunny,
2026-05-15 13:36:08,RPi_001,rpi_camera,2809,11,1,32.7,14.9,488,375,0.0488,0.0375,0.5,0.5,0.2500,0.5m x 0.5m,0.78,IE_KAL,787.4,736.9,590,643,983,830,,,,,,Mostly Sunny,
2026-05-15 13:36:08,RPi_001,rpi_camera,2810,11,1,32.6,14.7,478,372,0.0478,0.0372,0.5,0.5,0.2500,0.5m x 0.5m,0.76,IE_KAL,786.9,737.0,590,643,983,830,,,,,,Mostly Sunny,
2026-05-15 13:36:08,RPi_001,rpi_camera,2811,11,1,32.6,14.9,486,377,0.0486,0.0377,0.5,0.5,0.2500,0.5m x 0.5m,0.77,IE_KAL,787.1,736.9,590,643,983,830,,,,,,Mostly Sunny,
2026-05-15 13:36:08,RPi_001,rpi_camera,2812,11,1,32.8,14.7,481,374,0.0481,0.0374,0.5,0.5,0.2500,0.5m x 0.5m,0.76,IE_KAL,787.6,737.1,591,643,984,830,,,,,,Mostly Sunny,
2026-05-15 13:36:08,RPi_001,rpi_camera,2813,11,1,32.7,14.9,488,375,0.0488,0.0375,0.5,0.5,0.2500,0.5m x 0.5m,0.76,IE_KAL,787.5,737.0,590,643,984,830,,,,,,Mostly Sunny,
2026-05-15 13:36:08,RPi_001,rpi_camera,2814,11,1,32.7,14.7,479,373,0.0479,0.0373,0.5,0.5,0.2500,0.5m x 0.5m,0.76,IE_KAL,787.3,737.1,590,643,983,830,,,,,,Mostly Sunny,
2026-05-15 13:36:08,RPi_001,rpi_camera,2815,11,1,32.7,14.9,488,373,0.0488,0.0373,0.5,0.5,0.2500,0.5m x 0.5m,0.77,IE_KAL,787.3,737.1,590,643,983,830,,,,,,Mostly Sunny,
2026-05-15 13:36:08,RPi_001,rpi_camera,2816,11,1,32.6,14.7,478,372,0.0478,0.0372,0.5,0.5,0.2500,0.5m x 0.5m,0.76,IE_KAL,786.9,737.0,590,643,983,830,,,,,,Mostly Sunny,
2026-05-15 13:36:09,RPi_001,rpi_camera,2817,11,1,32.9,14.9,492,375,0.0492,0.0375,0.5,0.5,0.2500,0.5m x 0.5m,0.75,IE_KAL,787.2,736.9,590,643,983,830,,,,,,Mostly Sunny,
2026-05-15 13:36:09,RPi_001,rpi_camera,2818,11,1,32.7,14.7,479,373,0.0479,0.0373,0.5,0.5,0.2500,0.5m x 0.5m,0.76,IE_KAL,787.5,737.0,590,643,984,830,,,,,,Mostly Sunny,
2026-05-15 13:36:09,RPi_001,rpi_camera,2819,11,1,32.6,14.7,478,372,0.0478,0.0372,0.5,0.5,0.2500,0.5m x 0.5m,0.75,IE_KAL,787.3,737.0,590,643,983,830,,,,,,Mostly Sunny,
2026-05-15 13:36:09,RPi_001,rpi_camera,2820,11,1,32.7,14.7,479,373,0.0479,0.0373,0.5,0.5,0.2500,0.5m x 0.5m,0.76,IE_KAL,787.3,737.0,590,643,983,830,,,,,,Mostly Sunny,
2026-05-15 13:36:09,RPi_001,rpi_camera,2821,11,1,32.7,14.4,472,372,0.0472,0.0372,0.5,0.5,0.2500,0.5m x 0.5m,0.74,IE_KAL,787.6,736.8,591,643,984,830,,,,,,Mostly Sunny,
2026-05-15 13:36:09,RPi_001,rpi_camera,2822,11,1,32.7,14.7,479,378,0.0479,0.0378,0.5,0.5,0.2500,0.5m x 0.5m,0.75,IE_KAL,787.8,737.1,591,643,984,830,,,,,,Mostly Sunny,
2026-05-15 13:36:09,RPi_001,rpi_camera,2823,11,1,32.6,14.7,478,378,0.0478,0.0378,0.5,0.5,0.2500,0.5m x 0.5m,0.73,IE_KAL,787.4,737.2,590,643,983,830,,,,,,Mostly Sunny,
2026-05-15 13:36:09,RPi_001,rpi_camera,2824,11,1,32.6,14.9,486,376,0.0486,0.0376,0.5,0.5,0.2500,0.5m x 0.5m,0.73,IE_KAL,788.1,736.8,591,643,984,830,,,,,,Mostly Sunny,
2026-05-15 13:36:09,RPi_001,rpi_camera,2825,11,1,32.7,14.4,472,371,0.0472,0.0371,0.5,0.5,0.2500,0.5m x 0.5m,0.73,IE_KAL,787.7,736.8,591,643,984,830,,,,,,Mostly Sunny,
2026-05-15 13:36:09,RPi_001,rpi_camera,2826,11,1,32.6,14.7,478,374,0.0478,0.0374,0.5,0.5,0.2500,0.5m x 0.5m,0.73,IE_KAL,787.8,736.8,591,643,984,830,,,,,,Mostly Sunny,
2026-05-15 13:36:09,RPi_001,rpi_camera,2827,11,1,32.7,14.9,488,376,0.0488,0.0376,0.5,0.5,0.2500,0.5m x 0.5m,0.73,IE_KAL,788.0,736.8,591,643,984,830,,,,,,Mostly Sunny,
2026-05-15 13:36:09,RPi_001,rpi_camera,2828,11,1,32.7,14.9,488,379,0.0488,0.0379,0.5,0.5,0.2500,0.5m x 0.5m,0.71,IE_KAL,788.1,736.7,591,642,984,830,,,,,,Mostly Sunny,
2026-05-15 13:36:10,RPi_001,rpi_camera,2829,11,1,32.8,14.7,481,380,0.0481,0.0380,0.5,0.5,0.2500,0.5m x 0.5m,0.68,IE_KAL,787.7,736.9,591,643,984,830,,,,,,Mostly Sunny,
2026-05-15 13:36:10,RPi_001,rpi_camera,2830,11,1,32.8,14.7,481,374,0.0481,0.0374,0.5,0.5,0.2500,0.5m x 0.5m,0.73,IE_KAL,787.4,737.1,590,643,983,830,,,,,,Mostly Sunny,
2026-05-15 13:36:10,RPi_001,rpi_camera,2831,11,1,32.6,14.7,478,373,0.0478,0.0373,0.5,0.5,0.2500,0.5m x 0.5m,0.78,IE_KAL,788.0,737.2,591,643,984,830,,,,,,Mostly Sunny,
2026-05-15 13:36:10,RPi_001,rpi_camera,2832,11,1,32.6,14.7,478,372,0.0478,0.0372,0.5,0.5,0.2500,0.5m x 0.5m,0.73,IE_KAL,787.8,737.1,591,643,984,830,,,,,,Mostly Sunny,
2026-05-15 13:36:10,RPi_001,rpi_camera,2833,11,1,32.8,14.9,490,377,0.0490,0.0377,0.5,0.5,0.2500,0.5m x 0.5m,0.76,IE_KAL,788.0,736.9,591,643,984,830,,,,,,Mostly Sunny,
2026-05-15 13:36:10,RPi_001,rpi_camera,2834,11,1,32.9,15.4,509,378,0.0509,0.0378,0.5,0.5,0.2500,0.5m x 0.5m,0.53,IE_KAL,789.5,737.5,592,643,986,831,,,,,,Mostly Sunny,
2026-05-15 13:36:10,RPi_001,rpi_camera,2835,11,1,32.6,15.2,496,379,0.0496,0.0379,0.5,0.5,0.2500,0.5m x 0.5m,0.44,IE_KAL,789.2,737.2,592,643,985,830,,,,,,Mostly Sunny,
2026-05-15 13:36:10,RPi_001,rpi_camera,2836,11,1,32.7,16.5,539,385,0.0539,0.0385,0.5,0.5,0.2500,0.5m x 0.5m,0.44,IE_KAL,790.4,737.0,594,643,986,830,,,,,,Mostly Sunny,
2026-05-15 13:36:10,RPi_001,rpi_camera,2838,11,1,31.6,21.6,680,457,0.0680,0.0457,0.5,0.5,0.2500,0.5m x 0.5m,0.38,IE_KAL,796.0,730.2,603,636,988,824,,,,,,Mostly Sunny,
2026-05-15 13:36:10,RPi_001,rpi_camera,2842,11,1,32.0,31.1,997,716,0.0997,0.0716,0.5,0.5,0.2500,0.5m x 0.5m,0.50,IE_KAL,780.2,708.4,593,614,966,802,,,,,,Mostly Sunny,
2026-05-15 13:36:13,RPi_001,rpi_camera,2878,12,1,34.6,17.2,595,474,0.0595,0.0474,0.5,0.5,0.2500,0.5m x 0.5m,0.45,IE_KAL,781.9,562.7,631,511,932,613,,,,,,Mostly Sunny,/home/pi/pothole_crops_20260515_133308/pothole_track12.jpg
2026-05-15 13:36:13,RPi_001,rpi_camera,2879,12,1,34.4,18.5,636,478,0.0636,0.0478,0.5,0.5,0.2500,0.5m x 0.5m,0.62,IE_KAL,781.3,563.3,630,512,931,614,,,,,,Mostly Sunny,
2026-05-15 13:36:13,RPi_001,rpi_camera,2880,12,1,35.2,17.6,619,475,0.0619,0.0475,0.5,0.5,0.2500,0.5m x 0.5m,0.67,IE_KAL,780.5,563.4,629,512,931,614,,,,,,Mostly Sunny,
2026-05-15 13:36:13,RPi_001,rpi_camera,2881,12,1,34.4,17.6,604,471,0.0604,0.0471,0.5,0.5,0.2500,0.5m x 0.5m,0.65,IE_KAL,781.1,563.4,630,512,931,614,,,,,,Mostly Sunny,
2026-05-15 13:36:13,RPi_001,rpi_camera,2882,12,1,35.2,16.7,588,465,0.0588,0.0465,0.5,0.5,0.2500,0.5m x 0.5m,0.65,IE_KAL,780.4,563.0,629,512,930,613,,,,,,Mostly Sunny,
2026-05-15 13:36:13,RPi_001,rpi_camera,2883,12,1,35.1,16.7,586,464,0.0586,0.0464,0.5,0.5,0.2500,0.5m x 0.5m,0.65,IE_KAL,780.0,563.0,629,512,930,613,,,,,,Mostly Sunny,
2026-05-15 13:36:13,RPi_001,rpi_camera,2884,12,1,34.4,18.1,622,474,0.0622,0.0474,0.5,0.5,0.2500,0.5m x 0.5m,0.60,IE_KAL,781.3,563.2,630,512,931,614,,,,,,Mostly Sunny,
2026-05-15 13:36:13,RPi_001,rpi_camera,2885,12,1,34.4,17.6,604,470,0.0604,0.0470,0.5,0.5,0.2500,0.5m x 0.5m,0.62,IE_KAL,781.1,563.3,630,512,931,614,,,,,,Mostly Sunny,
2026-05-15 13:36:13,RPi_001,rpi_camera,2886,12,1,34.2,18.1,619,471,0.0619,0.0471,0.5,0.5,0.2500,0.5m x 0.5m,0.62,IE_KAL,781.2,563.2,630,512,931,614,,,,,,Mostly Sunny,
2026-05-15 13:36:13,RPi_001,rpi_camera,2887,12,1,34.2,17.6,602,468,0.0602,0.0468,0.5,0.5,0.2500,0.5m x 0.5m,0.61,IE_KAL,780.7,563.3,630,512,931,614,,,,,,Mostly Sunny,
2026-05-15 13:36:13,RPi_001,rpi_camera,2888,12,1,35.0,17.6,616,472,0.0616,0.0472,0.5,0.5,0.2500,0.5m x 0.5m,0.64,IE_KAL,780.4,563.4,629,512,931,614,,,,,,Mostly Sunny,
2026-05-15 13:36:14,RPi_001,rpi_camera,2889,12,1,34.2,17.6,602,468,0.0602,0.0468,0.5,0.5,0.2500,0.5m x 0.5m,0.59,IE_KAL,780.7,563.3,630,512,931,614,,,,,,Mostly Sunny,
2026-05-15 13:36:14,RPi_001,rpi_camera,2890,12,1,35.2,17.6,619,475,0.0619,0.0475,0.5,0.5,0.2500,0.5m x 0.5m,0.65,IE_KAL,780.0,563.4,629,512,930,614,,,,,,Mostly Sunny,
2026-05-15 13:36:14,RPi_001,rpi_camera,2891,12,1,35.3,17.6,622,478,0.0622,0.0478,0.5,0.5,0.2500,0.5m x 0.5m,0.64,IE_KAL,780.7,563.5,630,512,931,614,,,,,,Mostly Sunny,
2026-05-15 13:36:14,RPi_001,rpi_camera,2892,12,1,35.2,17.6,619,470,0.0619,0.0470,0.5,0.5,0.2500,0.5m x 0.5m,0.67,IE_KAL,780.4,563.6,629,512,930,614,,,,,,Mostly Sunny,
2026-05-15 13:36:14,RPi_001,rpi_camera,2893,12,1,35.2,17.6,619,470,0.0619,0.0470,0.5,0.5,0.2500,0.5m x 0.5m,0.67,IE_KAL,780.3,563.5,629,512,930,614,,,,,,Mostly Sunny,
2026-05-15 13:36:14,RPi_001,rpi_camera,2894,12,1,34.4,19.0,651,478,0.0651,0.0478,0.5,0.5,0.2500,0.5m x 0.5m,0.65,IE_KAL,781.3,563.4,630,511,931,614,,,,,,Mostly Sunny,
2026-05-15 13:36:14,RPi_001,rpi_camera,2895,12,1,35.2,17.6,619,477,0.0619,0.0477,0.5,0.5,0.2500,0.5m x 0.5m,0.69,IE_KAL,780.3,563.4,629,512,930,614,,,,,,Mostly Sunny,
2026-05-15 13:36:14,RPi_001,rpi_camera,2896,12,1,35.2,16.7,588,467,0.0588,0.0467,0.5,0.5,0.2500,0.5m x 0.5m,0.66,IE_KAL,780.9,563.0,630,512,931,613,,,,,,Mostly Sunny,
2026-05-15 13:36:14,RPi_001,rpi_camera,2897,12,1,35.2,17.6,619,475,0.0619,0.0475,0.5,0.5,0.2500,0.5m x 0.5m,0.65,IE_KAL,780.1,563.4,629,512,930,614,,,,,,Mostly Sunny,
2026-05-15 13:36:14,RPi_001,rpi_camera,2898,12,1,35.2,17.6,619,478,0.0619,0.0478,0.5,0.5,0.2500,0.5m x 0.5m,0.66,IE_KAL,780.3,563.5,629,512,930,614,,,,,,Mostly Sunny,
2026-05-15 13:36:14,RPi_001,rpi_camera,2899,12,1,35.4,16.7,591,467,0.0591,0.0467,0.5,0.5,0.2500,0.5m x 0.5m,0.65,IE_KAL,780.7,563.0,630,512,931,613,,,,,,Mostly Sunny,
2026-05-15 13:36:14,RPi_001,rpi_camera,2900,12,1,35.2,17.6,619,477,0.0619,0.0477,0.5,0.5,0.2500,0.5m x 0.5m,0.66,IE_KAL,779.7,563.5,629,512,930,614,,,,,,Mostly Sunny,
2026-05-15 13:36:14,RPi_001,rpi_camera,2901,12,1,35.8,17.6,631,477,0.0631,0.0477,0.5,0.5,0.2500,0.5m x 0.5m,0.64,IE_KAL,779.5,563.6,628,512,930,614,,,,,,Mostly Sunny,
2026-05-15 13:36:14,RPi_001,rpi_camera,2902,12,1,36.0,17.6,634,480,0.0634,0.0480,0.5,0.5,0.2500,0.5m x 0.5m,0.67,IE_KAL,779.5,563.6,628,512,930,614,,,,,,Mostly Sunny,
2026-05-15 13:36:14,RPi_001,rpi_camera,2903,12,1,34.4,18.1,622,476,0.0622,0.0476,0.5,0.5,0.2500,0.5m x 0.5m,0.63,IE_KAL,781.2,563.3,630,512,931,614,,,,,,Mostly Sunny,
2026-05-15 13:36:14,RPi_001,rpi_camera,2904,12,1,35.0,17.6,616,475,0.0616,0.0475,0.5,0.5,0.2500,0.5m x 0.5m,0.62,IE_KAL,780.1,563.5,629,512,930,614,,,,,,Mostly Sunny,
2026-05-15 13:36:15,RPi_001,rpi_camera,2905,12,1,35.0,17.6,616,475,0.0616,0.0475,0.5,0.5,0.2500,0.5m x 0.5m,0.63,IE_KAL,780.1,563.5,629,512,930,614,,,,,,Mostly Sunny,
2026-05-15 13:36:15,RPi_001,rpi_camera,2906,12,1,35.7,17.6,628,477,0.0628,0.0477,0.5,0.5,0.2500,0.5m x 0.5m,0.65,IE_KAL,779.3,563.5,628,512,929,614,,,,,,Mostly Sunny,
2026-05-15 13:36:15,RPi_001,rpi_camera,2907,12,1,35.2,17.6,619,472,0.0619,0.0472,0.5,0.5,0.2500,0.5m x 0.5m,0.64,IE_KAL,780.2,563.5,629,512,930,614,,,,,,Mostly Sunny,
2026-05-15 13:36:15,RPi_001,rpi_camera,2908,12,1,35.8,17.6,631,481,0.0631,0.0481,0.5,0.5,0.2500,0.5m x 0.5m,0.64,IE_KAL,779.2,563.5,628,512,929,614,,,,,,Mostly Sunny,
2026-05-15 13:36:15,RPi_001,rpi_camera,2909,12,1,34.2,18.1,619,472,0.0619,0.0472,0.5,0.5,0.2500,0.5m x 0.5m,0.64,IE_KAL,781.5,563.4,631,512,931,614,,,,,,Mostly Sunny,
2026-05-15 13:36:15,RPi_001,rpi_camera,2910,12,1,35.2,17.6,619,472,0.0619,0.0472,0.5,0.5,0.2500,0.5m x 0.5m,0.67,IE_KAL,780.1,563.6,629,512,930,614,,,,,,Mostly Sunny,
2026-05-15 13:36:15,RPi_001,rpi_camera,2911,12,1,35.0,17.6,616,477,0.0616,0.0477,0.5,0.5,0.2500,0.5m x 0.5m,0.65,IE_KAL,780.1,563.4,629,512,930,614,,,,,,Mostly Sunny,
2026-05-15 13:36:15,RPi_001,rpi_camera,2912,12,1,35.2,17.6,619,473,0.0619,0.0473,0.5,0.5,0.2500,0.5m x 0.5m,0.66,IE_KAL,780.3,563.5,629,512,930,614,,,,,,Mostly Sunny,
2026-05-15 13:36:15,RPi_001,rpi_camera,2913,12,1,35.2,16.7,588,469,0.0588,0.0469,0.5,0.5,0.2500,0.5m x 0.5m,0.65,IE_KAL,780.9,563.1,630,512,931,613,,,,,,Mostly Sunny,
2026-05-15 13:36:15,RPi_001,rpi_camera,2914,12,1,35.1,18.5,649,479,0.0649,0.0479,0.5,0.5,0.2500,0.5m x 0.5m,0.67,IE_KAL,780.5,563.8,629,512,931,615,,,,,,Mostly Sunny,
2026-05-15 13:36:15,RPi_001,rpi_camera,2915,12,1,35.2,17.6,619,477,0.0619,0.0477,0.5,0.5,0.2500,0.5m x 0.5m,0.63,IE_KAL,780.1,563.5,629,512,930,614,,,,,,Mostly Sunny,
2026-05-15 13:36:15,RPi_001,rpi_camera,2916,12,1,34.5,17.6,607,472,0.0607,0.0472,0.5,0.5,0.2500,0.5m x 0.5m,0.64,IE_KAL,781.4,563.5,630,512,932,614,,,,,,Mostly Sunny,
2026-05-15 13:36:16,RPi_001,rpi_camera,2917,12,1,35.3,17.6,622,480,0.0622,0.0480,0.5,0.5,0.2500,0.5m x 0.5m,0.64,IE_KAL,780.6,563.5,629,512,931,614,,,,,,Mostly Sunny,
2026-05-15 13:36:16,RPi_001,rpi_camera,2918,12,1,35.8,18.5,661,483,0.0661,0.0483,0.5,0.5,0.2500,0.5m x 0.5m,0.65,IE_KAL,779.3,563.7,628,512,930,615,,,,,,Mostly Sunny,
2026-05-15 13:36:16,RPi_001,rpi_camera,2919,12,1,35.2,17.6,619,478,0.0619,0.0478,0.5,0.5,0.2500,0.5m x 0.5m,0.65,IE_KAL,780.1,563.5,629,512,930,614,,,,,,Mostly Sunny,
2026-05-15 13:36:16,RPi_001,rpi_camera,2920,12,1,35.2,17.6,619,479,0.0619,0.0479,0.5,0.5,0.2500,0.5m x 0.5m,0.65,IE_KAL,780.4,563.5,629,512,931,614,,,,,,Mostly Sunny,
2026-05-15 13:36:16,RPi_001,rpi_camera,2921,12,1,35.2,17.6,619,476,0.0619,0.0476,0.5,0.5,0.2500,0.5m x 0.5m,0.63,IE_KAL,780.3,563.5,629,512,930,614,,,,,,Mostly Sunny,
2026-05-15 13:36:16,RPi_001,rpi_camera,2922,12,1,34.9,16.7,583,466,0.0583,0.0466,0.5,0.5,0.2500,0.5m x 0.5m,0.69,IE_KAL,780.2,563.0,629,512,930,613,,,,,,Mostly Sunny,
2026-05-15 13:36:16,RPi_001,rpi_camera,2923,12,1,34.6,18.1,625,478,0.0625,0.0478,0.5,0.5,0.2500,0.5m x 0.5m,0.64,IE_KAL,781.2,563.3,630,512,931,614,,,,,,Mostly Sunny,
2026-05-15 13:36:16,RPi_001,rpi_camera,2924,12,1,35.2,17.6,619,473,0.0619,0.0473,0.5,0.5,0.2500,0.5m x 0.5m,0.65,IE_KAL,780.3,563.5,629,512,930,614,,,,,,Mostly Sunny,
2026-05-15 13:36:16,RPi_001,rpi_camera,2925,12,1,34.5,19.0,655,478,0.0655,0.0478,0.5,0.5,0.2500,0.5m x 0.5m,0.62,IE_KAL,781.5,563.5,630,512,932,614,,,,,,Mostly Sunny,
2026-05-15 13:36:16,RPi_001,rpi_camera,2926,12,1,35.8,18.5,661,485,0.0661,0.0485,0.5,0.5,0.2500,0.5m x 0.5m,0.65,IE_KAL,779.0,563.7,628,512,929,615,,,,,,Mostly Sunny,
2026-05-15 13:36:16,RPi_001,rpi_camera,2927,12,1,35.2,16.7,588,466,0.0588,0.0466,0.5,0.5,0.2500,0.5m x 0.5m,0.63,IE_KAL,780.7,563.0,630,512,931,613,,,,,,Mostly Sunny,
2026-05-15 13:36:16,RPi_001,rpi_camera,2928,12,1,35.8,17.6,631,480,0.0631,0.0480,0.5,0.5,0.2500,0.5m x 0.5m,0.64,IE_KAL,778.9,563.4,628,512,929,614,,,,,,Mostly Sunny,
2026-05-15 13:36:16,RPi_001,rpi_camera,2929,12,1,35.8,17.6,631,482,0.0631,0.0482,0.5,0.5,0.2500,0.5m x 0.5m,0.64,IE_KAL,779.2,563.5,628,512,929,614,,,,,,Mostly Sunny,
2026-05-15 13:36:16,RPi_001,rpi_camera,2930,12,1,34.2,18.1,619,477,0.0619,0.0477,0.5,0.5,0.2500,0.5m x 0.5m,0.63,IE_KAL,781.3,563.3,630,512,931,614,,,,,,Mostly Sunny,
2026-05-15 13:36:16,RPi_001,rpi_camera,2931,12,1,35.8,18.0,647,480,0.0647,0.0480,0.5,0.5,0.2500,0.5m x 0.5m,0.65,IE_KAL,779.1,563.6,628,512,929,614,,,,,,Mostly Sunny,
2026-05-15 13:36:16,RPi_001,rpi_camera,2932,12,1,35.2,17.6,619,478,0.0619,0.0478,0.5,0.5,0.2500,0.5m x 0.5m,0.66,IE_KAL,780.1,563.5,629,512,930,614,,,,,,Mostly Sunny,
2026-05-15 13:36:17,RPi_001,rpi_camera,2933,12,1,35.2,17.6,619,476,0.0619,0.0476,0.5,0.5,0.2500,0.5m x 0.5m,0.64,IE_KAL,780.2,563.5,629,512,930,614,,,,,,Mostly Sunny,
2026-05-15 13:36:17,RPi_001,rpi_camera,2934,12,1,35.2,17.6,619,476,0.0619,0.0476,0.5,0.5,0.2500,0.5m x 0.5m,0.63,IE_KAL,780.2,563.5,629,512,930,614,,,,,,Mostly Sunny,
2026-05-15 13:36:17,RPi_001,rpi_camera,2935,12,1,34.4,18.1,622,476,0.0622,0.0476,0.5,0.5,0.2500,0.5m x 0.5m,0.68,IE_KAL,781.2,563.3,630,512,931,614,,,,,,Mostly Sunny,
2026-05-15 13:36:17,RPi_001,rpi_camera,2936,12,1,35.2,17.6,619,473,0.0619,0.0473,0.5,0.5,0.2500,0.5m x 0.5m,0.69,IE_KAL,780.1,563.4,629,512,930,614,,,,,,Mostly Sunny,
2026-05-15 13:36:17,RPi_001,rpi_camera,2937,12,1,35.2,17.6,619,476,0.0619,0.0476,0.5,0.5,0.2500,0.5m x 0.5m,0.69,IE_KAL,780.0,563.4,629,512,930,614,,,,,,Mostly Sunny,
2026-05-15 13:36:17,RPi_001,rpi_camera,2938,12,1,34.4,18.0,620,474,0.0620,0.0474,0.5,0.5,0.2500,0.5m x 0.5m,0.62,IE_KAL,780.9,563.5,630,512,931,614,,,,,,Mostly Sunny,
2026-05-15 13:36:17,RPi_001,rpi_camera,2939,12,1,34.1,18.1,616,478,0.0616,0.0478,0.5,0.5,0.2500,0.5m x 0.5m,0.57,IE_KAL,781.8,563.2,631,512,932,614,,,,,,Mostly Sunny,
2026-05-15 13:36:17,RPi_001,rpi_camera,2940,12,1,34.6,18.1,625,490,0.0625,0.0490,0.5,0.5,0.2500,0.5m x 0.5m,0.46,IE_KAL,781.7,563.2,631,512,932,614,,,,,,Mostly Sunny,
2026-05-15 13:36:17,RPi_001,rpi_camera,2941,12,1,34.2,18.1,619,491,0.0619,0.0491,0.5,0.5,0.2500,0.5m x 0.5m,0.53,IE_KAL,783.2,563.1,632,511,933,614,,,,,,Mostly Sunny,
2026-05-15 13:36:30,RPi_001,rpi_camera,3159,13,1,14.3,42.1,602,343,0.0602,0.0343,0.5,0.5,0.2500,0.5m x 0.5m,0.36,IE_KAL,1872.6,852.9,1643,678,1919,1027,,,,,,Mostly Sunny,/home/pi/pothole_crops_20260515_133308/pothole_track13.jpg
2026-05-15 13:36:30,RPi_001,rpi_camera,3160,13,1,8.3,38.6,320,206,0.0320,0.0206,0.5,0.5,0.2500,0.5m x 0.5m,0.44,IE_KAL,1889.7,849.6,1657,676,1919,1022,,,,,,Mostly Sunny,
2026-05-15 13:36:38,RPi_001,rpi_camera,3290,14,1,33.4,16.4,547,427,0.0547,0.0427,0.5,0.5,0.2500,0.5m x 0.5m,0.45,IE_KAL,398.8,580.4,244,526,553,633,,,,,,Mostly Sunny,/home/pi/pothole_crops_20260515_133308/pothole_track14.jpg
2026-05-15 13:36:38,RPi_001,rpi_camera,3291,14,1,33.9,16.4,555,426,0.0555,0.0426,0.5,0.5,0.2500,0.5m x 0.5m,0.48,IE_KAL,399.6,580.2,245,526,553,633,,,,,,Mostly Sunny,
2026-05-15 13:36:38,RPi_001,rpi_camera,3292,14,1,33.9,15.5,526,426,0.0526,0.0426,0.5,0.5,0.2500,0.5m x 0.5m,0.47,IE_KAL,399.7,580.0,245,526,553,633,,,,,,Mostly Sunny,
2026-05-15 13:36:38,RPi_001,rpi_camera,3293,14,1,33.9,15.9,540,429,0.0540,0.0429,0.5,0.5,0.2500,0.5m x 0.5m,0.51,IE_KAL,399.4,580.2,245,526,553,633,,,,,,Mostly Sunny,
2026-05-15 13:36:38,RPi_001,rpi_camera,3294,14,1,33.7,16.4,552,427,0.0552,0.0427,0.5,0.5,0.2500,0.5m x 0.5m,0.48,IE_KAL,398.9,580.2,244,526,553,633,,,,,,Mostly Sunny,
2026-05-15 13:36:38,RPi_001,rpi_camera,3295,14,1,33.9,16.4,555,432,0.0555,0.0432,0.5,0.5,0.2500,0.5m x 0.5m,0.51,IE_KAL,399.6,580.3,245,526,553,633,,,,,,Mostly Sunny,
2026-05-15 13:36:38,RPi_001,rpi_camera,3296,14,1,33.7,15.5,522,420,0.0522,0.0420,0.5,0.5,0.2500,0.5m x 0.5m,0.54,IE_KAL,399.2,580.6,245,527,553,633,,,,,,Mostly Sunny,
2026-05-15 13:36:39,RPi_001,rpi_camera,3297,14,1,33.6,15.9,535,427,0.0535,0.0427,0.5,0.5,0.2500,0.5m x 0.5m,0.51,IE_KAL,400.0,580.2,245,526,554,633,,,,,,Mostly Sunny,
2026-05-15 13:36:39,RPi_001,rpi_camera,3298,14,1,33.7,16.4,552,429,0.0552,0.0429,0.5,0.5,0.2500,0.5m x 0.5m,0.54,IE_KAL,399.6,580.4,245,526,553,633,,,,,,Mostly Sunny,
2026-05-15 13:36:39,RPi_001,rpi_camera,3299,14,1,33.7,15.9,535,424,0.0535,0.0424,0.5,0.5,0.2500,0.5m x 0.5m,0.52,IE_KAL,398.5,580.8,244,527,552,634,,,,,,Mostly Sunny,
2026-05-15 13:36:39,RPi_001,rpi_camera,3300,14,1,34.2,15.9,543,423,0.0543,0.0423,0.5,0.5,0.2500,0.5m x 0.5m,0.53,IE_KAL,398.7,580.8,244,527,553,634,,,,,,Mostly Sunny,
2026-05-15 13:36:39,RPi_001,rpi_camera,3301,14,1,33.7,15.9,535,423,0.0535,0.0423,0.5,0.5,0.2500,0.5m x 0.5m,0.53,IE_KAL,398.7,580.7,244,527,553,634,,,,,,Mostly Sunny,
2026-05-15 13:36:39,RPi_001,rpi_camera,3302,14,1,33.7,15.9,538,428,0.0538,0.0428,0.5,0.5,0.2500,0.5m x 0.5m,0.48,IE_KAL,399.6,580.2,245,526,553,633,,,,,,Mostly Sunny,
2026-05-15 13:36:39,RPi_001,rpi_camera,3303,14,1,33.7,16.4,552,436,0.0552,0.0436,0.5,0.5,0.2500,0.5m x 0.5m,0.51,IE_KAL,398.9,580.5,244,527,553,633,,,,,,Mostly Sunny,
2026-05-15 13:36:39,RPi_001,rpi_camera,3304,14,1,33.7,15.9,538,427,0.0538,0.0427,0.5,0.5,0.2500,0.5m x 0.5m,0.51,IE_KAL,399.1,580.2,244,526,553,633,,,,,,Mostly Sunny,
2026-05-15 13:36:39,RPi_001,rpi_camera,3305,14,1,33.9,16.0,542,438,0.0542,0.0438,0.5,0.5,0.2500,0.5m x 0.5m,0.47,IE_KAL,400.3,579.7,246,526,554,632,,,,,,Mostly Sunny,
2026-05-15 13:36:39,RPi_001,rpi_camera,3306,14,1,33.9,15.9,540,424,0.0540,0.0424,0.5,0.5,0.2500,0.5m x 0.5m,0.49,IE_KAL,399.5,580.0,245,526,553,633,,,,,,Mostly Sunny,
2026-05-15 13:36:39,RPi_001,rpi_camera,3307,14,1,33.8,15.9,538,417,0.0538,0.0417,0.5,0.5,0.2500,0.5m x 0.5m,0.51,IE_KAL,398.7,580.6,244,527,553,634,,,,,,Mostly Sunny,
2026-05-15 13:36:39,RPi_001,rpi_camera,3308,14,1,33.7,15.9,538,426,0.0538,0.0426,0.5,0.5,0.2500,0.5m x 0.5m,0.49,IE_KAL,399.2,580.1,245,526,553,633,,,,,,Mostly Sunny,
2026-05-15 13:36:40,RPi_001,rpi_camera,3309,14,1,33.8,15.9,538,420,0.0538,0.0420,0.5,0.5,0.2500,0.5m x 0.5m,0.51,IE_KAL,399.0,580.7,244,527,553,634,,,,,,Mostly Sunny,
2026-05-15 13:36:40,RPi_001,rpi_camera,3310,14,1,33.7,15.9,538,430,0.0538,0.0430,0.5,0.5,0.2500,0.5m x 0.5m,0.51,IE_KAL,399.5,580.3,245,526,553,633,,,,,,Mostly Sunny,
2026-05-15 13:36:40,RPi_001,rpi_camera,3311,14,1,33.7,15.9,538,429,0.0538,0.0429,0.5,0.5,0.2500,0.5m x 0.5m,0.53,IE_KAL,399.2,580.1,245,526,553,633,,,,,,Mostly Sunny,
2026-05-15 13:36:40,RPi_001,rpi_camera,3312,14,1,33.7,16.4,552,432,0.0552,0.0432,0.5,0.5,0.2500,0.5m x 0.5m,0.52,IE_KAL,399.3,580.5,245,527,553,633,,,,,,Mostly Sunny,
2026-05-15 13:36:40,RPi_001,rpi_camera,3313,14,1,33.7,16.4,552,427,0.0552,0.0427,0.5,0.5,0.2500,0.5m x 0.5m,0.51,IE_KAL,399.5,580.3,245,526,553,633,,,,,,Mostly Sunny,
2026-05-15 13:36:40,RPi_001,rpi_camera,3314,14,1,33.7,15.9,538,427,0.0538,0.0427,0.5,0.5,0.2500,0.5m x 0.5m,0.51,IE_KAL,399.1,580.2,244,526,553,633,,,,,,Mostly Sunny,
2026-05-15 13:36:40,RPi_001,rpi_camera,3315,14,1,33.7,15.9,538,426,0.0538,0.0426,0.5,0.5,0.2500,0.5m x 0.5m,0.49,IE_KAL,399.0,580.2,244,526,553,633,,,,,,Mostly Sunny,
2026-05-15 13:36:40,RPi_001,rpi_camera,3316,14,1,33.7,15.9,538,427,0.0538,0.0427,0.5,0.5,0.2500,0.5m x 0.5m,0.54,IE_KAL,399.5,580.2,245,526,553,633,,,,,,Mostly Sunny,
2026-05-15 13:36:40,RPi_001,rpi_camera,3317,14,1,33.7,15.9,538,427,0.0538,0.0427,0.5,0.5,0.2500,0.5m x 0.5m,0.54,IE_KAL,399.7,580.2,245,526,553,633,,,,,,Mostly Sunny,
2026-05-15 13:36:40,RPi_001,rpi_camera,3318,14,1,33.7,16.4,552,437,0.0552,0.0437,0.5,0.5,0.2500,0.5m x 0.5m,0.54,IE_KAL,398.9,580.5,244,527,553,633,,,,,,Mostly Sunny,
2026-05-15 13:36:40,RPi_001,rpi_camera,3319,14,1,33.7,15.5,522,417,0.0522,0.0417,0.5,0.5,0.2500,0.5m x 0.5m,0.49,IE_KAL,398.5,580.5,244,527,552,633,,,,,,Mostly Sunny,
2026-05-15 13:36:40,RPi_001,rpi_camera,3320,14,1,33.9,16.4,555,428,0.0555,0.0428,0.5,0.5,0.2500,0.5m x 0.5m,0.51,IE_KAL,398.6,580.3,244,526,552,633,,,,,,Mostly Sunny,
2026-05-15 13:36:41,RPi_001,rpi_camera,3321,14,1,33.6,15.9,535,428,0.0535,0.0428,0.5,0.5,0.2500,0.5m x 0.5m,0.51,IE_KAL,399.2,580.3,244,526,553,633,,,,,,Mostly Sunny,
2026-05-15 13:36:41,RPi_001,rpi_camera,3322,14,1,33.8,15.9,538,421,0.0538,0.0421,0.5,0.5,0.2500,0.5m x 0.5m,0.53,IE_KAL,398.7,580.6,244,527,553,634,,,,,,Mostly Sunny,
2026-05-15 13:36:41,RPi_001,rpi_camera,3323,14,1,33.7,15.9,535,419,0.0535,0.0419,0.5,0.5,0.2500,0.5m x 0.5m,0.50,IE_KAL,398.9,580.7,244,527,553,634,,,,,,Mostly Sunny,
2026-05-15 13:36:41,RPi_001,rpi_camera,3324,14,1,33.7,16.4,552,429,0.0552,0.0429,0.5,0.5,0.2500,0.5m x 0.5m,0.48,IE_KAL,399.4,580.3,245,526,553,633,,,,,,Mostly Sunny,
2026-05-15 13:36:41,RPi_001,rpi_camera,3325,14,1,33.7,16.4,552,429,0.0552,0.0429,0.5,0.5,0.2500,0.5m x 0.5m,0.49,IE_KAL,399.5,580.3,245,526,553,633,,,,,,Mostly Sunny,
2026-05-15 13:36:41,RPi_001,rpi_camera,3326,14,1,33.7,15.9,535,419,0.0535,0.0419,0.5,0.5,0.2500,0.5m x 0.5m,0.51,IE_KAL,398.9,580.6,244,527,553,634,,,,,,Mostly Sunny,
2026-05-15 13:36:41,RPi_001,rpi_camera,3327,14,1,33.9,16.4,555,426,0.0555,0.0426,0.5,0.5,0.2500,0.5m x 0.5m,0.51,IE_KAL,399.5,580.2,245,526,553,633,,,,,,Mostly Sunny,
2026-05-15 13:36:41,RPi_001,rpi_camera,3328,14,1,33.6,15.9,535,426,0.0535,0.0426,0.5,0.5,0.2500,0.5m x 0.5m,0.53,IE_KAL,399.1,580.2,244,526,553,633,,,,,,Mostly Sunny,
2026-05-15 13:36:41,RPi_001,rpi_camera,3329,14,1,33.6,15.5,519,416,0.0519,0.0416,0.5,0.5,0.2500,0.5m x 0.5m,0.54,IE_KAL,398.6,580.5,244,527,552,633,,,,,,Mostly Sunny,
2026-05-15 13:36:41,RPi_001,rpi_camera,3330,14,1,33.7,16.4,552,429,0.0552,0.0429,0.5,0.5,0.2500,0.5m x 0.5m,0.53,IE_KAL,399.4,580.3,245,526,553,633,,,,,,Mostly Sunny,
2026-05-15 13:36:41,RPi_001,rpi_camera,3331,14,1,33.9,15.9,540,425,0.0540,0.0425,0.5,0.5,0.2500,0.5m x 0.5m,0.51,IE_KAL,399.5,580.1,245,526,553,633,,,,,,Mostly Sunny,
2026-05-15 13:36:41,RPi_001,rpi_camera,3332,14,1,33.7,16.4,552,434,0.0552,0.0434,0.5,0.5,0.2500,0.5m x 0.5m,0.51,IE_KAL,399.2,580.5,244,526,553,633,,,,,,Mostly Sunny,
2026-05-15 13:36:41,RPi_001,rpi_camera,3333,14,1,33.7,16.4,552,433,0.0552,0.0433,0.5,0.5,0.2500,0.5m x 0.5m,0.53,IE_KAL,399.1,580.4,244,526,553,633,,,,,,Mostly Sunny,
2026-05-15 13:36:41,RPi_001,rpi_camera,3334,14,1,33.6,16.4,549,433,0.0549,0.0433,0.5,0.5,0.2500,0.5m x 0.5m,0.54,IE_KAL,399.1,580.4,244,526,553,633,,,,,,Mostly Sunny,
2026-05-15 13:36:41,RPi_001,rpi_camera,3335,14,1,33.6,16.4,549,429,0.0549,0.0429,0.5,0.5,0.2500,0.5m x 0.5m,0.53,IE_KAL,399.2,580.3,244,526,553,633,,,,,,Mostly Sunny,
2026-05-15 13:36:41,RPi_001,rpi_camera,3336,14,1,33.6,15.9,535,427,0.0535,0.0427,0.5,0.5,0.2500,0.5m x 0.5m,0.53,IE_KAL,399.5,580.3,245,526,553,633,,,,,,Mostly Sunny,
2026-05-15 13:36:42,RPi_001,rpi_camera,3337,14,1,33.6,16.4,549,432,0.0549,0.0432,0.5,0.5,0.2500,0.5m x 0.5m,0.54,IE_KAL,399.1,580.4,244,526,553,633,,,,,,Mostly Sunny,
2026-05-15 13:36:42,RPi_001,rpi_camera,3338,14,1,33.7,16.4,552,427,0.0552,0.0427,0.5,0.5,0.2500,0.5m x 0.5m,0.53,IE_KAL,399.4,580.3,245,526,553,633,,,,,,Mostly Sunny,
2026-05-15 13:36:42,RPi_001,rpi_camera,3339,14,1,33.7,15.9,538,426,0.0538,0.0426,0.5,0.5,0.2500,0.5m x 0.5m,0.53,IE_KAL,399.8,580.2,245,526,553,633,,,,,,Mostly Sunny,
2026-05-15 13:36:42,RPi_001,rpi_camera,3340,14,1,33.6,15.5,519,418,0.0519,0.0418,0.5,0.5,0.2500,0.5m x 0.5m,0.53,IE_KAL,399.0,580.6,244,527,553,633,,,,,,Mostly Sunny,
2026-05-15 13:36:42,RPi_001,rpi_camera,3341,14,1,33.7,15.9,538,423,0.0538,0.0423,0.5,0.5,0.2500,0.5m x 0.5m,0.51,IE_KAL,400.0,580.0,245,526,554,633,,,,,,Mostly Sunny,
2026-05-15 13:36:42,RPi_001,rpi_camera,3342,14,1,33.7,16.4,552,425,0.0552,0.0425,0.5,0.5,0.2500,0.5m x 0.5m,0.51,IE_KAL,399.3,580.1,245,526,553,633,,,,,,Mostly Sunny,
2026-05-15 13:36:42,RPi_001,rpi_camera,3343,14,1,33.7,15.9,538,427,0.0538,0.0427,0.5,0.5,0.2500,0.5m x 0.5m,0.51,IE_KAL,399.4,580.2,245,526,553,633,,,,,,Mostly Sunny,
2026-05-15 13:36:42,RPi_001,rpi_camera,3344,14,1,33.7,15.9,535,419,0.0535,0.0419,0.5,0.5,0.2500,0.5m x 0.5m,0.54,IE_KAL,398.8,580.7,244,527,553,634,,,,,,Mostly Sunny,
2026-05-15 13:36:42,RPi_001,rpi_camera,3345,14,1,33.9,16.4,555,429,0.0555,0.0429,0.5,0.5,0.2500,0.5m x 0.5m,0.51,IE_KAL,399.7,580.3,245,526,553,633,,,,,,Mostly Sunny,
2026-05-15 13:36:42,RPi_001,rpi_camera,3346,14,1,33.7,15.9,538,430,0.0538,0.0430,0.5,0.5,0.2500,0.5m x 0.5m,0.54,IE_KAL,399.6,580.2,245,526,553,633,,,,,,Mostly Sunny,
2026-05-15 13:36:42,RPi_001,rpi_camera,3347,14,1,33.6,15.9,535,422,0.0535,0.0422,0.5,0.5,0.2500,0.5m x 0.5m,0.49,IE_KAL,399.4,580.1,245,526,553,633,,,,,,Mostly Sunny,
2026-05-15 13:36:42,RPi_001,rpi_camera,3348,14,1,33.7,15.5,522,416,0.0522,0.0416,0.5,0.5,0.2500,0.5m x 0.5m,0.51,IE_KAL,398.9,580.5,244,527,553,633,,,,,,Mostly Sunny,
2026-05-15 13:36:42,RPi_001,rpi_camera,3349,14,1,33.7,16.4,552,423,0.0552,0.0423,0.5,0.5,0.2500,0.5m x 0.5m,0.50,IE_KAL,399.4,580.1,245,526,553,633,,,,,,Mostly Sunny,
2026-05-15 13:36:42,RPi_001,rpi_camera,3350,14,1,33.6,16.4,549,432,0.0549,0.0432,0.5,0.5,0.2500,0.5m x 0.5m,0.51,IE_KAL,399.0,580.4,244,526,553,633,,,,,,Mostly Sunny,
2026-05-15 13:36:42,RPi_001,rpi_camera,3351,14,1,33.6,15.9,535,428,0.0535,0.0428,0.5,0.5,0.2500,0.5m x 0.5m,0.53,IE_KAL,399.3,580.3,245,526,553,633,,,,,,Mostly Sunny,
2026-05-15 13:36:42,RPi_001,rpi_camera,3352,14,1,33.7,15.9,538,430,0.0538,0.0430,0.5,0.5,0.2500,0.5m x 0.5m,0.49,IE_KAL,399.2,580.3,245,526,553,633,,,,,,Mostly Sunny,
2026-05-15 13:36:43,RPi_001,rpi_camera,3353,14,1,34.1,15.9,543,433,0.0543,0.0433,0.5,0.5,0.2500,0.5m x 0.5m,0.50,IE_KAL,399.0,580.3,244,526,553,633,,,,,,Mostly Sunny,
2026-05-15 13:36:43,RPi_001,rpi_camera,3354,14,1,33.7,15.9,538,427,0.0538,0.0427,0.5,0.5,0.2500,0.5m x 0.5m,0.54,IE_KAL,399.3,580.2,245,526,553,633,,,,,,Mostly Sunny,
2026-05-15 13:36:43,RPi_001,rpi_camera,3355,14,1,33.9,16.4,555,435,0.0555,0.0435,0.5,0.5,0.2500,0.5m x 0.5m,0.53,IE_KAL,399.2,580.5,245,527,553,633,,,,,,Mostly Sunny,
2026-05-15 13:36:43,RPi_001,rpi_camera,3356,14,1,33.7,16.4,552,429,0.0552,0.0429,0.5,0.5,0.2500,0.5m x 0.5m,0.50,IE_KAL,399.4,580.3,245,526,553,633,,,,,,Mostly Sunny,
2026-05-15 13:36:43,RPi_001,rpi_camera,3357,14,1,33.9,15.9,540,432,0.0540,0.0432,0.5,0.5,0.2500,0.5m x 0.5m,0.54,IE_KAL,398.5,580.3,244,527,552,633,,,,,,Mostly Sunny,
2026-05-15 13:36:43,RPi_001,rpi_camera,3358,14,1,34.1,15.9,543,431,0.0543,0.0431,0.5,0.5,0.2500,0.5m x 0.5m,0.49,IE_KAL,398.8,580.3,244,527,552,633,,,,,,Mostly Sunny,
2026-05-15 13:36:43,RPi_001,rpi_camera,3359,14,1,33.7,15.9,538,428,0.0538,0.0428,0.5,0.5,0.2500,0.5m x 0.5m,0.49,IE_KAL,399.4,580.2,245,526,553,633,,,,,,Mostly Sunny,
2026-05-15 13:36:43,RPi_001,rpi_camera,3360,14,1,33.9,16.4,555,436,0.0555,0.0436,0.5,0.5,0.2500,0.5m x 0.5m,0.54,IE_KAL,399.2,580.5,245,527,553,633,,,,,,Mostly Sunny,
2026-05-15 13:36:43,RPi_001,rpi_camera,3361,14,1,34.1,15.9,543,428,0.0543,0.0428,0.5,0.5,0.2500,0.5m x 0.5m,0.51,IE_KAL,398.5,580.2,244,526,552,633,,,,,,Mostly Sunny,
2026-05-15 13:36:43,RPi_001,rpi_camera,3362,14,1,33.6,15.9,535,428,0.0535,0.0428,0.5,0.5,0.2500,0.5m x 0.5m,0.54,IE_KAL,399.3,580.3,245,526,553,633,,,,,,Mostly Sunny,
2026-05-15 13:36:43,RPi_001,rpi_camera,3363,14,1,33.7,15.9,538,424,0.0538,0.0424,0.5,0.5,0.2500,0.5m x 0.5m,0.51,IE_KAL,399.8,580.1,245,526,554,633,,,,,,Mostly Sunny,
2026-05-15 13:36:43,RPi_001,rpi_camera,3364,14,1,33.9,15.9,540,429,0.0540,0.0429,0.5,0.5,0.2500,0.5m x 0.5m,0.50,IE_KAL,399.8,580.2,245,526,554,633,,,,,,Mostly Sunny,
2026-05-15 13:36:44,RPi_001,rpi_camera,3365,14,1,33.7,16.4,552,432,0.0552,0.0432,0.5,0.5,0.2500,0.5m x 0.5m,0.53,IE_KAL,399.1,580.5,244,526,553,633,,,,,,Mostly Sunny,
2026-05-15 13:36:44,RPi_001,rpi_camera,3366,14,1,33.7,16.4,552,431,0.0552,0.0431,0.5,0.5,0.2500,0.5m x 0.5m,0.54,IE_KAL,399.4,580.4,245,526,553,633,,,,,,Mostly Sunny,
2026-05-15 13:36:44,RPi_001,rpi_camera,3367,14,1,33.7,15.9,538,424,0.0538,0.0424,0.5,0.5,0.2500,0.5m x 0.5m,0.51,IE_KAL,400.2,580.2,246,526,554,633,,,,,,Mostly Sunny,
2026-05-15 13:36:44,RPi_001,rpi_camera,3368,14,1,33.7,15.9,538,429,0.0538,0.0429,0.5,0.5,0.2500,0.5m x 0.5m,0.51,IE_KAL,399.7,580.3,245,526,553,633,,,,,,Mostly Sunny,
2026-05-15 13:36:44,RPi_001,rpi_camera,3369,14,1,33.6,16.4,549,427,0.0549,0.0427,0.5,0.5,0.2500,0.5m x 0.5m,0.53,IE_KAL,399.1,580.3,244,526,553,633,,,,,,Mostly Sunny,
2026-05-15 13:36:44,RPi_001,rpi_camera,3370,14,1,33.7,16.4,552,429,0.0552,0.0429,0.5,0.5,0.2500,0.5m x 0.5m,0.53,IE_KAL,399.2,580.4,244,526,553,633,,,,,,Mostly Sunny,
2026-05-15 13:36:44,RPi_001,rpi_camera,3371,14,1,33.7,15.9,538,428,0.0538,0.0428,0.5,0.5,0.2500,0.5m x 0.5m,0.51,IE_KAL,399.0,580.3,244,526,553,633,,,,,,Mostly Sunny,
2026-05-15 13:36:44,RPi_001,rpi_camera,3372,14,1,33.7,16.4,552,429,0.0552,0.0429,0.5,0.5,0.2500,0.5m x 0.5m,0.53,IE_KAL,399.5,580.4,245,526,553,633,,,,,,Mostly Sunny,
2026-05-15 13:36:44,RPi_001,rpi_camera,3373,14,1,33.7,16.4,552,435,0.0552,0.0435,0.5,0.5,0.2500,0.5m x 0.5m,0.49,IE_KAL,398.9,580.6,244,527,553,634,,,,,,Mostly Sunny,
2026-05-15 13:36:44,RPi_001,rpi_camera,3374,14,1,33.6,15.9,535,439,0.0535,0.0439,0.5,0.5,0.2500,0.5m x 0.5m,0.40,IE_KAL,399.5,580.4,245,527,553,633,,,,,,Mostly Sunny,
2026-05-15 13:36:44,RPi_001,rpi_camera,3375,14,1,33.5,15.9,533,428,0.0533,0.0428,0.5,0.5,0.2500,0.5m x 0.5m,0.44,IE_KAL,398.5,581.0,244,527,552,634,,,,,,Mostly Sunny,
2026-05-15 13:36:44,RPi_001,rpi_camera,3376,14,1,33.9,15.9,540,443,0.0540,0.0443,0.5,0.5,0.2500,0.5m x 0.5m,0.47,IE_KAL,400.0,580.5,245,527,554,633,,,,,,Mostly Sunny,
2026-05-15 13:36:45,RPi_001,rpi_camera,3377,14,1,33.9,15.5,526,436,0.0526,0.0436,0.5,0.5,0.2500,0.5m x 0.5m,0.47,IE_KAL,400.2,580.1,246,526,554,633,,,,,,Mostly Sunny,
2026-05-15 13:36:45,RPi_001,rpi_camera,3378,14,1,33.7,16.4,552,433,0.0552,0.0433,0.5,0.5,0.2500,0.5m x 0.5m,0.45,IE_KAL,399.2,580.4,245,526,553,633,,,,,,Mostly Sunny,
2026-05-15 13:36:45,RPi_001,rpi_camera,3379,14,1,34.4,17.3,596,475,0.0596,0.0475,0.5,0.5,0.2500,0.5m x 0.5m,0.50,IE_KAL,399.8,580.1,245,526,553,633,,,,,,Mostly Sunny,
2026-05-15 13:36:45,RPi_001,rpi_camera,3380,14,1,33.9,15.9,540,443,0.0540,0.0443,0.5,0.5,0.2500,0.5m x 0.5m,0.47,IE_KAL,399.8,580.5,245,527,553,633,,,,,,Mostly Sunny,
2026-05-15 13:36:45,RPi_001,rpi_camera,3381,14,1,33.9,15.5,526,433,0.0526,0.0433,0.5,0.5,0.2500,0.5m x 0.5m,0.47,IE_KAL,400.2,580.2,246,526,554,633,,,,,,Mostly Sunny,
2026-05-15 13:36:45,RPi_001,rpi_camera,3382,14,1,33.9,16.4,555,443,0.0555,0.0443,0.5,0.5,0.2500,0.5m x 0.5m,0.42,IE_KAL,400.3,580.7,246,527,554,634,,,,,,Mostly Sunny,
2026-05-15 13:36:48,RPi_001,rpi_camera,3432,15,1,30.8,17.1,526,436,0.0526,0.0436,0.5,0.5,0.2500,0.5m x 0.5m,0.36,IE_KAL,1377.7,553.4,1229,503,1526,603,,,,,,Mostly Sunny,/home/pi/pothole_crops_20260515_133308/pothole_track15.jpg
2026-05-15 13:36:48,RPi_001,rpi_camera,3433,15,1,32.0,17.1,546,439,0.0546,0.0439,0.5,0.5,0.2500,0.5m x 0.5m,0.36,IE_KAL,1376.5,553.4,1227,503,1525,603,,,,,,Mostly Sunny,
2026-05-15 13:36:48,RPi_001,rpi_camera,3439,15,1,31.6,17.1,540,436,0.0540,0.0436,0.5,0.5,0.2500,0.5m x 0.5m,0.38,IE_KAL,1377.4,553.4,1228,503,1526,603,,,,,,Mostly Sunny,
2026-05-15 13:36:48,RPi_001,rpi_camera,3440,15,1,31.5,17.1,537,435,0.0537,0.0435,0.5,0.5,0.2500,0.5m x 0.5m,0.37,IE_KAL,1377.8,553.4,1229,503,1526,603,,,,,,Mostly Sunny,
2026-05-15 13:36:49,RPi_001,rpi_camera,3441,15,1,31.5,17.1,537,435,0.0537,0.0435,0.5,0.5,0.2500,0.5m x 0.5m,0.36,IE_KAL,1377.9,553.3,1229,503,1526,603,,,,,,Mostly Sunny,
2026-05-15 13:36:49,RPi_001,rpi_camera,3443,15,1,31.8,17.1,543,432,0.0543,0.0432,0.5,0.5,0.2500,0.5m x 0.5m,0.52,IE_KAL,1376.7,553.3,1228,503,1525,603,,,,,,Mostly Sunny,
2026-05-15 13:36:49,RPi_001,rpi_camera,3444,15,1,31.1,17.1,532,426,0.0532,0.0426,0.5,0.5,0.2500,0.5m x 0.5m,0.50,IE_KAL,1376.9,553.3,1228,503,1525,603,,,,,,Mostly Sunny,
2026-05-15 13:36:49,RPi_001,rpi_camera,3445,15,1,31.3,17.1,534,431,0.0534,0.0431,0.5,0.5,0.2500,0.5m x 0.5m,0.55,IE_KAL,1377.3,553.3,1228,503,1525,603,,,,,,Mostly Sunny,
2026-05-15 13:36:49,RPi_001,rpi_camera,3446,15,1,31.6,17.1,540,433,0.0540,0.0433,0.5,0.5,0.2500,0.5m x 0.5m,0.48,IE_KAL,1377.6,553.3,1229,503,1526,603,,,,,,Mostly Sunny,
2026-05-15 13:36:49,RPi_001,rpi_camera,3447,15,1,31.3,17.1,534,425,0.0534,0.0425,0.5,0.5,0.2500,0.5m x 0.5m,0.45,IE_KAL,1377.3,553.3,1228,503,1525,603,,,,,,Mostly Sunny,
2026-05-15 13:36:49,RPi_001,rpi_camera,3448,15,1,32.3,17.1,552,435,0.0552,0.0435,0.5,0.5,0.2500,0.5m x 0.5m,0.49,IE_KAL,1376.2,553.4,1227,503,1524,603,,,,,,Mostly Sunny,
2026-05-15 13:36:49,RPi_001,rpi_camera,3449,15,1,31.5,17.1,537,435,0.0537,0.0435,0.5,0.5,0.2500,0.5m x 0.5m,0.52,IE_KAL,1377.8,553.5,1229,503,1526,603,,,,,,Mostly Sunny,
2026-05-15 13:36:49,RPi_001,rpi_camera,3450,15,1,32.0,17.1,546,434,0.0546,0.0434,0.5,0.5,0.2500,0.5m x 0.5m,0.49,IE_KAL,1377.1,553.4,1228,503,1525,603,,,,,,Mostly Sunny,
2026-05-15 13:36:49,RPi_001,rpi_camera,3451,15,1,31.1,17.1,532,430,0.0532,0.0430,0.5,0.5,0.2500,0.5m x 0.5m,0.49,IE_KAL,1376.9,553.3,1228,503,1525,603,,,,,,Mostly Sunny,
2026-05-15 13:36:49,RPi_001,rpi_camera,3452,15,1,31.1,17.1,532,433,0.0532,0.0433,0.5,0.5,0.2500,0.5m x 0.5m,0.53,IE_KAL,1377.1,553.4,1228,503,1525,603,,,,,,Mostly Sunny,
2026-05-15 13:36:49,RPi_001,rpi_camera,3453,15,1,31.1,17.1,532,433,0.0532,0.0433,0.5,0.5,0.2500,0.5m x 0.5m,0.47,IE_KAL,1377.4,553.4,1228,503,1525,603,,,,,,Mostly Sunny,
2026-05-15 13:36:49,RPi_001,rpi_camera,3454,15,1,32.0,17.1,546,433,0.0546,0.0433,0.5,0.5,0.2500,0.5m x 0.5m,0.45,IE_KAL,1376.3,553.3,1227,503,1524,603,,,,,,Mostly Sunny,
2026-05-15 13:36:49,RPi_001,rpi_camera,3455,15,1,32.3,16.2,522,423,0.0522,0.0423,0.5,0.5,0.2500,0.5m x 0.5m,0.46,IE_KAL,1376.1,553.0,1227,503,1524,602,,,,,,Mostly Sunny,
2026-05-15 13:36:49,RPi_001,rpi_camera,3456,15,1,32.0,16.2,517,423,0.0517,0.0423,0.5,0.5,0.2500,0.5m x 0.5m,0.49,IE_KAL,1376.8,552.9,1228,503,1525,602,,,,,,Mostly Sunny,
2026-05-15 13:36:50,RPi_001,rpi_camera,3457,15,1,31.1,17.1,532,431,0.0532,0.0431,0.5,0.5,0.2500,0.5m x 0.5m,0.50,IE_KAL,1376.9,553.4,1228,503,1525,603,,,,,,Mostly Sunny,
2026-05-15 13:36:50,RPi_001,rpi_camera,3458,15,1,31.1,17.1,532,431,0.0532,0.0431,0.5,0.5,0.2500,0.5m x 0.5m,0.46,IE_KAL,1377.4,553.3,1228,503,1525,603,,,,,,Mostly Sunny,
2026-05-15 13:36:50,RPi_001,rpi_camera,3459,15,1,31.5,17.1,537,434,0.0537,0.0434,0.5,0.5,0.2500,0.5m x 0.5m,0.52,IE_KAL,1377.4,553.4,1228,503,1525,603,,,,,,Mostly Sunny,
2026-05-15 13:36:50,RPi_001,rpi_camera,3460,15,1,31.5,17.1,537,431,0.0537,0.0431,0.5,0.5,0.2500,0.5m x 0.5m,0.50,IE_KAL,1377.3,553.3,1228,503,1525,603,,,,,,Mostly Sunny,
2026-05-15 13:36:50,RPi_001,rpi_camera,3461,15,1,31.5,17.1,537,431,0.0537,0.0431,0.5,0.5,0.2500,0.5m x 0.5m,0.49,IE_KAL,1377.5,553.3,1228,503,1526,603,,,,,,Mostly Sunny,
2026-05-15 13:36:50,RPi_001,rpi_camera,3462,15,1,31.3,17.1,534,430,0.0534,0.0430,0.5,0.5,0.2500,0.5m x 0.5m,0.52,IE_KAL,1377.2,553.3,1228,503,1525,603,,,,,,Mostly Sunny,
2026-05-15 13:36:50,RPi_001,rpi_camera,3463,15,1,31.1,17.1,532,431,0.0532,0.0431,0.5,0.5,0.2500,0.5m x 0.5m,0.49,IE_KAL,1377.4,553.3,1228,503,1526,603,,,,,,Mostly Sunny,
2026-05-15 13:36:50,RPi_001,rpi_camera,3464,15,1,32.0,17.1,546,434,0.0546,0.0434,0.5,0.5,0.2500,0.5m x 0.5m,0.49,IE_KAL,1376.2,553.3,1227,503,1524,603,,,,,,Mostly Sunny,
2026-05-15 13:36:50,RPi_001,rpi_camera,3465,15,1,31.8,17.1,543,431,0.0543,0.0431,0.5,0.5,0.2500,0.5m x 0.5m,0.50,IE_KAL,1376.4,553.3,1227,503,1525,603,,,,,,Mostly Sunny,
2026-05-15 13:36:50,RPi_001,rpi_camera,3466,15,1,31.3,17.1,534,435,0.0534,0.0435,0.5,0.5,0.2500,0.5m x 0.5m,0.47,IE_KAL,1377.3,553.3,1228,503,1525,603,,,,,,Mostly Sunny,
2026-05-15 13:36:50,RPi_001,rpi_camera,3467,15,1,31.8,17.1,543,434,0.0543,0.0434,0.5,0.5,0.2500,0.5m x 0.5m,0.44,IE_KAL,1376.4,553.4,1227,503,1525,603,,,,,,Mostly Sunny,
2026-05-15 13:36:50,RPi_001,rpi_camera,3468,15,1,31.1,17.1,532,431,0.0532,0.0431,0.5,0.5,0.2500,0.5m x 0.5m,0.43,IE_KAL,1377.2,553.4,1228,503,1525,603,,,,,,Mostly Sunny,
2026-05-15 13:36:51,RPi_001,rpi_camera,3469,15,1,31.8,17.1,543,430,0.0543,0.0430,0.5,0.5,0.2500,0.5m x 0.5m,0.45,IE_KAL,1376.7,553.3,1228,503,1525,603,,,,,,Mostly Sunny,
2026-05-15 13:36:51,RPi_001,rpi_camera,3470,15,1,31.1,17.1,532,427,0.0532,0.0427,0.5,0.5,0.2500,0.5m x 0.5m,0.50,IE_KAL,1377.2,553.3,1228,503,1525,603,,,,,,Mostly Sunny,
2026-05-15 13:36:51,RPi_001,rpi_camera,3471,15,1,31.1,17.1,532,428,0.0532,0.0428,0.5,0.5,0.2500,0.5m x 0.5m,0.54,IE_KAL,1377.1,553.3,1228,503,1525,603,,,,,,Mostly Sunny,
2026-05-15 13:36:51,RPi_001,rpi_camera,3472,15,1,32.0,16.2,517,420,0.0517,0.0420,0.5,0.5,0.2500,0.5m x 0.5m,0.51,IE_KAL,1376.5,552.9,1228,503,1524,602,,,,,,Mostly Sunny,
2026-05-15 13:36:51,RPi_001,rpi_camera,3473,15,1,31.8,16.2,514,422,0.0514,0.0422,0.5,0.5,0.2500,0.5m x 0.5m,0.47,IE_KAL,1376.4,552.9,1227,503,1524,602,,,,,,Mostly Sunny,
2026-05-15 13:36:51,RPi_001,rpi_camera,3474,15,1,31.8,16.2,514,421,0.0514,0.0421,0.5,0.5,0.2500,0.5m x 0.5m,0.51,IE_KAL,1376.4,552.9,1228,503,1524,602,,,,,,Mostly Sunny,
2026-05-15 13:36:51,RPi_001,rpi_camera,3475,15,1,31.1,17.1,532,429,0.0532,0.0429,0.5,0.5,0.2500,0.5m x 0.5m,0.48,IE_KAL,1377.1,553.3,1228,503,1525,603,,,,,,Mostly Sunny,
2026-05-15 13:36:51,RPi_001,rpi_camera,3476,15,1,31.1,17.1,532,430,0.0532,0.0430,0.5,0.5,0.2500,0.5m x 0.5m,0.47,IE_KAL,1377.1,553.3,1228,503,1525,603,,,,,,Mostly Sunny,
2026-05-15 13:36:51,RPi_001,rpi_camera,3477,15,1,31.3,17.1,534,431,0.0534,0.0431,0.5,0.5,0.2500,0.5m x 0.5m,0.52,IE_KAL,1377.4,553.3,1228,503,1525,603,,,,,,Mostly Sunny,
2026-05-15 13:36:51,RPi_001,rpi_camera,3478,15,1,32.0,16.2,517,424,0.0517,0.0424,0.5,0.5,0.2500,0.5m x 0.5m,0.46,IE_KAL,1376.8,552.9,1228,503,1525,602,,,,,,Mostly Sunny,
2026-05-15 13:36:51,RPi_001,rpi_camera,3479,15,1,31.1,17.1,532,428,0.0532,0.0428,0.5,0.5,0.2500,0.5m x 0.5m,0.47,IE_KAL,1376.9,553.3,1228,503,1525,603,,,,,,Mostly Sunny,
2026-05-15 13:36:51,RPi_001,rpi_camera,3480,15,1,32.0,16.2,517,423,0.0517,0.0423,0.5,0.5,0.2500,0.5m x 0.5m,0.48,IE_KAL,1376.5,552.9,1228,503,1524,602,,,,,,Mostly Sunny,
2026-05-15 13:36:51,RPi_001,rpi_camera,3481,15,1,31.1,17.1,532,429,0.0532,0.0429,0.5,0.5,0.2500,0.5m x 0.5m,0.49,IE_KAL,1377.1,553.3,1228,503,1525,603,,,,,,Mostly Sunny,
2026-05-15 13:36:51,RPi_001,rpi_camera,3482,15,1,31.1,17.1,532,435,0.0532,0.0435,0.5,0.5,0.2500,0.5m x 0.5m,0.52,IE_KAL,1377.2,553.4,1228,503,1525,603,,,,,,Mostly Sunny,
2026-05-15 13:36:51,RPi_001,rpi_camera,3483,15,1,31.5,17.1,537,428,0.0537,0.0428,0.5,0.5,0.2500,0.5m x 0.5m,0.45,IE_KAL,1377.6,553.3,1228,503,1526,603,,,,,,Mostly Sunny,
2026-05-15 13:36:51,RPi_001,rpi_camera,3484,15,1,31.3,17.1,534,432,0.0534,0.0432,0.5,0.5,0.2500,0.5m x 0.5m,0.42,IE_KAL,1377.7,553.3,1229,503,1526,603,,,,,,Mostly Sunny,
2026-05-15 13:36:52,RPi_001,rpi_camera,3485,15,1,31.8,17.1,543,427,0.0543,0.0427,0.5,0.5,0.2500,0.5m x 0.5m,0.39,IE_KAL,1376.6,553.2,1227,503,1525,602,,,,,,Mostly Sunny,
2026-05-15 13:36:52,RPi_001,rpi_camera,3486,15,1,31.3,17.1,534,433,0.0534,0.0433,0.5,0.5,0.2500,0.5m x 0.5m,0.45,IE_KAL,1377.6,553.3,1229,503,1526,603,,,,,,Mostly Sunny,
2026-05-15 13:36:52,RPi_001,rpi_camera,3487,15,1,31.3,17.1,534,429,0.0534,0.0429,0.5,0.5,0.2500,0.5m x 0.5m,0.46,IE_KAL,1377.2,553.4,1228,503,1525,603,,,,,,Mostly Sunny,
2026-05-15 13:36:52,RPi_001,rpi_camera,3488,15,1,31.3,17.1,534,434,0.0534,0.0434,0.5,0.5,0.2500,0.5m x 0.5m,0.46,IE_KAL,1377.9,553.4,1229,503,1526,603,,,,,,Mostly Sunny,
2026-05-15 13:36:52,RPi_001,rpi_camera,3489,15,1,31.3,17.1,534,431,0.0534,0.0431,0.5,0.5,0.2500,0.5m x 0.5m,0.48,IE_KAL,1377.7,553.3,1229,503,1526,603,,,,,,Mostly Sunny,
2026-05-15 13:36:52,RPi_001,rpi_camera,3490,15,1,31.1,17.1,532,429,0.0532,0.0429,0.5,0.5,0.2500,0.5m x 0.5m,0.49,IE_KAL,1377.7,553.2,1229,503,1526,603,,,,,,Mostly Sunny,
2026-05-15 13:36:52,RPi_001,rpi_camera,3491,15,1,32.0,17.1,546,430,0.0546,0.0430,0.5,0.5,0.2500,0.5m x 0.5m,0.47,IE_KAL,1376.7,553.3,1228,503,1525,603,,,,,,Mostly Sunny,
2026-05-15 13:36:52,RPi_001,rpi_camera,3492,15,1,32.0,16.2,517,419,0.0517,0.0419,0.5,0.5,0.2500,0.5m x 0.5m,0.46,IE_KAL,1376.6,552.9,1228,503,1525,602,,,,,,Mostly Sunny,
2026-05-15 13:36:52,RPi_001,rpi_camera,3493,15,1,31.5,17.1,537,432,0.0537,0.0432,0.5,0.5,0.2500,0.5m x 0.5m,0.43,IE_KAL,1377.0,553.3,1228,503,1525,603,,,,,,Mostly Sunny,
2026-05-15 13:36:52,RPi_001,rpi_camera,3494,15,1,31.3,17.1,534,433,0.0534,0.0433,0.5,0.5,0.2500,0.5m x 0.5m,0.47,IE_KAL,1377.6,553.3,1229,503,1526,603,,,,,,Mostly Sunny,
2026-05-15 13:36:52,RPi_001,rpi_camera,3495,15,1,31.3,17.1,534,428,0.0534,0.0428,0.5,0.5,0.2500,0.5m x 0.5m,0.52,IE_KAL,1377.6,553.3,1228,503,1526,603,,,,,,Mostly Sunny,
2026-05-15 13:36:52,RPi_001,rpi_camera,3496,15,1,32.0,17.1,546,433,0.0546,0.0433,0.5,0.5,0.2500,0.5m x 0.5m,0.47,IE_KAL,1376.6,553.3,1227,503,1525,603,,,,,,Mostly Sunny,
2026-05-15 13:36:53,RPi_001,rpi_camera,3497,15,1,31.3,17.1,534,431,0.0534,0.0431,0.5,0.5,0.2500,0.5m x 0.5m,0.47,IE_KAL,1377.3,553.3,1228,503,1525,603,,,,,,Mostly Sunny,
2026-05-15 13:36:53,RPi_001,rpi_camera,3498,15,1,32.1,17.1,549,435,0.0549,0.0435,0.5,0.5,0.2500,0.5m x 0.5m,0.50,IE_KAL,1377.1,553.4,1228,503,1525,603,,,,,,Mostly Sunny,
2026-05-15 13:36:53,RPi_001,rpi_camera,3499,15,1,31.1,17.1,532,431,0.0532,0.0431,0.5,0.5,0.2500,0.5m x 0.5m,0.49,IE_KAL,1376.8,553.4,1228,503,1525,603,,,,,,Mostly Sunny,
2026-05-15 13:36:53,RPi_001,rpi_camera,3500,15,1,31.1,17.1,532,428,0.0532,0.0428,0.5,0.5,0.2500,0.5m x 0.5m,0.50,IE_KAL,1377.6,553.3,1228,503,1526,603,,,,,,Mostly Sunny,
2026-05-15 13:36:53,RPi_001,rpi_camera,3501,15,1,31.5,17.1,537,434,0.0537,0.0434,0.5,0.5,0.2500,0.5m x 0.5m,0.49,IE_KAL,1377.6,553.4,1229,503,1526,603,,,,,,Mostly Sunny,
2026-05-15 13:36:53,RPi_001,rpi_camera,3502,15,1,32.3,17.1,552,433,0.0552,0.0433,0.5,0.5,0.2500,0.5m x 0.5m,0.54,IE_KAL,1376.5,553.4,1227,503,1525,603,,,,,,Mostly Sunny,
2026-05-15 13:36:53,RPi_001,rpi_camera,3503,15,1,32.0,17.1,546,429,0.0546,0.0429,0.5,0.5,0.2500,0.5m x 0.5m,0.46,IE_KAL,1376.4,553.4,1227,503,1525,603,,,,,,Mostly Sunny,
2026-05-15 13:36:53,RPi_001,rpi_camera,3504,15,1,32.0,17.1,546,430,0.0546,0.0430,0.5,0.5,0.2500,0.5m x 0.5m,0.47,IE_KAL,1376.6,553.3,1227,503,1525,603,,,,,,Mostly Sunny,
2026-05-15 13:36:53,RPi_001,rpi_camera,3505,15,1,31.5,17.1,537,431,0.0537,0.0431,0.5,0.5,0.2500,0.5m x 0.5m,0.47,IE_KAL,1377.8,553.4,1229,503,1526,603,,,,,,Mostly Sunny,
2026-05-15 13:36:53,RPi_001,rpi_camera,3506,15,1,31.5,17.1,537,434,0.0537,0.0434,0.5,0.5,0.2500,0.5m x 0.5m,0.50,IE_KAL,1377.7,553.4,1229,503,1526,603,,,,,,Mostly Sunny,
2026-05-15 13:36:53,RPi_001,rpi_camera,3507,15,1,31.3,17.1,534,430,0.0534,0.0430,0.5,0.5,0.2500,0.5m x 0.5m,0.50,IE_KAL,1377.1,553.4,1228,503,1525,603,,,,,,Mostly Sunny,
2026-05-15 13:36:53,RPi_001,rpi_camera,3508,15,1,31.5,17.1,537,435,0.0537,0.0435,0.5,0.5,0.2500,0.5m x 0.5m,0.52,IE_KAL,1377.4,553.4,1228,503,1526,603,,,,,,Mostly Sunny,
2026-05-15 13:36:53,RPi_001,rpi_camera,3509,15,1,32.0,17.1,546,433,0.0546,0.0433,0.5,0.5,0.2500,0.5m x 0.5m,0.49,IE_KAL,1377.2,553.4,1228,503,1525,603,,,,,,Mostly Sunny,
2026-05-15 13:36:53,RPi_001,rpi_camera,3510,15,1,31.1,17.1,532,429,0.0532,0.0429,0.5,0.5,0.2500,0.5m x 0.5m,0.44,IE_KAL,1377.2,553.3,1228,503,1525,603,,,,,,Mostly Sunny,
2026-05-15 13:36:53,RPi_001,rpi_camera,3511,15,1,31.3,17.1,534,427,0.0534,0.0427,0.5,0.5,0.2500,0.5m x 0.5m,0.45,IE_KAL,1377.4,553.3,1228,503,1526,603,,,,,,Mostly Sunny,
2026-05-15 13:36:56,RPi_001,rpi_camera,3559,16,1,31.4,15.2,478,370,0.0478,0.0370,0.5,0.5,0.2500,0.5m x 0.5m,0.44,IE_KAL,1463.6,724.5,1271,634,1656,815,,,,,,Mostly Sunny,/home/pi/pothole_crops_20260515_133308/pothole_track16.jpg
2026-05-15 13:36:56,RPi_001,rpi_camera,3560,16,1,31.5,14.9,470,361,0.0470,0.0361,0.5,0.5,0.2500,0.5m x 0.5m,0.49,IE_KAL,1463.6,724.8,1270,634,1656,815,,,,,,Mostly Sunny,
2026-05-15 13:36:56,RPi_001,rpi_camera,3561,16,1,31.6,15.2,480,365,0.0480,0.0365,0.5,0.5,0.2500,0.5m x 0.5m,0.42,IE_KAL,1463.8,724.3,1271,633,1656,814,,,,,,Mostly Sunny,
2026-05-15 13:36:56,RPi_001,rpi_camera,3562,16,1,31.4,15.2,478,367,0.0478,0.0367,0.5,0.5,0.2500,0.5m x 0.5m,0.40,IE_KAL,1463.9,724.5,1271,634,1656,815,,,,,,Mostly Sunny,
2026-05-15 13:36:56,RPi_001,rpi_camera,3564,16,1,31.6,15.2,480,372,0.0480,0.0372,0.5,0.5,0.2500,0.5m x 0.5m,0.42,IE_KAL,1463.9,724.5,1271,633,1656,814,,,,,,Mostly Sunny,
2026-05-15 13:36:57,RPi_001,rpi_camera,3565,16,1,31.7,15.2,481,374,0.0481,0.0374,0.5,0.5,0.2500,0.5m x 0.5m,0.38,IE_KAL,1463.1,724.5,1270,633,1655,814,,,,,,Mostly Sunny,
2026-05-15 13:36:57,RPi_001,rpi_camera,3566,16,1,31.8,15.2,483,371,0.0483,0.0371,0.5,0.5,0.2500,0.5m x 0.5m,0.36,IE_KAL,1463.3,724.6,1270,634,1655,815,,,,,,Mostly Sunny,
2026-05-15 13:36:57,RPi_001,rpi_camera,3567,16,1,31.4,15.2,478,366,0.0478,0.0366,0.5,0.5,0.2500,0.5m x 0.5m,0.40,IE_KAL,1463.4,724.5,1270,633,1655,814,,,,,,Mostly Sunny,
2026-05-15 13:36:57,RPi_001,rpi_camera,3568,16,1,31.4,14.9,468,363,0.0468,0.0363,0.5,0.5,0.2500,0.5m x 0.5m,0.39,IE_KAL,1463.3,724.8,1270,634,1656,815,,,,,,Mostly Sunny,
2026-05-15 13:36:57,RPi_001,rpi_camera,3569,16,1,31.7,15.2,481,371,0.0481,0.0371,0.5,0.5,0.2500,0.5m x 0.5m,0.39,IE_KAL,1463.5,724.5,1271,634,1656,815,,,,,,Mostly Sunny,
2026-05-15 13:36:57,RPi_001,rpi_camera,3575,16,1,31.4,15.2,478,366,0.0478,0.0366,0.5,0.5,0.2500,0.5m x 0.5m,0.50,IE_KAL,1462.5,724.3,1270,633,1655,814,,,,,,Mostly Sunny,
2026-05-15 13:36:57,RPi_001,rpi_camera,3576,16,1,31.4,15.2,478,365,0.0478,0.0365,0.5,0.5,0.2500,0.5m x 0.5m,0.49,IE_KAL,1463.3,724.3,1270,633,1655,814,,,,,,Mostly Sunny,
2026-05-15 13:36:58,RPi_001,rpi_camera,3577,16,1,31.6,14.9,472,365,0.0472,0.0365,0.5,0.5,0.2500,0.5m x 0.5m,0.49,IE_KAL,1462.4,724.7,1269,634,1655,815,,,,,,Mostly Sunny,
2026-05-15 13:36:58,RPi_001,rpi_camera,3578,16,1,31.4,14.9,468,360,0.0468,0.0360,0.5,0.5,0.2500,0.5m x 0.5m,0.49,IE_KAL,1463.3,724.7,1270,634,1656,815,,,,,,Mostly Sunny,
2026-05-15 13:36:58,RPi_001,rpi_camera,3579,16,1,31.4,14.9,468,365,0.0468,0.0365,0.5,0.5,0.2500,0.5m x 0.5m,0.49,IE_KAL,1463.3,724.5,1270,634,1656,815,,,,,,Mostly Sunny,
2026-05-15 13:36:58,RPi_001,rpi_camera,3580,16,1,31.7,15.0,475,367,0.0475,0.0367,0.5,0.5,0.2500,0.5m x 0.5m,0.49,IE_KAL,1463.0,724.2,1270,634,1655,814,,,,,,Mostly Sunny,
2026-05-15 13:36:58,RPi_001,rpi_camera,3581,16,1,31.4,15.2,478,365,0.0478,0.0365,0.5,0.5,0.2500,0.5m x 0.5m,0.47,IE_KAL,1463.3,724.3,1270,633,1655,814,,,,,,Mostly Sunny,
2026-05-15 13:36:58,RPi_001,rpi_camera,3582,16,1,31.4,15.2,478,365,0.0478,0.0365,0.5,0.5,0.2500,0.5m x 0.5m,0.53,IE_KAL,1463.4,724.3,1270,633,1655,814,,,,,,Mostly Sunny,
2026-05-15 13:36:58,RPi_001,rpi_camera,3583,16,1,31.5,14.9,470,364,0.0470,0.0364,0.5,0.5,0.2500,0.5m x 0.5m,0.49,IE_KAL,1462.8,724.6,1270,634,1655,815,,,,,,Mostly Sunny,
2026-05-15 13:36:58,RPi_001,rpi_camera,3584,16,1,31.7,15.0,475,365,0.0475,0.0365,0.5,0.5,0.2500,0.5m x 0.5m,0.49,IE_KAL,1462.8,724.1,1270,634,1655,814,,,,,,Mostly Sunny,
2026-05-15 13:36:58,RPi_001,rpi_camera,3585,16,1,31.1,14.9,464,364,0.0464,0.0364,0.5,0.5,0.2500,0.5m x 0.5m,0.49,IE_KAL,1462.5,724.6,1269,634,1655,815,,,,,,Mostly Sunny,
2026-05-15 13:36:58,RPi_001,rpi_camera,3586,16,1,31.4,14.9,468,365,0.0468,0.0365,0.5,0.5,0.2500,0.5m x 0.5m,0.49,IE_KAL,1463.0,724.5,1270,633,1655,814,,,,,,Mostly Sunny,
2026-05-15 13:36:58,RPi_001,rpi_camera,3587,16,1,31.4,15.2,478,365,0.0478,0.0365,0.5,0.5,0.2500,0.5m x 0.5m,0.53,IE_KAL,1462.8,724.3,1270,633,1655,814,,,,,,Mostly Sunny,
2026-05-15 13:36:58,RPi_001,rpi_camera,3588,16,1,31.1,14.9,464,362,0.0464,0.0362,0.5,0.5,0.2500,0.5m x 0.5m,0.44,IE_KAL,1463.0,724.5,1270,633,1655,814,,,,,,Mostly Sunny,
2026-05-15 13:36:58,RPi_001,rpi_camera,3589,16,1,31.7,15.2,481,366,0.0481,0.0366,0.5,0.5,0.2500,0.5m x 0.5m,0.50,IE_KAL,1462.8,724.3,1270,633,1655,814,,,,,,Mostly Sunny,
2026-05-15 13:36:58,RPi_001,rpi_camera,3590,16,1,31.7,15.0,475,366,0.0475,0.0366,0.5,0.5,0.2500,0.5m x 0.5m,0.49,IE_KAL,1462.7,724.1,1270,633,1655,814,,,,,,Mostly Sunny,
2026-05-15 13:36:58,RPi_001,rpi_camera,3591,16,1,31.7,15.2,481,366,0.0481,0.0366,0.5,0.5,0.2500,0.5m x 0.5m,0.53,IE_KAL,1462.8,724.4,1270,633,1655,814,,,,,,Mostly Sunny,
2026-05-15 13:36:58,RPi_001,rpi_camera,3592,16,1,31.4,14.7,462,366,0.0462,0.0366,0.5,0.5,0.2500,0.5m x 0.5m,0.49,IE_KAL,1462.6,724.3,1270,634,1655,814,,,,,,Mostly Sunny,
2026-05-15 13:36:59,RPi_001,rpi_camera,3593,16,1,31.4,15.2,478,366,0.0478,0.0366,0.5,0.5,0.2500,0.5m x 0.5m,0.48,IE_KAL,1462.4,724.3,1269,633,1654,814,,,,,,Mostly Sunny,
2026-05-15 13:36:59,RPi_001,rpi_camera,3594,16,1,31.7,15.0,475,366,0.0475,0.0366,0.5,0.5,0.2500,0.5m x 0.5m,0.46,IE_KAL,1462.6,724.1,1270,634,1655,814,,,,,,Mostly Sunny,
2026-05-15 13:36:59,RPi_001,rpi_camera,3595,16,1,31.4,15.0,471,365,0.0471,0.0365,0.5,0.5,0.2500,0.5m x 0.5m,0.44,IE_KAL,1462.5,724.0,1270,633,1655,814,,,,,,Mostly Sunny,
2026-05-15 13:36:59,RPi_001,rpi_camera,3596,16,1,31.7,15.2,481,367,0.0481,0.0367,0.5,0.5,0.2500,0.5m x 0.5m,0.49,IE_KAL,1462.8,724.2,1270,633,1655,814,,,,,,Mostly Sunny,
2026-05-15 13:36:59,RPi_001,rpi_camera,3597,16,1,31.7,15.0,475,370,0.0475,0.0370,0.5,0.5,0.2500,0.5m x 0.5m,0.44,IE_KAL,1462.9,724.2,1270,634,1655,814,,,,,,Mostly Sunny,
2026-05-15 13:36:59,RPi_001,rpi_camera,3598,16,1,31.2,15.0,467,367,0.0467,0.0367,0.5,0.5,0.2500,0.5m x 0.5m,0.50,IE_KAL,1463.2,724.1,1270,634,1655,814,,,,,,Mostly Sunny,
2026-05-15 13:36:59,RPi_001,rpi_camera,3599,16,1,31.2,15.0,467,364,0.0467,0.0364,0.5,0.5,0.2500,0.5m x 0.5m,0.47,IE_KAL,1463.1,724.1,1270,634,1655,814,,,,,,Mostly Sunny,
2026-05-15 13:36:59,RPi_001,rpi_camera,3600,16,1,31.2,15.2,474,362,0.0474,0.0362,0.5,0.5,0.2500,0.5m x 0.5m,0.49,IE_KAL,1463.1,724.2,1270,633,1655,814,,,,,,Mostly Sunny,
2026-05-15 13:36:59,RPi_001,rpi_camera,3601,16,1,31.2,15.0,467,358,0.0467,0.0358,0.5,0.5,0.2500,0.5m x 0.5m,0.50,IE_KAL,1463.0,724.1,1270,633,1655,814,,,,,,Mostly Sunny,
2026-05-15 13:36:59,RPi_001,rpi_camera,3602,16,1,31.4,15.2,478,363,0.0478,0.0363,0.5,0.5,0.2500,0.5m x 0.5m,0.49,IE_KAL,1462.6,724.1,1270,633,1655,814,,,,,,Mostly Sunny,
2026-05-15 13:36:59,RPi_001,rpi_camera,3603,16,1,31.2,15.0,467,364,0.0467,0.0364,0.5,0.5,0.2500,0.5m x 0.5m,0.49,IE_KAL,1463.3,723.9,1270,633,1655,814,,,,,,Mostly Sunny,
2026-05-15 13:36:59,RPi_001,rpi_camera,3604,16,1,31.7,14.7,466,361,0.0466,0.0361,0.5,0.5,0.2500,0.5m x 0.5m,0.49,IE_KAL,1462.4,724.2,1269,634,1654,814,,,,,,Mostly Sunny,
2026-05-15 13:37:00,RPi_001,rpi_camera,3605,16,1,31.2,15.0,467,362,0.0467,0.0362,0.5,0.5,0.2500,0.5m x 0.5m,0.48,IE_KAL,1462.9,724.1,1270,634,1655,814,,,,,,Mostly Sunny,
2026-05-15 13:37:00,RPi_001,rpi_camera,3606,16,1,31.7,14.7,466,367,0.0466,0.0367,0.5,0.5,0.2500,0.5m x 0.5m,0.49,IE_KAL,1462.3,724.3,1269,634,1654,814,,,,,,Mostly Sunny,
2026-05-15 13:37:00,RPi_001,rpi_camera,3607,16,1,31.4,15.2,478,362,0.0478,0.0362,0.5,0.5,0.2500,0.5m x 0.5m,0.49,IE_KAL,1462.9,724.3,1270,633,1655,814,,,,,,Mostly Sunny,
2026-05-15 13:37:00,RPi_001,rpi_camera,3608,16,1,31.4,14.9,468,358,0.0468,0.0358,0.5,0.5,0.2500,0.5m x 0.5m,0.49,IE_KAL,1462.9,724.4,1270,633,1655,814,,,,,,Mostly Sunny,
2026-05-15 13:37:00,RPi_001,rpi_camera,3609,16,1,31.7,15.0,475,366,0.0475,0.0366,0.5,0.5,0.2500,0.5m x 0.5m,0.50,IE_KAL,1462.5,724.1,1270,633,1655,814,,,,,,Mostly Sunny,
2026-05-15 13:37:00,RPi_001,rpi_camera,3610,16,1,31.1,14.9,464,360,0.0464,0.0360,0.5,0.5,0.2500,0.5m x 0.5m,0.49,IE_KAL,1462.4,724.4,1269,633,1655,814,,,,,,Mostly Sunny,
2026-05-15 13:37:00,RPi_001,rpi_camera,3611,16,1,31.4,15.2,478,364,0.0478,0.0364,0.5,0.5,0.2500,0.5m x 0.5m,0.50,IE_KAL,1463.1,724.1,1270,633,1655,814,,,,,,Mostly Sunny,
2026-05-15 13:37:00,RPi_001,rpi_camera,3612,16,1,31.4,15.0,471,364,0.0471,0.0364,0.5,0.5,0.2500,0.5m x 0.5m,0.47,IE_KAL,1463.2,724.0,1270,633,1655,814,,,,,,Mostly Sunny,
2026-05-15 13:37:00,RPi_001,rpi_camera,3613,16,1,31.4,14.9,468,357,0.0468,0.0357,0.5,0.5,0.2500,0.5m x 0.5m,0.44,IE_KAL,1462.5,724.4,1269,633,1655,814,,,,,,Mostly Sunny,
2026-05-15 13:37:00,RPi_001,rpi_camera,3614,16,1,31.7,15.2,481,362,0.0481,0.0362,0.5,0.5,0.2500,0.5m x 0.5m,0.49,IE_KAL,1462.5,724.1,1270,633,1654,814,,,,,,Mostly Sunny,
2026-05-15 13:37:00,RPi_001,rpi_camera,3615,16,1,31.2,15.2,474,367,0.0474,0.0367,0.5,0.5,0.2500,0.5m x 0.5m,0.49,IE_KAL,1463.0,724.1,1270,633,1655,814,,,,,,Mostly Sunny,
2026-05-15 13:37:00,RPi_001,rpi_camera,3616,16,1,31.2,15.2,474,361,0.0474,0.0361,0.5,0.5,0.2500,0.5m x 0.5m,0.45,IE_KAL,1462.7,724.1,1270,633,1655,814,,,,,,Mostly Sunny,
2026-05-15 13:37:00,RPi_001,rpi_camera,3617,16,1,31.4,14.9,468,364,0.0468,0.0364,0.5,0.5,0.2500,0.5m x 0.5m,0.49,IE_KAL,1462.3,724.6,1269,634,1655,815,,,,,,Mostly Sunny,
2026-05-15 13:37:00,RPi_001,rpi_camera,3618,16,1,31.7,15.2,481,364,0.0481,0.0364,0.5,0.5,0.2500,0.5m x 0.5m,0.44,IE_KAL,1462.8,724.2,1270,633,1655,814,,,,,,Mostly Sunny,
2026-05-15 13:37:00,RPi_001,rpi_camera,3619,16,1,31.2,15.0,467,363,0.0467,0.0363,0.5,0.5,0.2500,0.5m x 0.5m,0.48,IE_KAL,1463.0,724.0,1270,633,1655,814,,,,,,Mostly Sunny,
2026-05-15 13:37:00,RPi_001,rpi_camera,3620,16,1,31.1,14.9,464,362,0.0464,0.0362,0.5,0.5,0.2500,0.5m x 0.5m,0.43,IE_KAL,1462.5,724.5,1269,634,1655,814,,,,,,Mostly Sunny,
2026-05-15 13:37:01,RPi_001,rpi_camera,3621,16,1,31.6,14.9,472,362,0.0472,0.0362,0.5,0.5,0.2500,0.5m x 0.5m,0.42,IE_KAL,1462.7,724.5,1269,633,1655,814,,,,,,Mostly Sunny,
2026-05-15 13:37:01,RPi_001,rpi_camera,3622,16,1,31.4,15.2,478,363,0.0478,0.0363,0.5,0.5,0.2500,0.5m x 0.5m,0.46,IE_KAL,1462.7,724.2,1270,633,1655,814,,,,,,Mostly Sunny,
2026-05-15 13:37:01,RPi_001,rpi_camera,3623,16,1,31.7,15.2,481,367,0.0481,0.0367,0.5,0.5,0.2500,0.5m x 0.5m,0.49,IE_KAL,1463.1,724.3,1270,633,1655,814,,,,,,Mostly Sunny,
2026-05-15 13:37:01,RPi_001,rpi_camera,3624,16,1,31.4,15.2,478,365,0.0478,0.0365,0.5,0.5,0.2500,0.5m x 0.5m,0.48,IE_KAL,1462.7,724.3,1270,633,1655,814,,,,,,Mostly Sunny,
2026-05-15 13:37:01,RPi_001,rpi_camera,3625,16,1,31.7,15.0,475,367,0.0475,0.0367,0.5,0.5,0.2500,0.5m x 0.5m,0.49,IE_KAL,1463.0,724.2,1270,634,1655,814,,,,,,Mostly Sunny,
2026-05-15 13:37:01,RPi_001,rpi_camera,3626,16,1,31.7,15.0,475,366,0.0475,0.0366,0.5,0.5,0.2500,0.5m x 0.5m,0.50,IE_KAL,1463.0,724.3,1270,634,1655,814,,,,,,Mostly Sunny,
2026-05-15 13:37:01,RPi_001,rpi_camera,3627,16,1,31.4,14.9,468,364,0.0468,0.0364,0.5,0.5,0.2500,0.5m x 0.5m,0.49,IE_KAL,1462.7,724.6,1269,634,1655,815,,,,,,Mostly Sunny,
2026-05-15 13:37:01,RPi_001,rpi_camera,3628,16,1,31.4,14.9,468,366,0.0468,0.0366,0.5,0.5,0.2500,0.5m x 0.5m,0.49,IE_KAL,1462.9,724.6,1270,634,1655,815,,,,,,Mostly Sunny,
2026-05-15 13:37:01,RPi_001,rpi_camera,3629,16,1,31.7,15.2,481,362,0.0481,0.0362,0.5,0.5,0.2500,0.5m x 0.5m,0.47,IE_KAL,1463.2,724.3,1270,633,1655,814,,,,,,Mostly Sunny,
2026-05-15 13:37:01,RPi_001,rpi_camera,3630,16,1,31.4,14.9,468,366,0.0468,0.0366,0.5,0.5,0.2500,0.5m x 0.5m,0.49,IE_KAL,1463.1,724.6,1270,634,1655,815,,,,,,Mostly Sunny,
2026-05-15 13:37:01,RPi_001,rpi_camera,3631,16,1,31.4,15.2,478,366,0.0478,0.0366,0.5,0.5,0.2500,0.5m x 0.5m,0.51,IE_KAL,1463.4,724.3,1270,633,1655,814,,,,,,Mostly Sunny,
2026-05-15 13:37:01,RPi_001,rpi_camera,3632,16,1,31.6,15.2,480,367,0.0480,0.0367,0.5,0.5,0.2500,0.5m x 0.5m,0.52,IE_KAL,1462.8,724.4,1270,633,1655,814,,,,,,Mostly Sunny,
2026-05-15 13:37:02,RPi_001,rpi_camera,3633,16,1,31.4,15.2,478,364,0.0478,0.0364,0.5,0.5,0.2500,0.5m x 0.5m,0.50,IE_KAL,1463.3,724.3,1270,633,1655,814,,,,,,Mostly Sunny,
2026-05-15 13:37:02,RPi_001,rpi_camera,3634,16,1,31.4,15.0,471,366,0.0471,0.0366,0.5,0.5,0.2500,0.5m x 0.5m,0.50,IE_KAL,1463.4,724.1,1270,634,1655,814,,,,,,Mostly Sunny,
2026-05-15 13:37:02,RPi_001,rpi_camera,3635,16,1,31.6,15.0,473,367,0.0473,0.0367,0.5,0.5,0.2500,0.5m x 0.5m,0.50,IE_KAL,1462.6,724.1,1270,633,1655,814,,,,,,Mostly Sunny,
2026-05-15 13:37:02,RPi_001,rpi_camera,3636,16,1,31.4,15.2,478,367,0.0478,0.0367,0.5,0.5,0.2500,0.5m x 0.5m,0.50,IE_KAL,1463.4,724.3,1270,633,1655,814,,,,,,Mostly Sunny,
2026-05-15 13:37:02,RPi_001,rpi_camera,3637,16,1,31.4,15.0,471,365,0.0471,0.0365,0.5,0.5,0.2500,0.5m x 0.5m,0.51,IE_KAL,1463.4,724.1,1270,634,1655,814,,,,,,Mostly Sunny,
2026-05-15 13:37:02,RPi_001,rpi_camera,3638,16,1,31.7,15.0,475,367,0.0475,0.0367,0.5,0.5,0.2500,0.5m x 0.5m,0.54,IE_KAL,1462.9,724.2,1270,634,1655,814,,,,,,Mostly Sunny,
2026-05-15 13:37:02,RPi_001,rpi_camera,3639,16,1,31.4,14.9,468,365,0.0468,0.0365,0.5,0.5,0.2500,0.5m x 0.5m,0.54,IE_KAL,1463.0,724.5,1270,634,1655,815,,,,,,Mostly Sunny,
2026-05-15 13:37:02,RPi_001,rpi_camera,3640,16,1,31.4,14.9,468,364,0.0468,0.0364,0.5,0.5,0.2500,0.5m x 0.5m,0.49,IE_KAL,1462.9,724.5,1270,634,1655,815,,,,,,Mostly Sunny,
2026-05-15 13:37:02,RPi_001,rpi_camera,3641,16,1,31.7,15.2,481,366,0.0481,0.0366,0.5,0.5,0.2500,0.5m x 0.5m,0.50,IE_KAL,1463.0,724.4,1270,633,1655,814,,,,,,Mostly Sunny,
2026-05-15 13:37:02,RPi_001,rpi_camera,3642,16,1,31.1,14.9,464,363,0.0464,0.0363,0.5,0.5,0.2500,0.5m x 0.5m,0.49,IE_KAL,1463.3,724.4,1270,633,1656,814,,,,,,Mostly Sunny,
2026-05-15 13:37:04,RPi_001,rpi_camera,3683,17,1,28.5,10.5,300,238,0.0300,0.0238,0.5,0.5,0.2500,0.5m x 0.5m,0.49,IE_KAL,1459.9,1030.5,1173,797,1746,1079,,,,,,Mostly Sunny,/home/pi/pothole_crops_20260515_133308/pothole_track17.jpg
2026-05-15 13:37:04,RPi_001,rpi_camera,3684,17,1,29.0,10.4,302,240,0.0302,0.0240,0.5,0.5,0.2500,0.5m x 0.5m,0.66,IE_KAL,1460.0,1030.5,1173,797,1746,1079,,,,,,Mostly Sunny,
2026-05-15 13:37:05,RPi_001,rpi_camera,3685,17,1,29.3,10.5,309,242,0.0309,0.0242,0.5,0.5,0.2500,0.5m x 0.5m,0.65,IE_KAL,1461.1,1030.2,1174,797,1747,1079,,,,,,Mostly Sunny,
2026-05-15 13:37:05,RPi_001,rpi_camera,3686,17,1,29.1,10.5,305,240,0.0305,0.0240,0.5,0.5,0.2500,0.5m x 0.5m,0.64,IE_KAL,1460.2,1031.0,1173,797,1747,1079,,,,,,Mostly Sunny,
2026-05-15 13:37:05,RPi_001,rpi_camera,3687,17,1,29.4,10.5,308,239,0.0308,0.0239,0.5,0.5,0.2500,0.5m x 0.5m,0.67,IE_KAL,1459.6,1030.9,1172,797,1746,1079,,,,,,Mostly Sunny,
2026-05-15 13:37:05,RPi_001,rpi_camera,3688,17,1,29.3,10.4,305,239,0.0305,0.0239,0.5,0.5,0.2500,0.5m x 0.5m,0.66,IE_KAL,1459.8,1030.4,1173,797,1746,1079,,,,,,Mostly Sunny,
2026-05-15 13:37:05,RPi_001,rpi_camera,3689,17,1,29.3,10.4,305,241,0.0305,0.0241,0.5,0.5,0.2500,0.5m x 0.5m,0.63,IE_KAL,1460.4,1030.3,1173,797,1747,1079,,,,,,Mostly Sunny,
2026-05-15 13:37:05,RPi_001,rpi_camera,3690,17,1,29.1,10.5,307,240,0.0307,0.0240,0.5,0.5,0.2500,0.5m x 0.5m,0.67,IE_KAL,1459.7,1030.2,1173,797,1746,1079,,,,,,Mostly Sunny,
2026-05-15 13:37:05,RPi_001,rpi_camera,3691,17,1,29.3,10.5,309,241,0.0309,0.0241,0.5,0.5,0.2500,0.5m x 0.5m,0.67,IE_KAL,1459.8,1030.2,1173,797,1746,1079,,,,,,Mostly Sunny,
2026-05-15 13:37:05,RPi_001,rpi_camera,3692,17,1,29.4,10.4,306,240,0.0306,0.0240,0.5,0.5,0.2500,0.5m x 0.5m,0.67,IE_KAL,1459.2,1030.3,1172,797,1745,1079,,,,,,Mostly Sunny,
2026-05-15 13:37:05,RPi_001,rpi_camera,3693,17,1,29.3,10.4,305,240,0.0305,0.0240,0.5,0.5,0.2500,0.5m x 0.5m,0.68,IE_KAL,1459.6,1030.5,1172,797,1746,1079,,,,,,Mostly Sunny,
2026-05-15 13:37:05,RPi_001,rpi_camera,3694,17,1,29.3,10.4,305,239,0.0305,0.0239,0.5,0.5,0.2500,0.5m x 0.5m,0.68,IE_KAL,1459.9,1030.4,1173,797,1746,1079,,,,,,Mostly Sunny,
2026-05-15 13:37:05,RPi_001,rpi_camera,3695,17,1,29.0,10.4,303,240,0.0303,0.0240,0.5,0.5,0.2500,0.5m x 0.5m,0.68,IE_KAL,1460.8,1030.4,1174,797,1747,1079,,,,,,Mostly Sunny,
2026-05-15 13:37:05,RPi_001,rpi_camera,3696,17,1,29.0,10.4,303,239,0.0303,0.0239,0.5,0.5,0.2500,0.5m x 0.5m,0.67,IE_KAL,1460.6,1030.4,1173,797,1747,1079,,,,,,Mostly Sunny,
2026-05-15 13:37:06,RPi_001,rpi_camera,3697,17,1,29.1,10.4,304,239,0.0304,0.0239,0.5,0.5,0.2500,0.5m x 0.5m,0.68,IE_KAL,1460.1,1030.6,1173,797,1746,1079,,,,,,Mostly Sunny,
2026-05-15 13:37:06,RPi_001,rpi_camera,3698,17,1,29.1,10.5,307,241,0.0307,0.0241,0.5,0.5,0.2500,0.5m x 0.5m,0.65,IE_KAL,1460.5,1030.3,1173,797,1747,1079,,,,,,Mostly Sunny,
2026-05-15 13:37:06,RPi_001,rpi_camera,3699,17,1,29.2,10.4,304,239,0.0304,0.0239,0.5,0.5,0.2500,0.5m x 0.5m,0.69,IE_KAL,1459.8,1030.7,1173,798,1746,1079,,,,,,Mostly Sunny,
2026-05-15 13:37:06,RPi_001,rpi_camera,3700,17,1,29.3,10.5,307,240,0.0307,0.0240,0.5,0.5,0.2500,0.5m x 0.5m,0.69,IE_KAL,1459.4,1030.9,1172,797,1746,1079,,,,,,Mostly Sunny,
2026-05-15 13:37:06,RPi_001,rpi_camera,3701,17,1,29.4,10.4,306,240,0.0306,0.0240,0.5,0.5,0.2500,0.5m x 0.5m,0.69,IE_KAL,1460.2,1030.6,1173,797,1746,1079,,,,,,Mostly Sunny,
2026-05-15 13:37:06,RPi_001,rpi_camera,3702,17,1,29.4,10.4,306,241,0.0306,0.0241,0.5,0.5,0.2500,0.5m x 0.5m,0.69,IE_KAL,1460.1,1030.5,1173,797,1746,1079,,,,,,Mostly Sunny,
2026-05-15 13:37:06,RPi_001,rpi_camera,3703,17,1,29.1,10.4,304,240,0.0304,0.0240,0.5,0.5,0.2500,0.5m x 0.5m,0.69,IE_KAL,1460.5,1030.6,1173,797,1747,1079,,,,,,Mostly Sunny,
2026-05-15 13:37:06,RPi_001,rpi_camera,3704,17,1,29.3,10.4,305,241,0.0305,0.0241,0.5,0.5,0.2500,0.5m x 0.5m,0.69,IE_KAL,1459.9,1030.6,1173,797,1746,1079,,,,,,Mostly Sunny,
2026-05-15 13:37:06,RPi_001,rpi_camera,3705,17,1,29.3,10.5,309,241,0.0309,0.0241,0.5,0.5,0.2500,0.5m x 0.5m,0.69,IE_KAL,1459.9,1030.5,1173,797,1746,1079,,,,,,Mostly Sunny,
2026-05-15 13:37:06,RPi_001,rpi_camera,3706,17,1,29.3,10.5,307,241,0.0307,0.0241,0.5,0.5,0.2500,0.5m x 0.5m,0.69,IE_KAL,1460.1,1030.9,1173,797,1747,1079,,,,,,Mostly Sunny,
2026-05-15 13:37:06,RPi_001,rpi_camera,3707,17,1,29.1,10.4,304,239,0.0304,0.0239,0.5,0.5,0.2500,0.5m x 0.5m,0.69,IE_KAL,1460.0,1030.7,1173,797,1746,1079,,,,,,Mostly Sunny,
2026-05-15 13:37:06,RPi_001,rpi_camera,3708,17,1,29.3,10.4,305,241,0.0305,0.0241,0.5,0.5,0.2500,0.5m x 0.5m,0.70,IE_KAL,1460.5,1030.7,1173,797,1747,1079,,,,,,Mostly Sunny,
2026-05-15 13:37:06,RPi_001,rpi_camera,3709,17,1,29.1,10.6,308,242,0.0308,0.0242,0.5,0.5,0.2500,0.5m x 0.5m,0.69,IE_KAL,1460.1,1031.1,1173,797,1747,1079,,,,,,Mostly Sunny,
2026-05-15 13:37:06,RPi_001,rpi_camera,3710,17,1,29.3,10.5,309,241,0.0309,0.0241,0.5,0.5,0.2500,0.5m x 0.5m,0.70,IE_KAL,1459.7,1030.5,1173,797,1746,1079,,,,,,Mostly Sunny,
2026-05-15 13:37:06,RPi_001,rpi_camera,3711,17,1,29.5,10.4,307,240,0.0307,0.0240,0.5,0.5,0.2500,0.5m x 0.5m,0.70,IE_KAL,1459.9,1030.6,1173,797,1746,1079,,,,,,Mostly Sunny,
2026-05-15 13:37:06,RPi_001,rpi_camera,3712,17,1,29.4,10.4,306,240,0.0306,0.0240,0.5,0.5,0.2500,0.5m x 0.5m,0.68,IE_KAL,1459.9,1030.5,1173,797,1746,1079,,,,,,Mostly Sunny,
2026-05-15 13:37:07,RPi_001,rpi_camera,3713,17,1,29.3,10.5,307,241,0.0307,0.0241,0.5,0.5,0.2500,0.5m x 0.5m,0.69,IE_KAL,1459.7,1030.9,1172,797,1746,1079,,,,,,Mostly Sunny,
2026-05-15 13:37:07,RPi_001,rpi_camera,3714,17,1,29.4,10.4,306,240,0.0306,0.0240,0.5,0.5,0.2500,0.5m x 0.5m,0.69,IE_KAL,1459.7,1030.7,1173,797,1746,1079,,,,,,Mostly Sunny,
2026-05-15 13:37:07,RPi_001,rpi_camera,3715,17,1,29.1,10.5,307,240,0.0307,0.0240,0.5,0.5,0.2500,0.5m x 0.5m,0.69,IE_KAL,1460.3,1030.6,1173,797,1746,1079,,,,,,Mostly Sunny,
2026-05-15 13:37:07,RPi_001,rpi_camera,3716,17,1,29.3,10.5,309,240,0.0309,0.0240,0.5,0.5,0.2500,0.5m x 0.5m,0.68,IE_KAL,1460.1,1030.6,1173,797,1746,1079,,,,,,Mostly Sunny,
2026-05-15 13:37:07,RPi_001,rpi_camera,3717,17,1,29.1,10.4,304,241,0.0304,0.0241,0.5,0.5,0.2500,0.5m x 0.5m,0.70,IE_KAL,1460.5,1030.5,1173,797,1747,1079,,,,,,Mostly Sunny,
2026-05-15 13:37:07,RPi_001,rpi_camera,3718,17,1,29.1,10.5,307,241,0.0307,0.0241,0.5,0.5,0.2500,0.5m x 0.5m,0.69,IE_KAL,1460.2,1030.4,1173,797,1746,1079,,,,,,Mostly Sunny,
2026-05-15 13:37:07,RPi_001,rpi_camera,3719,17,1,29.3,10.4,305,240,0.0305,0.0240,0.5,0.5,0.2500,0.5m x 0.5m,0.69,IE_KAL,1460.0,1030.6,1173,797,1746,1079,,,,,,Mostly Sunny,
2026-05-15 13:37:07,RPi_001,rpi_camera,3720,17,1,29.5,10.5,310,241,0.0310,0.0241,0.5,0.5,0.2500,0.5m x 0.5m,0.68,IE_KAL,1460.3,1030.5,1173,797,1746,1079,,,,,,Mostly Sunny,
2026-05-15 13:37:07,RPi_001,rpi_camera,3721,17,1,29.2,10.5,308,240,0.0308,0.0240,0.5,0.5,0.2500,0.5m x 0.5m,0.69,IE_KAL,1460.2,1030.4,1173,797,1746,1079,,,,,,Mostly Sunny,
2026-05-15 13:37:07,RPi_001,rpi_camera,3722,17,1,29.2,10.5,308,242,0.0308,0.0242,0.5,0.5,0.2500,0.5m x 0.5m,0.68,IE_KAL,1460.8,1030.4,1174,797,1747,1079,,,,,,Mostly Sunny,
2026-05-15 13:37:07,RPi_001,rpi_camera,3723,17,1,29.3,10.4,305,241,0.0305,0.0241,0.5,0.5,0.2500,0.5m x 0.5m,0.69,IE_KAL,1460.2,1030.5,1173,797,1746,1079,,,,,,Mostly Sunny,
2026-05-15 13:37:07,RPi_001,rpi_camera,3724,17,1,29.1,10.6,308,241,0.0308,0.0241,0.5,0.5,0.2500,0.5m x 0.5m,0.68,IE_KAL,1460.3,1030.9,1173,797,1746,1079,,,,,,Mostly Sunny,
2026-05-15 13:37:08,RPi_001,rpi_camera,3725,17,1,29.3,10.6,311,242,0.0311,0.0242,0.5,0.5,0.2500,0.5m x 0.5m,0.69,IE_KAL,1459.8,1031.3,1172,797,1746,1079,,,,,,Mostly Sunny,
2026-05-15 13:37:08,RPi_001,rpi_camera,3726,17,1,29.3,10.4,305,241,0.0305,0.0241,0.5,0.5,0.2500,0.5m x 0.5m,0.69,IE_KAL,1460.8,1030.5,1174,797,1747,1079,,,,,,Mostly Sunny,
2026-05-15 13:37:08,RPi_001,rpi_camera,3727,17,1,29.1,10.4,304,240,0.0304,0.0240,0.5,0.5,0.2500,0.5m x 0.5m,0.69,IE_KAL,1460.2,1030.5,1173,797,1746,1079,,,,,,Mostly Sunny,
2026-05-15 13:37:08,RPi_001,rpi_camera,3728,17,1,29.3,10.4,305,240,0.0305,0.0240,0.5,0.5,0.2500,0.5m x 0.5m,0.69,IE_KAL,1460.4,1030.5,1173,797,1747,1079,,,,,,Mostly Sunny,
2026-05-15 13:37:08,RPi_001,rpi_camera,3729,17,1,29.3,10.4,305,241,0.0305,0.0241,0.5,0.5,0.2500,0.5m x 0.5m,0.70,IE_KAL,1460.5,1030.5,1173,797,1747,1079,,,,,,Mostly Sunny,
2026-05-15 13:37:08,RPi_001,rpi_camera,3730,17,1,29.3,10.4,305,239,0.0305,0.0239,0.5,0.5,0.2500,0.5m x 0.5m,0.69,IE_KAL,1459.7,1030.6,1173,797,1746,1079,,,,,,Mostly Sunny,
2026-05-15 13:37:08,RPi_001,rpi_camera,3731,17,1,29.3,10.5,309,241,0.0309,0.0241,0.5,0.5,0.2500,0.5m x 0.5m,0.69,IE_KAL,1460.3,1030.4,1173,797,1746,1079,,,,,,Mostly Sunny,
2026-05-15 13:37:08,RPi_001,rpi_camera,3732,17,1,29.1,10.4,304,241,0.0304,0.0241,0.5,0.5,0.2500,0.5m x 0.5m,0.70,IE_KAL,1460.4,1030.5,1173,797,1747,1079,,,,,,Mostly Sunny,
2026-05-15 13:37:08,RPi_001,rpi_camera,3733,17,1,29.1,10.4,304,239,0.0304,0.0239,0.5,0.5,0.2500,0.5m x 0.5m,0.68,IE_KAL,1460.4,1030.6,1173,797,1747,1079,,,,,,Mostly Sunny,
2026-05-15 13:37:08,RPi_001,rpi_camera,3734,17,1,29.1,10.4,304,240,0.0304,0.0240,0.5,0.5,0.2500,0.5m x 0.5m,0.70,IE_KAL,1460.2,1030.6,1173,797,1746,1079,,,,,,Mostly Sunny,
2026-05-15 13:37:08,RPi_001,rpi_camera,3735,17,1,29.3,10.7,313,242,0.0313,0.0242,0.5,0.5,0.2500,0.5m x 0.5m,0.69,IE_KAL,1460.1,1031.1,1172,797,1747,1079,,,,,,Mostly Sunny,
2026-05-15 13:37:08,RPi_001,rpi_camera,3736,17,1,29.3,10.5,309,241,0.0309,0.0241,0.5,0.5,0.2500,0.5m x 0.5m,0.69,IE_KAL,1460.2,1030.5,1173,797,1746,1079,,,,,,Mostly Sunny,
2026-05-15 13:37:08,RPi_001,rpi_camera,3737,17,1,29.3,10.5,309,241,0.0309,0.0241,0.5,0.5,0.2500,0.5m x 0.5m,0.70,IE_KAL,1460.7,1030.5,1174,797,1747,1079,,,,,,Mostly Sunny,
2026-05-15 13:37:08,RPi_001,rpi_camera,3738,17,1,29.1,10.5,307,240,0.0307,0.0240,0.5,0.5,0.2500,0.5m x 0.5m,0.70,IE_KAL,1460.4,1030.5,1173,797,1747,1079,,,,,,Mostly Sunny,
2026-05-15 13:37:08,RPi_001,rpi_camera,3739,17,1,29.2,10.5,308,241,0.0308,0.0241,0.5,0.5,0.2500,0.5m x 0.5m,0.69,IE_KAL,1460.6,1030.5,1173,797,1747,1079,,,,,,Mostly Sunny,
2026-05-15 13:37:08,RPi_001,rpi_camera,3740,17,1,29.3,10.4,305,241,0.0305,0.0241,0.5,0.5,0.2500,0.5m x 0.5m,0.69,IE_KAL,1460.1,1030.6,1173,797,1746,1079,,,,,,Mostly Sunny,
2026-05-15 13:37:09,RPi_001,rpi_camera,3741,17,1,29.3,10.4,305,240,0.0305,0.0240,0.5,0.5,0.2500,0.5m x 0.5m,0.68,IE_KAL,1460.4,1030.6,1173,797,1747,1079,,,,,,Mostly Sunny,
2026-05-15 13:37:09,RPi_001,rpi_camera,3742,17,1,29.2,10.4,304,240,0.0304,0.0240,0.5,0.5,0.2500,0.5m x 0.5m,0.70,IE_KAL,1460.2,1030.6,1173,797,1746,1079,,,,,,Mostly Sunny,
2026-05-15 13:37:09,RPi_001,rpi_camera,3743,17,1,29.3,10.4,305,240,0.0305,0.0240,0.5,0.5,0.2500,0.5m x 0.5m,0.69,IE_KAL,1460.7,1030.6,1174,797,1747,1079,,,,,,Mostly Sunny,
2026-05-15 13:37:09,RPi_001,rpi_camera,3744,17,1,29.5,10.4,307,241,0.0307,0.0241,0.5,0.5,0.2500,0.5m x 0.5m,0.69,IE_KAL,1460.2,1030.7,1173,797,1746,1079,,,,,,Mostly Sunny,
2026-05-15 13:37:09,RPi_001,rpi_camera,3745,17,1,29.2,10.5,308,241,0.0308,0.0241,0.5,0.5,0.2500,0.5m x 0.5m,0.69,IE_KAL,1460.6,1030.4,1173,797,1747,1079,,,,,,Mostly Sunny,
2026-05-15 13:37:09,RPi_001,rpi_camera,3746,17,1,29.0,10.4,303,240,0.0303,0.0240,0.5,0.5,0.2500,0.5m x 0.5m,0.70,IE_KAL,1460.5,1030.7,1173,797,1747,1079,,,,,,Mostly Sunny,
2026-05-15 13:37:09,RPi_001,rpi_camera,3747,17,1,29.2,10.6,309,242,0.0309,0.0242,0.5,0.5,0.2500,0.5m x 0.5m,0.69,IE_KAL,1460.4,1031.2,1173,797,1747,1079,,,,,,Mostly Sunny,
2026-05-15 13:37:09,RPi_001,rpi_camera,3748,17,1,29.1,10.7,311,243,0.0311,0.0243,0.5,0.5,0.2500,0.5m x 0.5m,0.68,IE_KAL,1460.7,1031.1,1173,797,1747,1079,,,,,,Mostly Sunny,
2026-05-15 13:37:09,RPi_001,rpi_camera,3749,17,1,29.2,10.4,304,241,0.0304,0.0241,0.5,0.5,0.2500,0.5m x 0.5m,0.69,IE_KAL,1460.4,1030.6,1173,797,1747,1079,,,,,,Mostly Sunny,
2026-05-15 13:37:09,RPi_001,rpi_camera,3750,17,1,29.1,10.5,307,241,0.0307,0.0241,0.5,0.5,0.2500,0.5m x 0.5m,0.70,IE_KAL,1460.7,1030.5,1174,797,1747,1079,,,,,,Mostly Sunny,
2026-05-15 13:37:09,RPi_001,rpi_camera,3751,17,1,29.1,10.4,304,239,0.0304,0.0239,0.5,0.5,0.2500,0.5m x 0.5m,0.69,IE_KAL,1459.8,1030.5,1173,797,1746,1079,,,,,,Mostly Sunny,
2026-05-15 13:37:09,RPi_001,rpi_camera,3752,17,1,29.4,10.4,306,241,0.0306,0.0241,0.5,0.5,0.2500,0.5m x 0.5m,0.70,IE_KAL,1460.1,1030.5,1173,797,1746,1079,,,,,,Mostly Sunny,
2026-05-15 13:37:10,RPi_001,rpi_camera,3753,17,1,29.5,10.4,307,242,0.0307,0.0242,0.5,0.5,0.2500,0.5m x 0.5m,0.70,IE_KAL,1460.5,1030.5,1173,797,1747,1079,,,,,,Mostly Sunny,
2026-05-15 13:37:10,RPi_001,rpi_camera,3754,17,1,29.4,10.4,306,240,0.0306,0.0240,0.5,0.5,0.2500,0.5m x 0.5m,0.69,IE_KAL,1460.4,1030.6,1173,797,1747,1079,,,,,,Mostly Sunny,
2026-05-15 13:37:10,RPi_001,rpi_camera,3755,17,1,29.2,10.5,306,240,0.0306,0.0240,0.5,0.5,0.2500,0.5m x 0.5m,0.69,IE_KAL,1460.5,1031.0,1173,797,1747,1079,,,,,,Mostly Sunny,
2026-05-15 13:37:10,RPi_001,rpi_camera,3756,17,1,29.3,10.5,309,241,0.0309,0.0241,0.5,0.5,0.2500,0.5m x 0.5m,0.69,IE_KAL,1460.7,1030.5,1174,797,1747,1079,,,,,,Mostly Sunny,
2026-05-15 13:37:10,RPi_001,rpi_camera,3757,17,1,29.3,10.4,305,239,0.0305,0.0239,0.5,0.5,0.2500,0.5m x 0.5m,0.68,IE_KAL,1459.7,1030.6,1173,797,1746,1079,,,,,,Mostly Sunny,
2026-05-15 13:37:10,RPi_001,rpi_camera,3758,17,1,29.3,10.4,305,240,0.0305,0.0240,0.5,0.5,0.2500,0.5m x 0.5m,0.69,IE_KAL,1459.7,1030.6,1173,797,1746,1079,,,,,,Mostly Sunny,
2026-05-15 13:37:10,RPi_001,rpi_camera,3759,17,1,29.1,10.5,307,240,0.0307,0.0240,0.5,0.5,0.2500,0.5m x 0.5m,0.69,IE_KAL,1459.6,1030.4,1172,797,1746,1079,,,,,,Mostly Sunny,
2026-05-15 13:37:10,RPi_001,rpi_camera,3760,17,1,29.3,10.4,305,239,0.0305,0.0239,0.5,0.5,0.2500,0.5m x 0.5m,0.69,IE_KAL,1459.7,1030.7,1173,798,1746,1079,,,,,,Mostly Sunny,
2026-05-15 13:37:10,RPi_001,rpi_camera,3761,17,1,29.0,10.4,302,237,0.0302,0.0237,0.5,0.5,0.2500,0.5m x 0.5m,0.69,IE_KAL,1459.8,1030.7,1173,798,1746,1079,,,,,,Mostly Sunny,
2026-05-15 13:37:10,RPi_001,rpi_camera,3762,17,1,29.5,10.4,307,241,0.0307,0.0241,0.5,0.5,0.2500,0.5m x 0.5m,0.69,IE_KAL,1460.1,1030.6,1173,797,1746,1079,,,,,,Mostly Sunny,
2026-05-15 13:37:10,RPi_001,rpi_camera,3763,17,1,29.3,10.4,305,240,0.0305,0.0240,0.5,0.5,0.2500,0.5m x 0.5m,0.69,IE_KAL,1460.1,1030.7,1173,798,1746,1079,,,,,,Mostly Sunny,
2026-05-15 13:37:10,RPi_001,rpi_camera,3764,17,1,29.1,10.5,307,239,0.0307,0.0239,0.5,0.5,0.2500,0.5m x 0.5m,0.69,IE_KAL,1460.2,1030.4,1173,797,1746,1079,,,,,,Mostly Sunny,
2026-05-15 13:37:10,RPi_001,rpi_camera,3765,17,1,29.1,10.5,307,240,0.0307,0.0240,0.5,0.5,0.2500,0.5m x 0.5m,0.68,IE_KAL,1459.9,1030.3,1173,797,1746,1079,,,,,,Mostly Sunny,
2026-05-15 13:37:10,RPi_001,rpi_camera,3766,17,1,29.3,10.4,305,240,0.0305,0.0240,0.5,0.5,0.2500,0.5m x 0.5m,0.71,IE_KAL,1459.8,1030.7,1173,798,1746,1079,,,,,,Mostly Sunny,
2026-05-15 13:37:10,RPi_001,rpi_camera,3767,17,1,29.3,10.5,309,241,0.0309,0.0241,0.5,0.5,0.2500,0.5m x 0.5m,0.69,IE_KAL,1460.4,1030.4,1173,797,1747,1079,,,,,,Mostly Sunny,
2026-05-15 13:37:10,RPi_001,rpi_camera,3768,17,1,29.5,10.4,307,241,0.0307,0.0241,0.5,0.5,0.2500,0.5m x 0.5m,0.70,IE_KAL,1460.4,1030.7,1173,798,1747,1079,,,,,,Mostly Sunny,
2026-05-15 13:37:11,RPi_001,rpi_camera,3769,17,1,29.3,10.4,305,240,0.0305,0.0240,0.5,0.5,0.2500,0.5m x 0.5m,0.61,IE_KAL,1459.4,1030.3,1172,797,1746,1079,,,,,,Mostly Sunny,
2026-05-15 13:37:11,RPi_001,rpi_camera,3770,17,1,28.9,10.5,303,239,0.0303,0.0239,0.5,0.5,0.2500,0.5m x 0.5m,0.39,IE_KAL,1459.5,1029.8,1173,798,1745,1079,,,,,,Mostly Sunny,
2026-05-15 13:37:11,RPi_001,rpi_camera,3771,17,1,28.7,10.5,301,236,0.0301,0.0236,0.5,0.5,0.2500,0.5m x 0.5m,0.39,IE_KAL,1459.1,1029.7,1172,798,1745,1079,,,,,,Mostly Sunny,
2026-05-15 13:37:11,RPi_001,rpi_camera,3772,17,1,28.9,10.5,303,237,0.0303,0.0237,0.5,0.5,0.2500,0.5m x 0.5m,0.35,IE_KAL,1458.5,1029.7,1172,798,1744,1079,,,,,,Mostly Sunny,
2026-05-15 13:37:11,RPi_001,rpi_camera,3774,17,1,29.0,10.4,302,236,0.0302,0.0236,0.5,0.5,0.2500,0.5m x 0.5m,0.52,IE_KAL,1458.8,1030.3,1172,797,1745,1079,,,,,,Mostly Sunny,
2026-05-15 13:37:11,RPi_001,rpi_camera,3777,17,1,28.6,10.4,298,234,0.0298,0.0234,0.5,0.5,0.2500,0.5m x 0.5m,0.42,IE_KAL,1457.4,1031.0,1170,798,1744,1079,,,,,,Mostly Sunny,
2026-05-15 13:37:11,RPi_001,rpi_camera,3778,17,1,28.7,10.5,301,234,0.0301,0.0234,0.5,0.5,0.2500,0.5m x 0.5m,0.59,IE_KAL,1456.9,1030.8,1169,797,1743,1079,,,,,,Mostly Sunny,
2026-05-15 13:37:11,RPi_001,rpi_camera,3779,17,1,28.8,10.4,300,232,0.0300,0.0232,0.5,0.5,0.2500,0.5m x 0.5m,0.64,IE_KAL,1458.1,1031.5,1171,798,1744,1079,,,,,,Mostly Sunny,
2026-05-15 13:37:11,RPi_001,rpi_camera,3780,17,1,28.5,10.6,302,231,0.0302,0.0231,0.5,0.5,0.2500,0.5m x 0.5m,0.53,IE_KAL,1457.7,1031.7,1171,797,1744,1079,,,,,,Mostly Sunny,
2026-05-15 13:37:12,RPi_001,rpi_camera,3781,17,1,28.5,10.5,300,231,0.0300,0.0231,0.5,0.5,0.2500,0.5m x 0.5m,0.59,IE_KAL,1457.2,1031.1,1170,798,1743,1079,,,,,,Mostly Sunny,
2026-05-15 13:37:30,RPi_001,rpi_camera,4096,18,1,87.1,189.1,16477,14770,1.6477,1.4770,1.0,2.0,2.0000,1.0m x 2.0m,0.42,IE_KAL,1017.7,93.2,832,0,1202,196,,,,,,Mostly Sunny,/home/pi/pothole_crops_20260515_133308/pothole_track18.jpg
2026-05-15 13:37:30,RPi_001,rpi_camera,4097,18,1,86.3,189.1,16324,14902,1.6324,1.4902,1.0,2.0,2.0000,1.0m x 2.0m,0.43,IE_KAL,1015.0,92.9,830,0,1199,195,,,,,,Mostly Sunny,
2026-05-15 13:37:30,RPi_001,rpi_camera,4098,18,1,88.2,188.4,16618,15201,1.6618,1.5201,1.0,2.0,2.0000,1.0m x 2.0m,0.48,IE_KAL,1018.2,92.7,833,0,1202,195,,,,,,Mostly Sunny,
2026-05-15 13:38:35,RPi_001,rpi_camera,5216,19,1,22.7,47.3,1073,799,0.1073,0.0799,0.5,0.5,0.2500,0.5m x 0.5m,0.59,IE_KAL,609.8,217.1,507,189,712,244,,,,,,Mostly Sunny,/home/pi/pothole_crops_20260515_133308/pothole_track19.jpg
2026-05-15 13:38:35,RPi_001,rpi_camera,5217,19,1,22.4,44.6,999,804,0.0999,0.0804,0.5,0.5,0.2500,0.5m x 0.5m,0.43,IE_KAL,609.5,220.4,506,192,712,247,,,,,,Mostly Sunny,
2026-05-15 13:39:09,RPi_001,rpi_camera,5815,20,1,34.2,19.7,673,480,0.0673,0.0480,0.5,0.5,0.2500,0.5m x 0.5m,0.44,IE_KAL,878.3,994.8,608,761,1148,1079,,,,,,Mostly Sunny,/home/pi/pothole_crops_20260515_133308/pothole_track20.jpg
2026-05-15 13:39:09,RPi_001,rpi_camera,5816,20,1,34.3,19.7,675,489,0.0675,0.0489,0.5,0.5,0.2500,0.5m x 0.5m,0.60,IE_KAL,883.4,993.5,613,759,1153,1079,,,,,,Mostly Sunny,
2026-05-15 13:39:09,RPi_001,rpi_camera,5817,20,1,34.3,19.6,671,478,0.0671,0.0478,0.5,0.5,0.2500,0.5m x 0.5m,0.60,IE_KAL,879.0,995.6,609,761,1148,1079,,,,,,Mostly Sunny,
2026-05-15 13:39:09,RPi_001,rpi_camera,5818,20,1,34.3,19.6,671,487,0.0671,0.0487,0.5,0.5,0.2500,0.5m x 0.5m,0.55,IE_KAL,882.5,993.6,612,759,1152,1079,,,,,,Mostly Sunny,
2026-05-15 13:39:09,RPi_001,rpi_camera,5819,20,1,34.3,19.6,671,473,0.0671,0.0473,0.5,0.5,0.2500,0.5m x 0.5m,0.52,IE_KAL,877.7,996.1,607,762,1147,1079,,,,,,Mostly Sunny,
2026-05-15 13:39:09,RPi_001,rpi_camera,5820,20,1,34.9,19.6,684,494,0.0684,0.0494,0.5,0.5,0.2500,0.5m x 0.5m,0.66,IE_KAL,882.0,993.6,612,759,1151,1079,,,,,,Mostly Sunny,
2026-05-15 13:39:10,RPi_001,rpi_camera,5821,20,1,34.3,19.6,671,474,0.0671,0.0474,0.5,0.5,0.2500,0.5m x 0.5m,0.50,IE_KAL,878.1,996.1,608,762,1147,1079,,,,,,Mostly Sunny,
2026-05-15 13:39:10,RPi_001,rpi_camera,5822,20,1,34.9,19.4,675,491,0.0675,0.0491,0.5,0.5,0.2500,0.5m x 0.5m,0.59,IE_KAL,881.9,994.3,611,760,1152,1079,,,,,,Mostly Sunny,
2026-05-15 13:39:10,RPi_001,rpi_camera,5823,20,1,34.6,19.1,661,480,0.0661,0.0480,0.5,0.5,0.2500,0.5m x 0.5m,0.45,IE_KAL,878.5,995.8,608,763,1149,1079,,,,,,Mostly Sunny,
2026-05-15 13:39:10,RPi_001,rpi_camera,5824,20,1,34.2,19.4,663,467,0.0663,0.0467,0.5,0.5,0.2500,0.5m x 0.5m,0.47,IE_KAL,877.5,997.0,607,763,1147,1079,,,,,,Mostly Sunny,
2026-05-15 13:39:10,RPi_001,rpi_camera,5825,20,1,34.2,19.4,663,464,0.0663,0.0464,0.5,0.5,0.2500,0.5m x 0.5m,0.49,IE_KAL,876.9,997.0,606,763,1146,1079,,,,,,Mostly Sunny,
2026-05-15 13:39:10,RPi_001,rpi_camera,5826,20,1,34.9,19.7,687,483,0.0687,0.0483,0.5,0.5,0.2500,0.5m x 0.5m,0.49,IE_KAL,879.2,995.7,609,761,1148,1079,,,,,,Mostly Sunny,
2026-05-15 13:39:10,RPi_001,rpi_camera,5827,20,1,34.9,19.7,687,485,0.0687,0.0485,0.5,0.5,0.2500,0.5m x 0.5m,0.52,IE_KAL,879.0,995.3,609,761,1148,1079,,,,,,Mostly Sunny,
2026-05-15 13:39:10,RPi_001,rpi_camera,5828,20,1,34.9,19.7,687,491,0.0687,0.0491,0.5,0.5,0.2500,0.5m x 0.5m,0.60,IE_KAL,880.7,994.7,610,760,1150,1079,,,,,,Mostly Sunny,
2026-05-15 13:39:10,RPi_001,rpi_camera,5829,20,1,34.9,19.7,687,494,0.0687,0.0494,0.5,0.5,0.2500,0.5m x 0.5m,0.58,IE_KAL,881.7,993.4,611,759,1151,1079,,,,,,Mostly Sunny,
2026-05-15 13:39:10,RPi_001,rpi_camera,5830,20,1,34.9,19.7,687,498,0.0687,0.0498,0.5,0.5,0.2500,0.5m x 0.5m,0.49,IE_KAL,882.9,993.5,613,759,1152,1079,,,,,,Mostly Sunny,
2026-05-15 13:39:10,RPi_001,rpi_camera,5831,20,1,34.2,19.4,663,490,0.0663,0.0490,0.5,0.5,0.2500,0.5m x 0.5m,0.46,IE_KAL,883.2,993.9,613,760,1153,1079,,,,,,Mostly Sunny,
2026-05-15 13:39:10,RPi_001,rpi_camera,5832,20,1,35.7,19.7,702,493,0.0702,0.0493,0.5,0.5,0.2500,0.5m x 0.5m,0.58,IE_KAL,879.1,994.4,609,760,1148,1079,,,,,,Mostly Sunny,
2026-05-15 13:39:11,RPi_001,rpi_camera,5833,20,1,34.2,19.4,663,480,0.0663,0.0480,0.5,0.5,0.2500,0.5m x 0.5m,0.53,IE_KAL,880.0,995.1,609,761,1150,1079,,,,,,Mostly Sunny,
2026-05-15 13:39:11,RPi_001,rpi_camera,5834,20,1,34.9,19.4,675,491,0.0675,0.0491,0.5,0.5,0.2500,0.5m x 0.5m,0.54,IE_KAL,881.2,994.6,611,760,1151,1079,,,,,,Mostly Sunny,
2026-05-15 13:39:11,RPi_001,rpi_camera,5835,20,1,35.6,19.4,690,499,0.0690,0.0499,0.5,0.5,0.2500,0.5m x 0.5m,0.54,IE_KAL,881.5,993.2,611,759,1151,1079,,,,,,Mostly Sunny,
2026-05-15 13:39:11,RPi_001,rpi_camera,5836,20,1,34.2,19.4,663,489,0.0663,0.0489,0.5,0.5,0.2500,0.5m x 0.5m,0.48,IE_KAL,883.1,993.5,612,759,1153,1079,,,,,,Mostly Sunny,
2026-05-15 13:39:11,RPi_001,rpi_camera,5837,20,1,34.9,19.7,687,503,0.0687,0.0503,0.5,0.5,0.2500,0.5m x 0.5m,0.58,IE_KAL,883.0,993.0,613,759,1152,1079,,,,,,Mostly Sunny,
2026-05-15 13:39:11,RPi_001,rpi_camera,5838,20,1,34.2,19.4,663,471,0.0663,0.0471,0.5,0.5,0.2500,0.5m x 0.5m,0.45,IE_KAL,878.1,995.8,607,761,1148,1079,,,,,,Mostly Sunny,
2026-05-15 13:39:11,RPi_001,rpi_camera,5839,20,1,34.9,19.4,675,482,0.0675,0.0482,0.5,0.5,0.2500,0.5m x 0.5m,0.42,IE_KAL,879.3,995.2,609,761,1149,1079,,,,,,Mostly Sunny,
2026-05-15 13:39:11,RPi_001,rpi_camera,5840,20,1,34.9,19.4,675,492,0.0675,0.0492,0.5,0.5,0.2500,0.5m x 0.5m,0.51,IE_KAL,881.0,994.4,610,760,1151,1079,,,,,,Mostly Sunny,
2026-05-15 13:39:11,RPi_001,rpi_camera,5841,20,1,34.3,19.4,665,470,0.0665,0.0470,0.5,0.5,0.2500,0.5m x 0.5m,0.40,IE_KAL,878.2,996.0,608,762,1148,1079,,,,,,Mostly Sunny,
2026-05-15 13:39:11,RPi_001,rpi_camera,5842,20,1,34.2,19.4,663,481,0.0663,0.0481,0.5,0.5,0.2500,0.5m x 0.5m,0.45,IE_KAL,880.2,995.0,610,761,1150,1079,,,,,,Mostly Sunny,
2026-05-15 13:39:11,RPi_001,rpi_camera,5844,20,1,34.2,19.4,663,470,0.0663,0.0470,0.5,0.5,0.2500,0.5m x 0.5m,0.40,IE_KAL,878.0,996.2,607,762,1148,1079,,,,,,Mostly Sunny,
2026-05-15 13:39:12,RPi_001,rpi_camera,5845,20,1,34.2,19.4,663,473,0.0663,0.0473,0.5,0.5,0.2500,0.5m x 0.5m,0.38,IE_KAL,878.5,995.8,608,762,1148,1079,,,,,,Mostly Sunny,
2026-05-15 13:39:12,RPi_001,rpi_camera,5846,20,1,34.9,19.4,675,481,0.0675,0.0481,0.5,0.5,0.2500,0.5m x 0.5m,0.44,IE_KAL,879.1,995.4,608,761,1149,1079,,,,,,Mostly Sunny,
2026-05-15 13:39:12,RPi_001,rpi_camera,5847,20,1,34.9,19.4,675,488,0.0675,0.0488,0.5,0.5,0.2500,0.5m x 0.5m,0.48,IE_KAL,880.7,994.6,610,760,1150,1079,,,,,,Mostly Sunny,
2026-05-15 13:39:12,RPi_001,rpi_camera,5848,20,1,34.9,19.4,675,487,0.0675,0.0487,0.5,0.5,0.2500,0.5m x 0.5m,0.45,IE_KAL,879.9,994.5,609,760,1150,1079,,,,,,Mostly Sunny,
2026-05-15 13:39:12,RPi_001,rpi_camera,5849,20,1,34.9,19.7,687,498,0.0687,0.0498,0.5,0.5,0.2500,0.5m x 0.5m,0.47,IE_KAL,881.8,992.7,612,758,1151,1079,,,,,,Mostly Sunny,
2026-05-15 13:39:12,RPi_001,rpi_camera,5850,20,1,34.2,19.4,663,477,0.0663,0.0477,0.5,0.5,0.2500,0.5m x 0.5m,0.44,IE_KAL,879.4,995.2,609,761,1149,1079,,,,,,Mostly Sunny,
2026-05-15 13:39:12,RPi_001,rpi_camera,5851,20,1,34.2,19.4,663,477,0.0663,0.0477,0.5,0.5,0.2500,0.5m x 0.5m,0.46,IE_KAL,879.9,995.2,609,761,1149,1079,,,,,,Mostly Sunny,
2026-05-15 13:39:12,RPi_001,rpi_camera,5852,20,1,34.2,19.4,663,489,0.0663,0.0489,0.5,0.5,0.2500,0.5m x 0.5m,0.53,IE_KAL,882.7,993.2,612,759,1152,1079,,,,,,Mostly Sunny,
2026-05-15 13:39:12,RPi_001,rpi_camera,5853,20,1,34.3,19.4,665,486,0.0665,0.0486,0.5,0.5,0.2500,0.5m x 0.5m,0.42,IE_KAL,882.5,993.4,612,759,1152,1079,,,,,,Mostly Sunny,
2026-05-15 13:39:12,RPi_001,rpi_camera,5854,20,1,35.6,19.4,690,503,0.0690,0.0503,0.5,0.5,0.2500,0.5m x 0.5m,0.49,IE_KAL,881.7,993.1,611,759,1151,1079,,,,,,Mostly Sunny,
2026-05-15 13:39:12,RPi_001,rpi_camera,5855,20,1,34.2,19.4,663,471,0.0663,0.0471,0.5,0.5,0.2500,0.5m x 0.5m,0.43,IE_KAL,878.4,995.7,608,761,1148,1079,,,,,,Mostly Sunny,
2026-05-15 13:39:12,RPi_001,rpi_camera,5856,20,1,34.5,19.3,668,498,0.0668,0.0498,0.5,0.5,0.2500,0.5m x 0.5m,0.40,IE_KAL,883.0,992.8,612,760,1153,1079,,,,,,Mostly Sunny,
2026-05-15 13:39:12,RPi_001,rpi_camera,5857,20,1,34.9,19.4,675,495,0.0675,0.0495,0.5,0.5,0.2500,0.5m x 0.5m,0.46,IE_KAL,882.1,993.3,611,759,1152,1079,,,,,,Mostly Sunny,
2026-05-15 13:39:12,RPi_001,rpi_camera,5858,20,1,34.9,19.4,675,494,0.0675,0.0494,0.5,0.5,0.2500,0.5m x 0.5m,0.46,IE_KAL,882.7,993.7,612,759,1152,1079,,,,,,Mostly Sunny,
2026-05-15 13:39:12,RPi_001,rpi_camera,5859,20,1,34.7,19.2,667,504,0.0667,0.0504,0.5,0.5,0.2500,0.5m x 0.5m,0.41,IE_KAL,883.8,992.8,613,760,1153,1079,,,,,,Mostly Sunny,
2026-05-15 13:39:12,RPi_001,rpi_camera,5860,20,1,35.6,19.4,690,500,0.0690,0.0500,0.5,0.5,0.2500,0.5m x 0.5m,0.57,IE_KAL,881.8,993.3,611,759,1151,1079,,,,,,Mostly Sunny,
2026-05-15 13:39:13,RPi_001,rpi_camera,5861,20,1,34.9,19.4,675,498,0.0675,0.0498,0.5,0.5,0.2500,0.5m x 0.5m,0.57,IE_KAL,882.7,993.2,612,759,1152,1079,,,,,,Mostly Sunny,
2026-05-15 13:39:13,RPi_001,rpi_camera,5862,20,1,34.9,19.4,675,497,0.0675,0.0497,0.5,0.5,0.2500,0.5m x 0.5m,0.52,IE_KAL,882.2,993.3,612,759,1152,1079,,,,,,Mostly Sunny,
2026-05-15 13:39:13,RPi_001,rpi_camera,5863,20,1,34.9,19.4,675,488,0.0675,0.0488,0.5,0.5,0.2500,0.5m x 0.5m,0.49,IE_KAL,879.9,994.3,609,760,1150,1079,,,,,,Mostly Sunny,
2026-05-15 13:39:13,RPi_001,rpi_camera,5864,20,1,34.2,19.4,663,469,0.0663,0.0469,0.5,0.5,0.2500,0.5m x 0.5m,0.40,IE_KAL,877.7,996.1,607,762,1147,1079,,,,,,Mostly Sunny,
2026-05-15 13:39:13,RPi_001,rpi_camera,5865,20,1,34.4,19.7,677,499,0.0677,0.0499,0.5,0.5,0.2500,0.5m x 0.5m,0.58,IE_KAL,883.2,992.7,613,758,1152,1079,,,,,,Mostly Sunny,
2026-05-15 13:39:13,RPi_001,rpi_camera,5866,20,1,34.9,19.4,675,494,0.0675,0.0494,0.5,0.5,0.2500,0.5m x 0.5m,0.48,IE_KAL,881.9,993.1,611,759,1151,1079,,,,,,Mostly Sunny,
2026-05-15 13:39:13,RPi_001,rpi_camera,5867,20,1,34.9,19.4,675,483,0.0675,0.0483,0.5,0.5,0.2500,0.5m x 0.5m,0.53,IE_KAL,879.7,995.1,609,761,1149,1079,,,,,,Mostly Sunny,
2026-05-15 13:39:13,RPi_001,rpi_camera,5868,20,1,34.2,19.4,663,488,0.0663,0.0488,0.5,0.5,0.2500,0.5m x 0.5m,0.44,IE_KAL,882.8,993.4,612,759,1152,1079,,,,,,Mostly Sunny,
2026-05-15 13:39:13,RPi_001,rpi_camera,5869,20,1,34.2,19.4,663,481,0.0663,0.0481,0.5,0.5,0.2500,0.5m x 0.5m,0.42,IE_KAL,880.3,994.4,610,760,1150,1079,,,,,,Mostly Sunny,
2026-05-15 13:39:13,RPi_001,rpi_camera,5870,20,1,34.9,19.7,687,491,0.0687,0.0491,0.5,0.5,0.2500,0.5m x 0.5m,0.56,IE_KAL,881.6,993.3,611,759,1151,1079,,,,,,Mostly Sunny,
2026-05-15 13:39:13,RPi_001,rpi_camera,5871,20,1,34.9,19.4,675,491,0.0675,0.0491,0.5,0.5,0.2500,0.5m x 0.5m,0.54,IE_KAL,881.9,993.7,611,759,1152,1079,,,,,,Mostly Sunny,
2026-05-15 13:39:13,RPi_001,rpi_camera,5872,20,1,34.9,19.7,687,492,0.0687,0.0492,0.5,0.5,0.2500,0.5m x 0.5m,0.53,IE_KAL,881.8,992.8,612,759,1151,1079,,,,,,Mostly Sunny,
2026-05-15 13:39:14,RPi_001,rpi_camera,5873,20,1,34.2,19.4,663,472,0.0663,0.0472,0.5,0.5,0.2500,0.5m x 0.5m,0.40,IE_KAL,878.3,995.8,608,761,1148,1079,,,,,,Mostly Sunny,
2026-05-15 13:39:14,RPi_001,rpi_camera,5874,20,1,34.2,19.4,663,489,0.0663,0.0489,0.5,0.5,0.2500,0.5m x 0.5m,0.45,IE_KAL,882.7,993.4,612,759,1152,1079,,,,,,Mostly Sunny,
2026-05-15 13:39:14,RPi_001,rpi_camera,5875,20,1,34.8,19.4,674,479,0.0674,0.0479,0.5,0.5,0.2500,0.5m x 0.5m,0.48,IE_KAL,878.8,995.1,608,761,1148,1079,,,,,,Mostly Sunny,
2026-05-15 13:39:14,RPi_001,rpi_camera,5876,20,1,34.2,19.4,663,473,0.0663,0.0473,0.5,0.5,0.2500,0.5m x 0.5m,0.36,IE_KAL,878.8,995.6,608,761,1148,1079,,,,,,Mostly Sunny,
2026-05-15 13:39:14,RPi_001,rpi_camera,5877,20,1,35.6,19.4,690,482,0.0690,0.0482,0.5,0.5,0.2500,0.5m x 0.5m,0.40,IE_KAL,877.8,995.4,607,761,1147,1079,,,,,,Mostly Sunny,
2026-05-15 13:39:14,RPi_001,rpi_camera,5878,20,1,34.2,19.4,663,472,0.0663,0.0472,0.5,0.5,0.2500,0.5m x 0.5m,0.41,IE_KAL,878.4,995.8,608,761,1148,1079,,,,,,Mostly Sunny,
2026-05-15 13:39:14,RPi_001,rpi_camera,5879,20,1,35.6,19.4,690,497,0.0690,0.0497,0.5,0.5,0.2500,0.5m x 0.5m,0.56,IE_KAL,880.9,993.4,610,759,1151,1079,,,,,,Mostly Sunny,
2026-05-15 13:39:14,RPi_001,rpi_camera,5880,20,1,34.9,19.4,675,489,0.0675,0.0489,0.5,0.5,0.2500,0.5m x 0.5m,0.51,IE_KAL,882.2,993.8,612,759,1152,1079,,,,,,Mostly Sunny,
2026-05-15 13:39:14,RPi_001,rpi_camera,5881,20,1,34.9,19.7,687,494,0.0687,0.0494,0.5,0.5,0.2500,0.5m x 0.5m,0.59,IE_KAL,881.6,993.1,611,759,1151,1079,,,,,,Mostly Sunny,
2026-05-15 13:39:14,RPi_001,rpi_camera,5882,20,1,34.2,19.4,663,474,0.0663,0.0474,0.5,0.5,0.2500,0.5m x 0.5m,0.54,IE_KAL,878.6,995.8,608,761,1148,1079,,,,,,Mostly Sunny,
2026-05-15 13:39:14,RPi_001,rpi_camera,5883,20,1,34.5,19.2,664,489,0.0664,0.0489,0.5,0.5,0.2500,0.5m x 0.5m,0.41,IE_KAL,882.4,993.3,612,760,1152,1079,,,,,,Mostly Sunny,
2026-05-15 13:39:14,RPi_001,rpi_camera,5884,20,1,35.7,19.7,702,498,0.0702,0.0498,0.5,0.5,0.2500,0.5m x 0.5m,0.47,IE_KAL,880.7,992.9,610,759,1150,1079,,,,,,Mostly Sunny,
2026-05-15 13:39:14,RPi_001,rpi_camera,5885,20,1,34.9,19.4,675,494,0.0675,0.0494,0.5,0.5,0.2500,0.5m x 0.5m,0.49,IE_KAL,881.9,993.6,611,759,1152,1079,,,,,,Mostly Sunny,
2026-05-15 13:39:14,RPi_001,rpi_camera,5886,20,1,34.9,19.4,675,480,0.0675,0.0480,0.5,0.5,0.2500,0.5m x 0.5m,0.49,IE_KAL,878.6,995.1,608,761,1148,1079,,,,,,Mostly Sunny,
2026-05-15 13:39:14,RPi_001,rpi_camera,5887,20,1,34.2,19.4,663,481,0.0663,0.0481,0.5,0.5,0.2500,0.5m x 0.5m,0.42,IE_KAL,880.6,994.8,610,760,1150,1079,,,,,,Mostly Sunny,
2026-05-15 13:39:14,RPi_001,rpi_camera,5888,20,1,34.9,19.7,687,485,0.0687,0.0485,0.5,0.5,0.2500,0.5m x 0.5m,0.57,IE_KAL,879.0,994.5,609,760,1148,1079,,,,,,Mostly Sunny,
2026-05-15 13:39:15,RPi_001,rpi_camera,5889,20,1,34.2,19.4,663,464,0.0663,0.0464,0.5,0.5,0.2500,0.5m x 0.5m,0.41,IE_KAL,876.9,996.3,606,762,1146,1079,,,,,,Mostly Sunny,
2026-05-15 13:39:15,RPi_001,rpi_camera,5890,20,1,34.5,19.1,659,486,0.0659,0.0486,0.5,0.5,0.2500,0.5m x 0.5m,0.41,IE_KAL,882.3,993.8,611,761,1152,1079,,,,,,Mostly Sunny,
2026-05-15 13:39:15,RPi_001,rpi_camera,5891,20,1,34.2,19.4,663,481,0.0663,0.0481,0.5,0.5,0.2500,0.5m x 0.5m,0.44,IE_KAL,882.3,994.0,612,760,1152,1079,,,,,,Mostly Sunny,
2026-05-15 13:39:15,RPi_001,rpi_camera,5892,20,1,34.2,19.4,663,470,0.0663,0.0470,0.5,0.5,0.2500,0.5m x 0.5m,0.47,IE_KAL,877.9,995.9,607,762,1148,1079,,,,,,Mostly Sunny,
2026-05-15 13:39:15,RPi_001,rpi_camera,5893,20,1,34.4,19.2,662,472,0.0662,0.0472,0.5,0.5,0.2500,0.5m x 0.5m,0.41,IE_KAL,877.5,996.2,607,763,1147,1079,,,,,,Mostly Sunny,
2026-05-15 13:39:15,RPi_001,rpi_camera,5894,20,1,34.2,19.4,663,475,0.0663,0.0475,0.5,0.5,0.2500,0.5m x 0.5m,0.42,IE_KAL,879.0,995.1,608,761,1149,1079,,,,,,Mostly Sunny,
2026-05-15 13:39:15,RPi_001,rpi_camera,5895,20,1,34.2,19.4,663,471,0.0663,0.0471,0.5,0.5,0.2500,0.5m x 0.5m,0.51,IE_KAL,878.3,996.2,608,762,1148,1079,,,,,,Mostly Sunny,
2026-05-15 13:39:15,RPi_001,rpi_camera,5896,20,1,34.2,19.4,663,482,0.0663,0.0482,0.5,0.5,0.2500,0.5m x 0.5m,0.50,IE_KAL,880.3,994.7,610,760,1150,1079,,,,,,Mostly Sunny,
2026-05-15 13:39:15,RPi_001,rpi_camera,5897,20,1,34.9,19.4,675,497,0.0675,0.0497,0.5,0.5,0.2500,0.5m x 0.5m,0.60,IE_KAL,882.5,993.1,612,759,1152,1079,,,,,,Mostly Sunny,
2026-05-15 13:39:15,RPi_001,rpi_camera,5898,20,1,34.9,19.7,687,493,0.0687,0.0493,0.5,0.5,0.2500,0.5m x 0.5m,0.58,IE_KAL,881.7,993.1,611,759,1151,1079,,,,,,Mostly Sunny,
2026-05-15 13:39:15,RPi_001,rpi_camera,5899,20,1,34.2,19.4,663,471,0.0663,0.0471,0.5,0.5,0.2500,0.5m x 0.5m,0.42,IE_KAL,878.6,995.9,608,762,1148,1079,,,,,,Mostly Sunny,
2026-05-15 13:39:15,RPi_001,rpi_camera,5900,20,1,34.9,19.7,687,499,0.0687,0.0499,0.5,0.5,0.2500,0.5m x 0.5m,0.56,IE_KAL,881.8,992.5,612,758,1151,1079,,,,,,Mostly Sunny,
2026-05-15 13:39:16,RPi_001,rpi_camera,5901,20,1,34.2,19.4,663,486,0.0663,0.0486,0.5,0.5,0.2500,0.5m x 0.5m,0.49,IE_KAL,882.4,993.4,612,759,1152,1079,,,,,,Mostly Sunny,
2026-05-15 13:39:16,RPi_001,rpi_camera,5902,20,1,34.2,19.4,663,486,0.0663,0.0486,0.5,0.5,0.2500,0.5m x 0.5m,0.49,IE_KAL,882.7,993.5,612,759,1152,1079,,,,,,Mostly Sunny,
2026-05-15 13:39:16,RPi_001,rpi_camera,5903,20,1,34.9,19.4,675,485,0.0675,0.0485,0.5,0.5,0.2500,0.5m x 0.5m,0.39,IE_KAL,881.3,993.7,611,759,1151,1079,,,,,,Mostly Sunny,
2026-05-15 13:39:16,RPi_001,rpi_camera,5904,20,1,34.2,19.4,663,467,0.0663,0.0467,0.5,0.5,0.2500,0.5m x 0.5m,0.40,IE_KAL,877.9,996.0,607,762,1148,1079,,,,,,Mostly Sunny,
2026-05-15 13:39:16,RPi_001,rpi_camera,5905,20,1,34.2,19.4,663,483,0.0663,0.0483,0.5,0.5,0.2500,0.5m x 0.5m,0.41,IE_KAL,880.7,994.8,610,761,1150,1079,,,,,,Mostly Sunny,
2026-05-15 13:39:16,RPi_001,rpi_camera,5906,20,1,34.9,19.4,675,477,0.0675,0.0477,0.5,0.5,0.2500,0.5m x 0.5m,0.53,IE_KAL,878.3,995.9,608,762,1148,1079,,,,,,Mostly Sunny,
2026-05-15 13:39:16,RPi_001,rpi_camera,5907,20,1,34.9,19.4,675,498,0.0675,0.0498,0.5,0.5,0.2500,0.5m x 0.5m,0.61,IE_KAL,882.7,993.3,612,759,1152,1079,,,,,,Mostly Sunny,
2026-05-15 13:39:16,RPi_001,rpi_camera,5908,20,1,35.6,19.4,690,487,0.0690,0.0487,0.5,0.5,0.2500,0.5m x 0.5m,0.52,IE_KAL,878.9,994.7,608,760,1149,1079,,,,,,Mostly Sunny,
2026-05-15 13:39:16,RPi_001,rpi_camera,5909,20,1,34.2,19.4,663,468,0.0663,0.0468,0.5,0.5,0.2500,0.5m x 0.5m,0.48,IE_KAL,877.5,996.0,607,762,1147,1079,,,,,,Mostly Sunny,
2026-05-15 13:39:16,RPi_001,rpi_camera,5910,20,1,34.9,19.4,675,498,0.0675,0.0498,0.5,0.5,0.2500,0.5m x 0.5m,0.52,IE_KAL,883.2,993.3,613,759,1153,1079,,,,,,Mostly Sunny,
2026-05-15 13:39:16,RPi_001,rpi_camera,5911,20,1,34.9,19.4,675,490,0.0675,0.0490,0.5,0.5,0.2500,0.5m x 0.5m,0.56,IE_KAL,881.8,993.8,611,759,1151,1079,,,,,,Mostly Sunny,
2026-05-15 13:39:16,RPi_001,rpi_camera,5912,20,1,34.3,19.4,665,490,0.0665,0.0490,0.5,0.5,0.2500,0.5m x 0.5m,0.55,IE_KAL,882.8,993.8,612,759,1152,1079,,,,,,Mostly Sunny,
2026-05-15 13:39:16,RPi_001,rpi_camera,5913,20,1,34.9,19.7,687,499,0.0687,0.0499,0.5,0.5,0.2500,0.5m x 0.5m,0.56,IE_KAL,882.1,992.8,612,759,1151,1079,,,,,,Mostly Sunny,
2026-05-15 13:39:16,RPi_001,rpi_camera,5914,20,1,34.9,19.4,675,494,0.0675,0.0494,0.5,0.5,0.2500,0.5m x 0.5m,0.52,IE_KAL,882.4,993.5,612,759,1152,1079,,,,,,Mostly Sunny,
2026-05-15 13:39:16,RPi_001,rpi_camera,5915,20,1,34.9,19.4,675,476,0.0675,0.0476,0.5,0.5,0.2500,0.5m x 0.5m,0.56,IE_KAL,878.1,995.9,607,762,1148,1079,,,,,,Mostly Sunny,
2026-05-15 13:39:16,RPi_001,rpi_camera,5916,20,1,34.2,19.4,663,472,0.0663,0.0472,0.5,0.5,0.2500,0.5m x 0.5m,0.39,IE_KAL,878.0,995.6,607,761,1148,1079,,,,,,Mostly Sunny,
2026-05-15 13:39:17,RPi_001,rpi_camera,5917,20,1,34.9,19.4,675,496,0.0675,0.0496,0.5,0.5,0.2500,0.5m x 0.5m,0.47,IE_KAL,882.6,993.3,612,759,1152,1079,,,,,,Mostly Sunny,
2026-05-15 13:39:17,RPi_001,rpi_camera,5918,20,1,34.9,19.4,675,481,0.0675,0.0481,0.5,0.5,0.2500,0.5m x 0.5m,0.46,IE_KAL,879.0,995.3,608,761,1149,1079,,,,,,Mostly Sunny,
2026-05-15 13:39:17,RPi_001,rpi_camera,5919,20,1,34.9,19.6,684,493,0.0684,0.0493,0.5,0.5,0.2500,0.5m x 0.5m,0.53,IE_KAL,881.7,993.6,611,759,1151,1079,,,,,,Mostly Sunny,
2026-05-15 13:39:17,RPi_001,rpi_camera,5920,20,1,34.3,19.4,665,472,0.0665,0.0472,0.5,0.5,0.2500,0.5m x 0.5m,0.37,IE_KAL,878.3,995.7,608,761,1148,1079,,,,,,Mostly Sunny,
2026-05-15 13:39:17,RPi_001,rpi_camera,5921,20,1,34.9,19.4,675,491,0.0675,0.0491,0.5,0.5,0.2500,0.5m x 0.5m,0.52,IE_KAL,881.4,993.6,611,759,1151,1079,,,,,,Mostly Sunny,
2026-05-15 13:39:17,RPi_001,rpi_camera,5922,20,1,34.9,19.7,687,502,0.0687,0.0502,0.5,0.5,0.2500,0.5m x 0.5m,0.58,IE_KAL,882.4,992.6,612,758,1152,1079,,,,,,Mostly Sunny,
2026-05-15 13:39:17,RPi_001,rpi_camera,5923,20,1,34.9,19.4,675,483,0.0675,0.0483,0.5,0.5,0.2500,0.5m x 0.5m,0.42,IE_KAL,881.0,993.7,610,759,1151,1079,,,,,,Mostly Sunny,
2026-05-15 13:39:17,RPi_001,rpi_camera,5924,20,1,34.9,19.4,675,496,0.0675,0.0496,0.5,0.5,0.2500,0.5m x 0.5m,0.42,IE_KAL,882.2,993.0,612,759,1152,1079,,,,,,Mostly Sunny,
2026-05-15 13:39:17,RPi_001,rpi_camera,5925,20,1,34.9,19.4,675,500,0.0675,0.0500,0.5,0.5,0.2500,0.5m x 0.5m,0.53,IE_KAL,883.0,993.1,612,759,1153,1079,,,,,,Mostly Sunny,
2026-05-15 13:39:17,RPi_001,rpi_camera,5926,20,1,34.9,19.7,687,499,0.0687,0.0499,0.5,0.5,0.2500,0.5m x 0.5m,0.57,IE_KAL,882.4,992.7,612,758,1152,1079,,,,,,Mostly Sunny,
2026-05-15 13:39:17,RPi_001,rpi_camera,5927,20,1,34.9,19.4,675,491,0.0675,0.0491,0.5,0.5,0.2500,0.5m x 0.5m,0.45,IE_KAL,882.1,993.4,611,759,1152,1079,,,,,,Mostly Sunny,
2026-05-15 13:39:17,RPi_001,rpi_camera,5928,20,1,35.6,19.4,690,497,0.0690,0.0497,0.5,0.5,0.2500,0.5m x 0.5m,0.59,IE_KAL,881.3,993.3,611,759,1151,1079,,,,,,Mostly Sunny,
2026-05-15 13:39:18,RPi_001,rpi_camera,5929,20,1,34.3,19.4,665,491,0.0665,0.0491,0.5,0.5,0.2500,0.5m x 0.5m,0.48,IE_KAL,882.7,993.0,612,759,1152,1079,,,,,,Mostly Sunny,
2026-05-15 13:39:18,RPi_001,rpi_camera,5930,20,1,34.9,19.4,675,496,0.0675,0.0496,0.5,0.5,0.2500,0.5m x 0.5m,0.41,IE_KAL,882.4,993.1,612,759,1152,1079,,,,,,Mostly Sunny,
2026-05-15 13:39:18,RPi_001,rpi_camera,5931,20,1,34.2,19.4,663,489,0.0663,0.0489,0.5,0.5,0.2500,0.5m x 0.5m,0.51,IE_KAL,882.8,993.5,612,759,1152,1079,,,,,,Mostly Sunny,
2026-05-15 13:39:18,RPi_001,rpi_camera,5932,20,1,34.8,19.4,674,493,0.0674,0.0493,0.5,0.5,0.2500,0.5m x 0.5m,0.53,IE_KAL,882.2,993.4,612,759,1152,1079,,,,,,Mostly Sunny,
2026-05-15 13:39:18,RPi_001,rpi_camera,5933,20,1,34.2,19.4,663,486,0.0663,0.0486,0.5,0.5,0.2500,0.5m x 0.5m,0.49,IE_KAL,882.8,993.3,612,759,1152,1079,,,,,,Mostly Sunny,
2026-05-15 13:39:18,RPi_001,rpi_camera,5934,20,1,34.8,19.6,682,496,0.0682,0.0496,0.5,0.5,0.2500,0.5m x 0.5m,0.51,IE_KAL,882.1,992.7,612,758,1151,1079,,,,,,Mostly Sunny,
2026-05-15 13:39:18,RPi_001,rpi_camera,5935,20,1,34.9,19.4,675,485,0.0675,0.0485,0.5,0.5,0.2500,0.5m x 0.5m,0.57,IE_KAL,880.0,994.9,609,761,1150,1079,,,,,,Mostly Sunny,
2026-05-15 13:39:18,RPi_001,rpi_camera,5936,20,1,34.2,19.4,663,476,0.0663,0.0476,0.5,0.5,0.2500,0.5m x 0.5m,0.57,IE_KAL,879.4,995.1,609,761,1149,1079,,,,,,Mostly Sunny,
2026-05-15 13:39:18,RPi_001,rpi_camera,5937,20,1,34.9,19.6,684,497,0.0684,0.0497,0.5,0.5,0.2500,0.5m x 0.5m,0.61,IE_KAL,882.0,993.2,612,759,1151,1079,,,,,,Mostly Sunny,
2026-05-15 13:39:18,RPi_001,rpi_camera,5938,20,1,34.8,19.7,686,490,0.0686,0.0490,0.5,0.5,0.2500,0.5m x 0.5m,0.56,IE_KAL,881.5,993.2,611,759,1151,1079,,,,,,Mostly Sunny,
2026-05-15 13:39:18,RPi_001,rpi_camera,5940,20,1,34.2,19.4,661,487,0.0661,0.0487,0.5,0.5,0.2500,0.5m x 0.5m,0.42,IE_KAL,882.4,993.5,612,759,1152,1079,,,,,,Mostly Sunny,
2026-05-15 13:39:18,RPi_001,rpi_camera,5941,20,1,34.8,19.7,684,479,0.0684,0.0479,0.5,0.5,0.2500,0.5m x 0.5m,0.59,IE_KAL,877.8,994.9,608,761,1147,1079,,,,,,Mostly Sunny,
2026-05-15 13:39:24,RPi_001,rpi_camera,6025,21,1,34.1,19.0,648,447,0.0648,0.0447,0.5,0.5,0.2500,0.5m x 0.5m,0.42,IE_KAL,874.3,1000.7,603,766,1145,1079,,,,,,Mostly Sunny,/home/pi/pothole_crops_20260515_133308/pothole_track21.jpg
2026-05-15 13:39:24,RPi_001,rpi_camera,6026,21,1,34.1,18.9,646,452,0.0646,0.0452,0.5,0.5,0.2500,0.5m x 0.5m,0.46,IE_KAL,873.8,1000.3,602,766,1144,1079,,,,,,Mostly Sunny,
2026-05-15 13:39:24,RPi_001,rpi_camera,6027,21,1,34.5,18.9,653,471,0.0653,0.0471,0.5,0.5,0.2500,0.5m x 0.5m,0.44,IE_KAL,877.2,999.1,606,766,1148,1079,,,,,,Mostly Sunny,
2026-05-15 13:39:24,RPi_001,rpi_camera,6028,21,1,34.2,19.4,663,460,0.0663,0.0460,0.5,0.5,0.2500,0.5m x 0.5m,0.65,IE_KAL,875.3,999.4,605,765,1145,1079,,,,,,Mostly Sunny,
2026-05-15 13:39:24,RPi_001,rpi_camera,6029,21,1,34.1,18.9,646,457,0.0646,0.0457,0.5,0.5,0.2500,0.5m x 0.5m,0.70,IE_KAL,876.9,1000.0,606,766,1147,1079,,,,,,Mostly Sunny,
2026-05-15 13:39:24,RPi_001,rpi_camera,6030,21,1,34.7,18.9,655,488,0.0655,0.0488,0.5,0.5,0.2500,0.5m x 0.5m,0.49,IE_KAL,883.1,996.0,612,764,1153,1079,,,,,,Mostly Sunny,
2026-05-15 13:39:24,RPi_001,rpi_camera,6031,21,1,34.7,18.7,648,495,0.0648,0.0495,0.5,0.5,0.2500,0.5m x 0.5m,0.48,IE_KAL,884.5,996.2,613,763,1155,1079,,,,,,Mostly Sunny,
2026-05-15 13:39:24,RPi_001,rpi_camera,6032,21,1,34.1,18.7,638,454,0.0638,0.0454,0.5,0.5,0.2500,0.5m x 0.5m,0.58,IE_KAL,876.4,1000.5,605,766,1147,1079,,,,,,Mostly Sunny,
2026-05-15 13:39:24,RPi_001,rpi_camera,6033,21,1,34.1,18.6,635,493,0.0635,0.0493,0.5,0.5,0.2500,0.5m x 0.5m,0.65,IE_KAL,886.3,996.6,614,762,1157,1079,,,,,,Mostly Sunny,
2026-05-15 13:39:31,RPi_001,rpi_camera,6149,22,1,34.1,18.9,646,490,0.0646,0.0490,0.5,0.5,0.2500,0.5m x 0.5m,0.60,IE_KAL,885.3,996.4,614,762,1156,1079,,,,,,Mostly Sunny,/home/pi/pothole_crops_20260515_133308/pothole_track22.jpg
2026-05-15 13:39:31,RPi_001,rpi_camera,6150,22,1,34.4,19.4,666,495,0.0666,0.0495,0.5,0.5,0.2500,0.5m x 0.5m,0.67,IE_KAL,884.6,995.5,614,761,1154,1079,,,,,,Mostly Sunny,
2026-05-15 13:39:31,RPi_001,rpi_camera,6151,22,1,34.6,18.9,654,465,0.0654,0.0465,0.5,0.5,0.2500,0.5m x 0.5m,0.54,IE_KAL,878.2,998.5,607,765,1149,1079,,,,,,Mostly Sunny,
2026-05-15 13:39:31,RPi_001,rpi_camera,6152,22,1,34.2,18.8,643,448,0.0643,0.0448,0.5,0.5,0.2500,0.5m x 0.5m,0.45,IE_KAL,875.5,999.9,604,766,1146,1079,,,,,,Mostly Sunny,
2026-05-15 13:39:31,RPi_001,rpi_camera,6152,23,1,39.5,65.0,2564,1869,0.2564,0.1869,0.5,1.0,0.5000,0.5m x 1.0m,0.43,IE_KAL,940.9,161.7,843,110,1038,213,,,,,,Mostly Sunny,/home/pi/pothole_crops_20260515_133308/pothole_track23.jpg
2026-05-15 13:39:31,RPi_001,rpi_camera,6153,22,1,34.4,18.9,652,463,0.0652,0.0463,0.5,0.5,0.2500,0.5m x 0.5m,0.47,IE_KAL,878.6,998.7,607,764,1149,1079,,,,,,Mostly Sunny,
2026-05-15 13:39:31,RPi_001,rpi_camera,6154,22,1,34.2,18.8,644,454,0.0644,0.0454,0.5,0.5,0.2500,0.5m x 0.5m,0.45,IE_KAL,875.4,999.1,604,766,1146,1079,,,,,,Mostly Sunny,
2026-05-15 13:39:31,RPi_001,rpi_camera,6155,22,1,34.3,18.8,645,465,0.0645,0.0465,0.5,0.5,0.2500,0.5m x 0.5m,0.44,IE_KAL,878.5,998.8,607,765,1149,1079,,,,,,Mostly Sunny,
2026-05-15 13:39:31,RPi_001,rpi_camera,6156,22,1,34.4,18.9,651,466,0.0651,0.0466,0.5,0.5,0.2500,0.5m x 0.5m,0.42,IE_KAL,878.0,998.6,607,765,1148,1079,,,,,,Mostly Sunny,
2026-05-15 13:39:32,RPi_001,rpi_camera,6157,22,1,34.3,18.9,649,460,0.0649,0.0460,0.5,0.5,0.2500,0.5m x 0.5m,0.45,IE_KAL,876.6,998.5,605,765,1147,1079,,,,,,Mostly Sunny,
2026-05-15 13:39:32,RPi_001,rpi_camera,6158,22,1,34.3,19.1,656,483,0.0656,0.0483,0.5,0.5,0.2500,0.5m x 0.5m,0.42,IE_KAL,881.5,995.2,610,762,1151,1079,,,,,,Mostly Sunny,
2026-05-15 13:39:32,RPi_001,rpi_camera,6159,22,1,34.2,19.4,661,461,0.0661,0.0461,0.5,0.5,0.2500,0.5m x 0.5m,0.52,IE_KAL,876.5,998.7,606,764,1146,1079,,,,,,Mostly Sunny,
2026-05-15 13:39:32,RPi_001,rpi_camera,6160,22,1,34.2,19.4,661,469,0.0661,0.0469,0.5,0.5,0.2500,0.5m x 0.5m,0.58,IE_KAL,878.1,997.7,608,763,1148,1079,,,,,,Mostly Sunny,
2026-05-15 13:39:32,RPi_001,rpi_camera,6161,22,1,34.1,19.0,649,448,0.0649,0.0448,0.5,0.5,0.2500,0.5m x 0.5m,0.45,IE_KAL,872.3,998.8,601,766,1142,1079,,,,,,Mostly Sunny,
2026-05-15 13:39:32,RPi_001,rpi_camera,6162,22,1,34.1,18.9,646,482,0.0646,0.0482,0.5,0.5,0.2500,0.5m x 0.5m,0.46,IE_KAL,883.1,995.6,612,761,1153,1079,,,,,,Mostly Sunny,
2026-05-15 13:39:32,RPi_001,rpi_camera,6163,22,1,34.2,19.4,663,473,0.0663,0.0473,0.5,0.5,0.2500,0.5m x 0.5m,0.49,IE_KAL,878.7,997.1,608,763,1148,1079,,,,,,Mostly Sunny,
2026-05-15 13:39:32,RPi_001,rpi_camera,6164,22,1,34.2,19.4,663,481,0.0663,0.0481,0.5,0.5,0.2500,0.5m x 0.5m,0.56,IE_KAL,882.6,995.6,612,761,1152,1079,,,,,,Mostly Sunny,
2026-05-15 13:39:32,RPi_001,rpi_camera,6165,22,1,34.8,19.4,674,485,0.0674,0.0485,0.5,0.5,0.2500,0.5m x 0.5m,0.67,IE_KAL,880.9,995.4,610,761,1150,1079,,,,,,Mostly Sunny,
2026-05-15 13:39:32,RPi_001,rpi_camera,6166,22,1,34.1,18.9,646,470,0.0646,0.0470,0.5,0.5,0.2500,0.5m x 0.5m,0.57,IE_KAL,878.6,998.0,607,764,1149,1079,,,,,,Mostly Sunny,
2026-05-15 13:39:32,RPi_001,rpi_camera,6167,22,1,34.1,18.9,646,468,0.0646,0.0468,0.5,0.5,0.2500,0.5m x 0.5m,0.41,IE_KAL,878.0,998.1,607,764,1148,1079,,,,,,Mostly Sunny,
2026-05-15 13:39:32,RPi_001,rpi_camera,6168,22,1,34.4,18.9,651,465,0.0651,0.0465,0.5,0.5,0.2500,0.5m x 0.5m,0.43,IE_KAL,875.7,998.5,604,765,1146,1079,,,,,,Mostly Sunny,
2026-05-15 13:39:33,RPi_001,rpi_camera,6169,22,1,34.4,19.4,666,479,0.0666,0.0479,0.5,0.5,0.2500,0.5m x 0.5m,0.43,IE_KAL,879.5,997.1,609,763,1149,1079,,,,,,Mostly Sunny,
2026-05-15 13:39:33,RPi_001,rpi_camera,6170,22,1,34.2,19.4,663,466,0.0663,0.0466,0.5,0.5,0.2500,0.5m x 0.5m,0.58,IE_KAL,876.5,998.2,606,764,1146,1079,,,,,,Mostly Sunny,
2026-05-15 13:39:33,RPi_001,rpi_camera,6171,22,1,34.1,18.9,646,475,0.0646,0.0475,0.5,0.5,0.2500,0.5m x 0.5m,0.49,IE_KAL,882.2,996.1,611,762,1153,1079,,,,,,Mostly Sunny,
2026-05-15 13:39:33,RPi_001,rpi_camera,6172,22,1,34.1,18.9,646,468,0.0646,0.0468,0.5,0.5,0.2500,0.5m x 0.5m,0.56,IE_KAL,878.7,997.9,607,764,1149,1079,,,,,,Mostly Sunny,
2026-05-15 13:39:33,RPi_001,rpi_camera,6173,22,1,34.2,19.4,663,486,0.0663,0.0486,0.5,0.5,0.2500,0.5m x 0.5m,0.60,IE_KAL,882.5,995.4,612,761,1152,1079,,,,,,Mostly Sunny,
2026-05-15 13:39:33,RPi_001,rpi_camera,6174,22,1,34.6,19.1,661,484,0.0661,0.0484,0.5,0.5,0.2500,0.5m x 0.5m,0.45,IE_KAL,882.7,995.6,612,762,1153,1079,,,,,,Mostly Sunny,
2026-05-15 13:39:33,RPi_001,rpi_camera,6175,22,1,34.2,19.4,663,470,0.0663,0.0470,0.5,0.5,0.2500,0.5m x 0.5m,0.66,IE_KAL,877.7,998.1,607,764,1147,1079,,,,,,Mostly Sunny,
2026-05-15 13:39:33,RPi_001,rpi_camera,6176,22,1,34.1,18.9,646,474,0.0646,0.0474,0.5,0.5,0.2500,0.5m x 0.5m,0.56,IE_KAL,879.9,997.8,608,763,1150,1079,,,,,,Mostly Sunny,
2026-05-15 13:39:33,RPi_001,rpi_camera,6177,22,1,34.1,18.9,646,470,0.0646,0.0470,0.5,0.5,0.2500,0.5m x 0.5m,0.58,IE_KAL,879.1,998.2,608,764,1149,1079,,,,,,Mostly Sunny,
2026-05-15 13:39:33,RPi_001,rpi_camera,6178,22,1,34.1,18.9,646,485,0.0646,0.0485,0.5,0.5,0.2500,0.5m x 0.5m,0.55,IE_KAL,883.3,995.9,612,762,1154,1079,,,,,,Mostly Sunny,
2026-05-15 13:39:33,RPi_001,rpi_camera,6179,22,1,34.1,18.9,646,481,0.0646,0.0481,0.5,0.5,0.2500,0.5m x 0.5m,0.56,IE_KAL,883.3,996.2,612,762,1154,1079,,,,,,Mostly Sunny,
2026-05-15 13:39:33,RPi_001,rpi_camera,6180,22,1,34.1,18.9,646,472,0.0646,0.0472,0.5,0.5,0.2500,0.5m x 0.5m,0.56,IE_KAL,880.0,997.7,609,763,1150,1079,,,,,,Mostly Sunny,
2026-05-15 13:39:33,RPi_001,rpi_camera,6181,22,1,34.1,18.9,646,483,0.0646,0.0483,0.5,0.5,0.2500,0.5m x 0.5m,0.56,IE_KAL,883.5,995.7,612,761,1154,1079,,,,,,Mostly Sunny,
2026-05-15 13:39:33,RPi_001,rpi_camera,6182,22,1,34.5,19.0,656,482,0.0656,0.0482,0.5,0.5,0.2500,0.5m x 0.5m,0.45,IE_KAL,882.7,995.6,612,762,1153,1079,,,,,,Mostly Sunny,
2026-05-15 13:39:33,RPi_001,rpi_camera,6183,22,1,34.6,19.1,662,476,0.0662,0.0476,0.5,0.5,0.2500,0.5m x 0.5m,0.41,IE_KAL,878.9,997.1,608,763,1149,1079,,,,,,Mostly Sunny,
2026-05-15 13:39:33,RPi_001,rpi_camera,6184,22,1,34.1,18.9,646,471,0.0646,0.0471,0.5,0.5,0.2500,0.5m x 0.5m,0.56,IE_KAL,879.4,997.6,608,763,1150,1079,,,,,,Mostly Sunny,
2026-05-15 13:39:34,RPi_001,rpi_camera,6185,22,1,34.1,18.9,646,475,0.0646,0.0475,0.5,0.5,0.2500,0.5m x 0.5m,0.51,IE_KAL,880.0,996.9,609,763,1150,1079,,,,,,Mostly Sunny,
2026-05-15 13:39:34,RPi_001,rpi_camera,6186,22,1,34.7,19.1,663,481,0.0663,0.0481,0.5,0.5,0.2500,0.5m x 0.5m,0.48,IE_KAL,882.2,995.6,611,761,1152,1079,,,,,,Mostly Sunny,
2026-05-15 13:39:34,RPi_001,rpi_camera,6187,22,1,34.5,19.0,657,468,0.0657,0.0468,0.5,0.5,0.2500,0.5m x 0.5m,0.46,IE_KAL,878.5,997.7,607,763,1149,1079,,,,,,Mostly Sunny,
2026-05-15 13:39:34,RPi_001,rpi_camera,6188,22,1,34.1,18.9,646,477,0.0646,0.0477,0.5,0.5,0.2500,0.5m x 0.5m,0.47,IE_KAL,882.5,995.9,611,762,1153,1079,,,,,,Mostly Sunny,
2026-05-15 13:39:34,RPi_001,rpi_camera,6189,22,1,34.1,18.9,646,471,0.0646,0.0471,0.5,0.5,0.2500,0.5m x 0.5m,0.50,IE_KAL,881.6,996.2,610,762,1152,1079,,,,,,Mostly Sunny,
2026-05-15 13:39:34,RPi_001,rpi_camera,6190,22,1,34.6,19.0,657,477,0.0657,0.0477,0.5,0.5,0.2500,0.5m x 0.5m,0.45,IE_KAL,882.3,995.7,611,763,1152,1079,,,,,,Mostly Sunny,
2026-05-15 13:39:34,RPi_001,rpi_camera,6191,22,1,34.2,19.4,663,474,0.0663,0.0474,0.5,0.5,0.2500,0.5m x 0.5m,0.50,IE_KAL,879.1,997.1,608,763,1149,1079,,,,,,Mostly Sunny,
2026-05-15 13:39:34,RPi_001,rpi_camera,6192,22,1,34.2,19.4,663,472,0.0663,0.0472,0.5,0.5,0.2500,0.5m x 0.5m,0.53,IE_KAL,878.5,997.5,608,763,1148,1079,,,,,,Mostly Sunny,
2026-05-15 13:39:34,RPi_001,rpi_camera,6193,22,1,34.1,18.9,646,477,0.0646,0.0477,0.5,0.5,0.2500,0.5m x 0.5m,0.59,IE_KAL,882.0,995.8,611,762,1152,1079,,,,,,Mostly Sunny,
2026-05-15 13:39:34,RPi_001,rpi_camera,6194,22,1,34.4,18.9,652,470,0.0652,0.0470,0.5,0.5,0.2500,0.5m x 0.5m,0.47,IE_KAL,879.4,997.9,608,764,1150,1079,,,,,,Mostly Sunny,
2026-05-15 13:39:34,RPi_001,rpi_camera,6195,22,1,34.2,19.4,663,474,0.0663,0.0474,0.5,0.5,0.2500,0.5m x 0.5m,0.44,IE_KAL,879.1,996.9,609,763,1149,1079,,,,,,Mostly Sunny,
2026-05-15 13:39:34,RPi_001,rpi_camera,6196,22,1,34.1,18.9,646,472,0.0646,0.0472,0.5,0.5,0.2500,0.5m x 0.5m,0.50,IE_KAL,879.2,997.6,608,763,1150,1079,,,,,,Mostly Sunny,
2026-05-15 13:39:35,RPi_001,rpi_camera,6197,22,1,34.1,18.9,646,472,0.0646,0.0472,0.5,0.5,0.2500,0.5m x 0.5m,0.52,IE_KAL,881.7,996.3,610,762,1152,1079,,,,,,Mostly Sunny,
2026-05-15 13:39:35,RPi_001,rpi_camera,6198,22,1,34.4,19.0,655,479,0.0655,0.0479,0.5,0.5,0.2500,0.5m x 0.5m,0.43,IE_KAL,882.1,995.9,611,762,1153,1079,,,,,,Mostly Sunny,
2026-05-15 13:39:35,RPi_001,rpi_camera,6199,22,1,34.1,18.9,646,460,0.0646,0.0460,0.5,0.5,0.2500,0.5m x 0.5m,0.47,IE_KAL,876.6,998.7,605,764,1147,1079,,,,,,Mostly Sunny,
2026-05-15 13:39:35,RPi_001,rpi_camera,6200,22,1,34.5,18.9,653,476,0.0653,0.0476,0.5,0.5,0.2500,0.5m x 0.5m,0.43,IE_KAL,879.7,997.5,608,764,1150,1079,,,,,,Mostly Sunny,
2026-05-15 13:39:35,RPi_001,rpi_camera,6201,22,1,34.6,19.0,657,477,0.0657,0.0477,0.5,0.5,0.2500,0.5m x 0.5m,0.45,IE_KAL,879.7,997.3,609,764,1150,1079,,,,,,Mostly Sunny,
2026-05-15 13:39:35,RPi_001,rpi_camera,6202,22,1,34.3,18.9,650,468,0.0650,0.0468,0.5,0.5,0.2500,0.5m x 0.5m,0.49,IE_KAL,878.7,997.9,607,764,1149,1079,,,,,,Mostly Sunny,
2026-05-15 13:39:35,RPi_001,rpi_camera,6203,22,1,34.2,19.4,663,468,0.0663,0.0468,0.5,0.5,0.2500,0.5m x 0.5m,0.50,IE_KAL,877.9,997.8,607,764,1148,1079,,,,,,Mostly Sunny,
2026-05-15 13:39:35,RPi_001,rpi_camera,6204,22,1,34.5,19.0,656,480,0.0656,0.0480,0.5,0.5,0.2500,0.5m x 0.5m,0.45,IE_KAL,882.0,995.8,611,763,1152,1079,,,,,,Mostly Sunny,
2026-05-15 13:39:35,RPi_001,rpi_camera,6205,22,1,34.2,19.4,663,473,0.0663,0.0473,0.5,0.5,0.2500,0.5m x 0.5m,0.51,IE_KAL,878.2,997.1,608,763,1148,1079,,,,,,Mostly Sunny,
2026-05-15 13:39:35,RPi_001,rpi_camera,6206,22,1,33.9,19.4,656,461,0.0656,0.0461,0.5,0.5,0.2500,0.5m x 0.5m,0.42,IE_KAL,876.7,997.9,606,764,1146,1079,,,,,,Mostly Sunny,
2026-05-15 13:39:35,RPi_001,rpi_camera,6207,22,1,34.1,18.9,646,476,0.0646,0.0476,0.5,0.5,0.2500,0.5m x 0.5m,0.56,IE_KAL,881.9,996.0,610,762,1152,1079,,,,,,Mostly Sunny,
2026-05-15 13:39:35,RPi_001,rpi_camera,6208,22,1,34.2,19.4,663,473,0.0663,0.0473,0.5,0.5,0.2500,0.5m x 0.5m,0.45,IE_KAL,878.7,997.4,608,763,1148,1079,,,,,,Mostly Sunny,
2026-05-15 13:39:36,RPi_001,rpi_camera,6209,22,1,34.1,18.9,646,478,0.0646,0.0478,0.5,0.5,0.2500,0.5m x 0.5m,0.55,IE_KAL,882.7,995.8,611,761,1153,1079,,,,,,Mostly Sunny,
2026-05-15 13:39:36,RPi_001,rpi_camera,6210,22,1,34.6,19.1,662,488,0.0662,0.0488,0.5,0.5,0.2500,0.5m x 0.5m,0.48,IE_KAL,882.7,995.3,612,761,1153,1079,,,,,,Mostly Sunny,
2026-05-15 13:39:36,RPi_001,rpi_camera,6211,22,1,34.2,19.4,663,473,0.0663,0.0473,0.5,0.5,0.2500,0.5m x 0.5m,0.58,IE_KAL,878.8,997.3,608,763,1148,1079,,,,,,Mostly Sunny,
2026-05-15 13:39:36,RPi_001,rpi_camera,6212,22,1,34.2,19.4,663,486,0.0663,0.0486,0.5,0.5,0.2500,0.5m x 0.5m,0.44,IE_KAL,882.4,995.1,612,761,1152,1079,,,,,,Mostly Sunny,
2026-05-15 13:39:36,RPi_001,rpi_camera,6213,22,1,34.2,19.4,663,482,0.0663,0.0482,0.5,0.5,0.2500,0.5m x 0.5m,0.44,IE_KAL,882.5,995.3,612,761,1152,1079,,,,,,Mostly Sunny,
2026-05-15 13:39:36,RPi_001,rpi_camera,6214,22,1,34.1,18.9,646,471,0.0646,0.0471,0.5,0.5,0.2500,0.5m x 0.5m,0.50,IE_KAL,879.2,997.7,608,763,1150,1079,,,,,,Mostly Sunny,
2026-05-15 13:39:36,RPi_001,rpi_camera,6215,22,1,34.6,19.1,661,488,0.0661,0.0488,0.5,0.5,0.2500,0.5m x 0.5m,0.44,IE_KAL,882.6,995.3,612,762,1153,1079,,,,,,Mostly Sunny,
2026-05-15 13:39:36,RPi_001,rpi_camera,6216,22,1,34.2,19.4,663,464,0.0663,0.0464,0.5,0.5,0.2500,0.5m x 0.5m,0.52,IE_KAL,876.4,998.1,606,764,1146,1079,,,,,,Mostly Sunny,
2026-05-15 13:39:36,RPi_001,rpi_camera,6217,22,1,34.2,19.4,663,485,0.0663,0.0485,0.5,0.5,0.2500,0.5m x 0.5m,0.52,IE_KAL,882.7,995.4,612,761,1152,1079,,,,,,Mostly Sunny,
2026-05-15 13:39:36,RPi_001,rpi_camera,6218,22,1,34.2,19.4,663,471,0.0663,0.0471,0.5,0.5,0.2500,0.5m x 0.5m,0.46,IE_KAL,878.1,997.4,607,763,1148,1079,,,,,,Mostly Sunny,
2026-05-15 13:39:36,RPi_001,rpi_camera,6219,22,1,34.2,19.4,663,486,0.0663,0.0486,0.5,0.5,0.2500,0.5m x 0.5m,0.54,IE_KAL,882.9,995.2,612,761,1152,1079,,,,,,Mostly Sunny,
2026-05-15 13:39:36,RPi_001,rpi_camera,6220,22,1,34.2,19.4,663,469,0.0663,0.0469,0.5,0.5,0.2500,0.5m x 0.5m,0.45,IE_KAL,878.2,997.5,608,763,1148,1079,,,,,,Mostly Sunny,
2026-05-15 13:39:36,RPi_001,rpi_camera,6221,22,1,34.2,19.4,663,471,0.0663,0.0471,0.5,0.5,0.2500,0.5m x 0.5m,0.51,IE_KAL,878.1,997.3,607,763,1148,1079,,,,,,Mostly Sunny,
2026-05-15 13:39:36,RPi_001,rpi_camera,6222,22,1,34.2,19.4,663,464,0.0663,0.0464,0.5,0.5,0.2500,0.5m x 0.5m,0.44,IE_KAL,876.6,998.0,606,764,1146,1079,,,,,,Mostly Sunny,
2026-05-15 13:39:36,RPi_001,rpi_camera,6223,22,1,34.6,19.1,661,484,0.0661,0.0484,0.5,0.5,0.2500,0.5m x 0.5m,0.45,IE_KAL,881.5,995.4,611,762,1152,1079,,,,,,Mostly Sunny,
2026-05-15 13:39:36,RPi_001,rpi_camera,6224,22,1,34.2,19.4,663,478,0.0663,0.0478,0.5,0.5,0.2500,0.5m x 0.5m,0.50,IE_KAL,879.3,996.4,609,762,1149,1079,,,,,,Mostly Sunny,
2026-05-15 13:39:37,RPi_001,rpi_camera,6225,22,1,34.5,19.0,656,483,0.0656,0.0483,0.5,0.5,0.2500,0.5m x 0.5m,0.43,IE_KAL,882.1,995.5,611,762,1152,1079,,,,,,Mostly Sunny,
2026-05-15 13:39:37,RPi_001,rpi_camera,6226,22,1,34.5,19.0,656,483,0.0656,0.0483,0.5,0.5,0.2500,0.5m x 0.5m,0.41,IE_KAL,881.9,995.4,611,762,1152,1079,,,,,,Mostly Sunny,
2026-05-15 13:39:37,RPi_001,rpi_camera,6227,22,1,34.2,19.4,663,469,0.0663,0.0469,0.5,0.5,0.2500,0.5m x 0.5m,0.48,IE_KAL,878.2,997.7,608,763,1148,1079,,,,,,Mostly Sunny,
2026-05-15 13:39:37,RPi_001,rpi_camera,6228,22,1,34.6,19.0,657,488,0.0657,0.0488,0.5,0.5,0.2500,0.5m x 0.5m,0.43,IE_KAL,882.9,995.5,612,762,1153,1079,,,,,,Mostly Sunny,
2026-05-15 13:39:37,RPi_001,rpi_camera,6229,22,1,34.6,19.0,657,488,0.0657,0.0488,0.5,0.5,0.2500,0.5m x 0.5m,0.45,IE_KAL,882.9,995.3,612,762,1153,1079,,,,,,Mostly Sunny,
2026-05-15 13:39:37,RPi_001,rpi_camera,6230,22,1,34.2,19.4,663,476,0.0663,0.0476,0.5,0.5,0.2500,0.5m x 0.5m,0.50,IE_KAL,879.6,996.5,609,762,1149,1079,,,,,,Mostly Sunny,
2026-05-15 13:39:37,RPi_001,rpi_camera,6231,22,1,34.6,19.0,659,487,0.0659,0.0487,0.5,0.5,0.2500,0.5m x 0.5m,0.40,IE_KAL,883.2,995.2,612,761,1154,1079,,,,,,Mostly Sunny,
2026-05-15 13:39:37,RPi_001,rpi_camera,6232,22,1,34.1,18.9,646,466,0.0646,0.0466,0.5,0.5,0.2500,0.5m x 0.5m,0.53,IE_KAL,877.9,998.3,606,764,1148,1079,,,,,,Mostly Sunny,
2026-05-15 13:39:37,RPi_001,rpi_camera,6233,22,1,34.6,19.0,659,472,0.0659,0.0472,0.5,0.5,0.2500,0.5m x 0.5m,0.42,IE_KAL,878.5,997.1,607,763,1149,1079,,,,,,Mostly Sunny,
2026-05-15 13:39:37,RPi_001,rpi_camera,6234,22,1,34.1,18.9,646,485,0.0646,0.0485,0.5,0.5,0.2500,0.5m x 0.5m,0.52,IE_KAL,883.4,995.5,612,761,1154,1079,,,,,,Mostly Sunny,
2026-05-15 13:39:37,RPi_001,rpi_camera,6235,22,1,34.5,18.9,653,479,0.0653,0.0479,0.5,0.5,0.2500,0.5m x 0.5m,0.45,IE_KAL,882.2,995.7,611,761,1153,1079,,,,,,Mostly Sunny,
2026-05-15 13:39:37,RPi_001,rpi_camera,6236,22,1,34.2,19.4,663,477,0.0663,0.0477,0.5,0.5,0.2500,0.5m x 0.5m,0.53,IE_KAL,881.2,995.3,611,761,1151,1079,,,,,,Mostly Sunny,
2026-05-15 13:39:38,RPi_001,rpi_camera,6237,22,1,34.6,19.0,659,469,0.0659,0.0469,0.5,0.5,0.2500,0.5m x 0.5m,0.46,IE_KAL,877.8,997.6,606,763,1148,1079,,,,,,Mostly Sunny,
2026-05-15 13:39:38,RPi_001,rpi_camera,6238,22,1,34.1,18.9,646,459,0.0646,0.0459,0.5,0.5,0.2500,0.5m x 0.5m,0.54,IE_KAL,876.3,998.7,605,764,1147,1079,,,,,,Mostly Sunny,
2026-05-15 13:39:38,RPi_001,rpi_camera,6239,22,1,34.8,19.0,661,486,0.0661,0.0486,0.5,0.5,0.2500,0.5m x 0.5m,0.48,IE_KAL,882.2,995.1,611,762,1152,1079,,,,,,Mostly Sunny,
2026-05-15 13:39:38,RPi_001,rpi_camera,6240,22,1,34.2,19.4,663,473,0.0663,0.0473,0.5,0.5,0.2500,0.5m x 0.5m,0.48,IE_KAL,878.2,996.9,608,763,1148,1079,,,,,,Mostly Sunny,
2026-05-15 13:39:38,RPi_001,rpi_camera,6241,22,1,34.1,18.9,646,477,0.0646,0.0477,0.5,0.5,0.2500,0.5m x 0.5m,0.57,IE_KAL,882.5,995.9,611,762,1153,1079,,,,,,Mostly Sunny,
2026-05-15 13:39:38,RPi_001,rpi_camera,6242,22,1,34.5,19.4,668,474,0.0668,0.0474,0.5,0.5,0.2500,0.5m x 0.5m,0.45,IE_KAL,878.7,996.9,608,763,1148,1079,,,,,,Mostly Sunny,
2026-05-15 13:39:38,RPi_001,rpi_camera,6243,22,1,34.4,19.4,666,476,0.0666,0.0476,0.5,0.5,0.2500,0.5m x 0.5m,0.43,IE_KAL,879.7,996.5,609,762,1149,1079,,,,,,Mostly Sunny,
2026-05-15 13:39:38,RPi_001,rpi_camera,6244,22,1,34.1,18.9,646,459,0.0646,0.0459,0.5,0.5,0.2500,0.5m x 0.5m,0.45,IE_KAL,876.5,998.6,605,764,1147,1079,,,,,,Mostly Sunny,
2026-05-15 13:39:38,RPi_001,rpi_camera,6245,22,1,34.1,18.9,646,468,0.0646,0.0468,0.5,0.5,0.2500,0.5m x 0.5m,0.52,IE_KAL,879.0,997.7,608,763,1149,1079,,,,,,Mostly Sunny,
2026-05-15 13:39:38,RPi_001,rpi_camera,6246,22,1,34.4,19.0,655,480,0.0655,0.0480,0.5,0.5,0.2500,0.5m x 0.5m,0.45,IE_KAL,882.3,995.7,611,761,1153,1079,,,,,,Mostly Sunny,
2026-05-15 13:39:38,RPi_001,rpi_camera,6247,22,1,34.2,19.4,663,470,0.0663,0.0470,0.5,0.5,0.2500,0.5m x 0.5m,0.47,IE_KAL,878.4,997.3,608,763,1148,1079,,,,,,Mostly Sunny,
2026-05-15 13:39:38,RPi_001,rpi_camera,6248,22,1,34.5,19.0,656,476,0.0656,0.0476,0.5,0.5,0.2500,0.5m x 0.5m,0.45,IE_KAL,881.5,995.7,611,763,1152,1079,,,,,,Mostly Sunny,
2026-05-15 13:39:38,RPi_001,rpi_camera,6249,22,1,34.1,18.9,646,478,0.0646,0.0478,0.5,0.5,0.2500,0.5m x 0.5m,0.54,IE_KAL,882.3,995.7,611,761,1153,1079,,,,,,Mostly Sunny,
2026-05-15 13:39:38,RPi_001,rpi_camera,6250,22,1,34.1,18.9,646,482,0.0646,0.0482,0.5,0.5,0.2500,0.5m x 0.5m,0.49,IE_KAL,882.6,995.4,611,761,1153,1079,,,,,,Mostly Sunny,
2026-05-15 13:39:38,RPi_001,rpi_camera,6251,22,1,34.3,19.6,671,478,0.0671,0.0478,0.5,0.5,0.2500,0.5m x 0.5m,0.45,IE_KAL,878.6,996.1,608,762,1148,1079,,,,,,Mostly Sunny,
2026-05-15 13:39:38,RPi_001,rpi_camera,6252,22,1,34.4,19.4,666,477,0.0666,0.0477,0.5,0.5,0.2500,0.5m x 0.5m,0.45,IE_KAL,879.3,996.7,609,762,1149,1079,,,,,,Mostly Sunny,
2026-05-15 13:39:39,RPi_001,rpi_camera,6253,22,1,34.5,19.1,660,481,0.0660,0.0481,0.5,0.5,0.2500,0.5m x 0.5m,0.43,IE_KAL,881.6,995.7,611,761,1152,1079,,,,,,Mostly Sunny,
2026-05-15 13:39:39,RPi_001,rpi_camera,6254,22,1,34.2,19.4,663,469,0.0663,0.0469,0.5,0.5,0.2500,0.5m x 0.5m,0.45,IE_KAL,877.9,997.4,607,763,1147,1079,,,,,,Mostly Sunny,
2026-05-15 13:39:39,RPi_001,rpi_camera,6255,22,1,34.5,19.0,657,476,0.0657,0.0476,0.5,0.5,0.2500,0.5m x 0.5m,0.44,IE_KAL,879.5,997.2,608,763,1150,1079,,,,,,Mostly Sunny,
2026-05-15 13:39:39,RPi_001,rpi_camera,6256,22,1,34.1,18.9,646,475,0.0646,0.0475,0.5,0.5,0.2500,0.5m x 0.5m,0.56,IE_KAL,880.0,997.3,609,763,1150,1079,,,,,,Mostly Sunny,
2026-05-15 13:39:39,RPi_001,rpi_camera,6257,22,1,34.1,18.9,646,480,0.0646,0.0480,0.5,0.5,0.2500,0.5m x 0.5m,0.44,IE_KAL,882.8,995.7,611,761,1153,1079,,,,,,Mostly Sunny,
2026-05-15 13:39:39,RPi_001,rpi_camera,6258,22,1,34.4,19.4,666,476,0.0666,0.0476,0.5,0.5,0.2500,0.5m x 0.5m,0.43,IE_KAL,879.4,996.7,609,762,1149,1079,,,,,,Mostly Sunny,
2026-05-15 13:39:39,RPi_001,rpi_camera,6259,22,1,34.5,19.0,657,480,0.0657,0.0480,0.5,0.5,0.2500,0.5m x 0.5m,0.45,IE_KAL,882.2,995.6,611,761,1153,1079,,,,,,Mostly Sunny,
2026-05-15 13:39:39,RPi_001,rpi_camera,6260,22,1,34.2,19.4,663,485,0.0663,0.0485,0.5,0.5,0.2500,0.5m x 0.5m,0.43,IE_KAL,882.7,994.6,612,760,1152,1079,,,,,,Mostly Sunny,
2026-05-15 13:39:39,RPi_001,rpi_camera,6261,22,1,34.1,18.9,646,477,0.0646,0.0477,0.5,0.5,0.2500,0.5m x 0.5m,0.57,IE_KAL,882.3,995.7,611,761,1153,1079,,,,,,Mostly Sunny,
2026-05-15 13:39:39,RPi_001,rpi_camera,6262,22,1,34.5,19.1,659,479,0.0659,0.0479,0.5,0.5,0.2500,0.5m x 0.5m,0.43,IE_KAL,881.6,995.3,611,762,1152,1079,,,,,,Mostly Sunny,
2026-05-15 13:39:39,RPi_001,rpi_camera,6263,22,1,34.4,19.0,654,468,0.0654,0.0468,0.5,0.5,0.2500,0.5m x 0.5m,0.44,IE_KAL,877.2,997.5,606,764,1147,1079,,,,,,Mostly Sunny,
2026-05-15 13:39:39,RPi_001,rpi_camera,6264,22,1,34.4,19.0,654,485,0.0654,0.0485,0.5,0.5,0.2500,0.5m x 0.5m,0.43,IE_KAL,882.6,995.4,612,762,1153,1079,,,,,,Mostly Sunny,
2026-05-15 13:39:40,RPi_001,rpi_camera,6265,22,1,34.2,18.9,648,484,0.0648,0.0484,0.5,0.5,0.2500,0.5m x 0.5m,0.44,IE_KAL,882.6,995.1,611,761,1153,1079,,,,,,Mostly Sunny,
2026-05-15 13:39:40,RPi_001,rpi_camera,6266,22,1,34.2,19.4,663,488,0.0663,0.0488,0.5,0.5,0.2500,0.5m x 0.5m,0.45,IE_KAL,882.8,994.8,612,760,1152,1079,,,,,,Mostly Sunny,
2026-05-15 13:39:40,RPi_001,rpi_camera,6267,22,1,34.1,18.9,646,479,0.0646,0.0479,0.5,0.5,0.2500,0.5m x 0.5m,0.45,IE_KAL,882.7,995.6,611,761,1153,1079,,,,,,Mostly Sunny,
2026-05-15 13:39:40,RPi_001,rpi_camera,6268,22,1,34.5,19.1,660,484,0.0660,0.0484,0.5,0.5,0.2500,0.5m x 0.5m,0.46,IE_KAL,882.9,995.3,612,761,1153,1079,,,,,,Mostly Sunny,
2026-05-15 13:39:40,RPi_001,rpi_camera,6269,22,1,34.2,19.4,663,475,0.0663,0.0475,0.5,0.5,0.2500,0.5m x 0.5m,0.47,IE_KAL,879.0,997.0,608,763,1149,1079,,,,,,Mostly Sunny,
2026-05-15 13:39:40,RPi_001,rpi_camera,6270,22,1,34.6,19.0,657,492,0.0657,0.0492,0.5,0.5,0.2500,0.5m x 0.5m,0.43,IE_KAL,883.1,995.3,612,762,1153,1079,,,,,,Mostly Sunny,
2026-05-15 13:39:40,RPi_001,rpi_camera,6271,22,1,34.1,18.9,646,476,0.0646,0.0476,0.5,0.5,0.2500,0.5m x 0.5m,0.55,IE_KAL,882.3,995.7,611,761,1153,1079,,,,,,Mostly Sunny,
2026-05-15 13:39:40,RPi_001,rpi_camera,6272,22,1,34.5,19.0,656,485,0.0656,0.0485,0.5,0.5,0.2500,0.5m x 0.5m,0.45,IE_KAL,882.4,995.4,611,762,1152,1079,,,,,,Mostly Sunny,
2026-05-15 13:39:40,RPi_001,rpi_camera,6273,22,1,34.5,19.0,656,478,0.0656,0.0478,0.5,0.5,0.2500,0.5m x 0.5m,0.45,IE_KAL,879.0,996.8,608,764,1149,1079,,,,,,Mostly Sunny,
2026-05-15 13:39:40,RPi_001,rpi_camera,6274,22,1,34.1,18.9,646,480,0.0646,0.0480,0.5,0.5,0.2500,0.5m x 0.5m,0.52,IE_KAL,882.6,995.7,611,761,1153,1079,,,,,,Mostly Sunny,
2026-05-15 13:39:40,RPi_001,rpi_camera,6275,22,1,34.1,18.9,646,481,0.0646,0.0481,0.5,0.5,0.2500,0.5m x 0.5m,0.47,IE_KAL,883.1,995.9,612,762,1153,1079,,,,,,Mostly Sunny,
2026-05-15 13:39:40,RPi_001,rpi_camera,6276,22,1,34.1,18.9,646,482,0.0646,0.0482,0.5,0.5,0.2500,0.5m x 0.5m,0.58,IE_KAL,882.7,995.7,611,761,1153,1079,,,,,,Mostly Sunny,
2026-05-15 13:39:40,RPi_001,rpi_camera,6277,22,1,34.1,18.9,646,478,0.0646,0.0478,0.5,0.5,0.2500,0.5m x 0.5m,0.58,IE_KAL,883.0,995.9,612,762,1153,1079,,,,,,Mostly Sunny,
2026-05-15 13:39:40,RPi_001,rpi_camera,6278,22,1,34.2,19.4,663,476,0.0663,0.0476,0.5,0.5,0.2500,0.5m x 0.5m,0.57,IE_KAL,879.0,997.0,608,763,1149,1079,,,,,,Mostly Sunny,
2026-05-15 13:39:40,RPi_001,rpi_camera,6279,22,1,34.2,19.4,663,479,0.0663,0.0479,0.5,0.5,0.2500,0.5m x 0.5m,0.61,IE_KAL,882.3,995.4,612,761,1152,1079,,,,,,Mostly Sunny,
2026-05-15 13:39:40,RPi_001,rpi_camera,6280,22,1,34.2,19.4,663,475,0.0663,0.0475,0.5,0.5,0.2500,0.5m x 0.5m,0.44,IE_KAL,878.6,997.0,608,763,1148,1079,,,,,,Mostly Sunny,
2026-05-15 13:39:41,RPi_001,rpi_camera,6281,22,1,34.1,18.9,646,460,0.0646,0.0460,0.5,0.5,0.2500,0.5m x 0.5m,0.52,IE_KAL,876.4,998.7,605,764,1147,1079,,,,,,Mostly Sunny,
2026-05-15 13:39:41,RPi_001,rpi_camera,6282,22,1,34.2,19.4,663,473,0.0663,0.0473,0.5,0.5,0.2500,0.5m x 0.5m,0.69,IE_KAL,878.2,997.2,608,763,1148,1079,,,,,,Mostly Sunny,
2026-05-15 13:39:41,RPi_001,rpi_camera,6283,22,1,34.1,18.9,646,469,0.0646,0.0469,0.5,0.5,0.2500,0.5m x 0.5m,0.64,IE_KAL,879.0,998.1,608,764,1149,1079,,,,,,Mostly Sunny,
2026-05-15 13:39:41,RPi_001,rpi_camera,6284,22,1,34.1,18.9,646,461,0.0646,0.0461,0.5,0.5,0.2500,0.5m x 0.5m,0.65,IE_KAL,876.8,999.1,605,765,1147,1079,,,,,,Mostly Sunny,
2026-05-15 13:39:41,RPi_001,rpi_camera,6285,22,1,34.4,19.4,666,464,0.0666,0.0464,0.5,0.5,0.2500,0.5m x 0.5m,0.45,IE_KAL,876.4,998.0,606,764,1146,1079,,,,,,Mostly Sunny,
2026-05-15 13:39:41,RPi_001,rpi_camera,6287,22,1,34.4,19.4,666,470,0.0666,0.0470,0.5,0.5,0.2500,0.5m x 0.5m,0.38,IE_KAL,876.5,997.0,606,763,1146,1079,,,,,,Mostly Sunny,
2026-05-15 13:39:41,RPi_001,rpi_camera,6291,22,1,34.4,19.4,666,478,0.0666,0.0478,0.5,0.5,0.2500,0.5m x 0.5m,0.35,IE_KAL,878.0,996.2,607,762,1148,1079,,,,,,Mostly Sunny,
2026-05-15 13:39:42,RPi_001,rpi_camera,6299,22,1,34.6,20.6,714,512,0.0714,0.0512,0.5,0.5,0.2500,0.5m x 0.5m,0.42,IE_KAL,885.2,994.0,616,760,1153,1079,,,,,,Mostly Sunny,
2026-05-15 13:39:43,RPi_001,rpi_camera,6324,24,1,34.9,26.7,934,744,0.0934,0.0744,0.5,0.5,0.2500,0.5m x 0.5m,0.40,IE_KAL,813.5,728.3,620,631,1006,824,,,,,,Mostly Sunny,/home/pi/pothole_crops_20260515_133308/pothole_track24.jpg
2026-05-15 13:39:44,RPi_001,rpi_camera,6326,24,1,34.4,26.5,913,695,0.0913,0.0695,0.5,0.5,0.2500,0.5m x 0.5m,0.44,IE_KAL,807.2,730.0,614,633,1000,826,,,,,,Mostly Sunny,
2026-05-15 13:39:44,RPi_001,rpi_camera,6327,24,1,34.8,26.7,931,717,0.0931,0.0717,0.5,0.5,0.2500,0.5m x 0.5m,0.47,IE_KAL,809.6,728.8,616,632,1002,825,,,,,,Mostly Sunny,
2026-05-15 13:39:44,RPi_001,rpi_camera,6328,24,1,35.1,27.0,947,720,0.0947,0.0720,0.5,0.5,0.2500,0.5m x 0.5m,0.45,IE_KAL,809.7,729.0,616,632,1002,825,,,,,,Mostly Sunny,
2026-05-15 13:39:44,RPi_001,rpi_camera,6329,24,1,35.0,26.3,921,699,0.0921,0.0699,0.5,0.5,0.2500,0.5m x 0.5m,0.51,IE_KAL,807.9,729.6,615,633,1000,825,,,,,,Mostly Sunny,
2026-05-15 13:39:44,RPi_001,rpi_camera,6330,24,1,34.9,26.8,934,733,0.0934,0.0733,0.5,0.5,0.2500,0.5m x 0.5m,0.43,IE_KAL,811.1,728.3,618,632,1003,824,,,,,,Mostly Sunny,
2026-05-15 13:39:44,RPi_001,rpi_camera,6331,24,1,34.9,26.8,934,724,0.0934,0.0724,0.5,0.5,0.2500,0.5m x 0.5m,0.46,IE_KAL,809.5,728.6,616,632,1002,824,,,,,,Mostly Sunny,
2026-05-15 13:39:44,RPi_001,rpi_camera,6332,24,1,34.9,26.3,918,692,0.0918,0.0692,0.5,0.5,0.2500,0.5m x 0.5m,0.45,IE_KAL,806.7,729.7,613,633,999,825,,,,,,Mostly Sunny,
2026-05-15 13:39:44,RPi_001,rpi_camera,6333,24,1,35.3,26.8,945,720,0.0945,0.0720,0.5,0.5,0.2500,0.5m x 0.5m,0.45,IE_KAL,809.2,728.6,616,632,1002,824,,,,,,Mostly Sunny,
2026-05-15 13:39:44,RPi_001,rpi_camera,6334,24,1,35.1,26.7,938,734,0.0938,0.0734,0.5,0.5,0.2500,0.5m x 0.5m,0.46,IE_KAL,813.7,727.6,620,631,1006,823,,,,,,Mostly Sunny,
2026-05-15 13:39:44,RPi_001,rpi_camera,6335,24,1,35.1,26.8,941,726,0.0941,0.0726,0.5,0.5,0.2500,0.5m x 0.5m,0.38,IE_KAL,810.3,728.5,617,632,1003,824,,,,,,Mostly Sunny,
2026-05-15 13:39:44,RPi_001,rpi_camera,6336,24,1,34.8,26.5,923,741,0.0923,0.0741,0.5,0.5,0.2500,0.5m x 0.5m,0.38,IE_KAL,813.5,728.0,620,631,1006,824,,,,,,Mostly Sunny,
2026-05-15 13:39:44,RPi_001,rpi_camera,6337,24,1,35.1,26.8,941,739,0.0941,0.0739,0.5,0.5,0.2500,0.5m x 0.5m,0.45,IE_KAL,812.4,728.1,619,631,1005,824,,,,,,Mostly Sunny,
2026-05-15 13:39:44,RPi_001,rpi_camera,6338,24,1,35.1,26.5,930,738,0.0930,0.0738,0.5,0.5,0.2500,0.5m x 0.5m,0.44,IE_KAL,814.0,728.0,620,631,1007,824,,,,,,Mostly Sunny,
2026-05-15 13:39:44,RPi_001,rpi_camera,6339,24,1,35.2,26.5,934,737,0.0934,0.0737,0.5,0.5,0.2500,0.5m x 0.5m,0.46,IE_KAL,812.2,728.4,619,632,1005,824,,,,,,Mostly Sunny,
2026-05-15 13:39:44,RPi_001,rpi_camera,6340,24,1,35.1,26.8,941,750,0.0941,0.0750,0.5,0.5,0.2500,0.5m x 0.5m,0.47,IE_KAL,814.3,727.5,621,631,1007,823,,,,,,Mostly Sunny,
2026-05-15 13:39:45,RPi_001,rpi_camera,6341,24,1,35.3,26.8,945,746,0.0945,0.0746,0.5,0.5,0.2500,0.5m x 0.5m,0.45,IE_KAL,814.3,727.5,621,631,1007,823,,,,,,Mostly Sunny,
2026-05-15 13:39:45,RPi_001,rpi_camera,6342,24,1,35.1,26.7,938,752,0.0938,0.0752,0.5,0.5,0.2500,0.5m x 0.5m,0.51,IE_KAL,814.3,728.0,621,631,1007,824,,,,,,Mostly Sunny,
2026-05-15 13:39:45,RPi_001,rpi_camera,6343,24,1,35.2,27.0,950,753,0.0950,0.0753,0.5,0.5,0.2500,0.5m x 0.5m,0.51,IE_KAL,814.6,727.4,621,631,1007,823,,,,,,Mostly Sunny,
2026-05-15 13:39:45,RPi_001,rpi_camera,6344,24,1,35.2,26.7,941,761,0.0941,0.0761,0.5,0.5,0.2500,0.5m x 0.5m,0.46,IE_KAL,815.2,727.7,622,631,1008,824,,,,,,Mostly Sunny,
2026-05-15 13:39:45,RPi_001,rpi_camera,6345,24,1,35.2,27.0,950,762,0.0950,0.0762,0.5,0.5,0.2500,0.5m x 0.5m,0.51,IE_KAL,814.3,727.6,621,631,1007,823,,,,,,Mostly Sunny,
2026-05-15 13:39:45,RPi_001,rpi_camera,6346,24,1,35.2,27.0,950,759,0.0950,0.0759,0.5,0.5,0.2500,0.5m x 0.5m,0.51,IE_KAL,814.8,727.3,621,630,1007,823,,,,,,Mostly Sunny,
2026-05-15 13:39:45,RPi_001,rpi_camera,6347,24,1,35.6,26.7,951,764,0.0951,0.0764,0.5,0.5,0.2500,0.5m x 0.5m,0.51,IE_KAL,815.3,727.7,622,631,1008,824,,,,,,Mostly Sunny,
2026-05-15 13:39:45,RPi_001,rpi_camera,6348,24,1,35.6,26.7,951,758,0.0951,0.0758,0.5,0.5,0.2500,0.5m x 0.5m,0.51,IE_KAL,814.5,728.0,621,631,1007,824,,,,,,Mostly Sunny,
2026-05-15 13:39:45,RPi_001,rpi_camera,6349,24,1,35.3,26.7,945,758,0.0945,0.0758,0.5,0.5,0.2500,0.5m x 0.5m,0.51,IE_KAL,814.2,728.1,621,631,1007,824,,,,,,Mostly Sunny,
2026-05-15 13:39:45,RPi_001,rpi_camera,6350,24,1,35.3,26.7,945,761,0.0945,0.0761,0.5,0.5,0.2500,0.5m x 0.5m,0.51,IE_KAL,814.7,727.6,621,631,1007,823,,,,,,Mostly Sunny,
2026-05-15 13:39:45,RPi_001,rpi_camera,6351,24,1,35.1,26.9,947,759,0.0947,0.0759,0.5,0.5,0.2500,0.5m x 0.5m,0.51,IE_KAL,814.8,728.1,621,631,1008,824,,,,,,Mostly Sunny,
2026-05-15 13:39:45,RPi_001,rpi_camera,6352,24,1,35.2,26.5,934,752,0.0934,0.0752,0.5,0.5,0.2500,0.5m x 0.5m,0.51,IE_KAL,814.3,728.0,621,631,1007,824,,,,,,Mostly Sunny,
2026-05-15 13:39:46,RPi_001,rpi_camera,6353,24,1,35.2,27.0,950,757,0.0950,0.0757,0.5,0.5,0.2500,0.5m x 0.5m,0.51,IE_KAL,813.9,727.7,620,631,1007,824,,,,,,Mostly Sunny,
2026-05-15 13:39:46,RPi_001,rpi_camera,6354,24,1,35.5,26.7,948,750,0.0948,0.0750,0.5,0.5,0.2500,0.5m x 0.5m,0.51,IE_KAL,814.4,728.0,621,631,1007,824,,,,,,Mostly Sunny,
2026-05-15 13:39:46,RPi_001,rpi_camera,6355,24,1,35.3,26.7,945,759,0.0945,0.0759,0.5,0.5,0.2500,0.5m x 0.5m,0.51,IE_KAL,814.9,728.0,621,631,1008,824,,,,,,Mostly Sunny,
2026-05-15 13:39:46,RPi_001,rpi_camera,6356,24,1,35.2,27.0,950,763,0.0950,0.0763,0.5,0.5,0.2500,0.5m x 0.5m,0.51,IE_KAL,814.8,727.6,621,631,1007,823,,,,,,Mostly Sunny,
2026-05-15 13:39:46,RPi_001,rpi_camera,6357,24,1,35.2,27.0,950,762,0.0950,0.0762,0.5,0.5,0.2500,0.5m x 0.5m,0.51,IE_KAL,814.2,727.6,621,631,1007,823,,,,,,Mostly Sunny,
2026-05-15 13:39:46,RPi_001,rpi_camera,6358,24,1,35.5,26.9,957,760,0.0957,0.0760,0.5,0.5,0.2500,0.5m x 0.5m,0.51,IE_KAL,814.7,728.1,621,631,1008,824,,,,,,Mostly Sunny,
2026-05-15 13:39:46,RPi_001,rpi_camera,6359,24,1,35.6,27.0,961,760,0.0961,0.0760,0.5,0.5,0.2500,0.5m x 0.5m,0.51,IE_KAL,814.5,727.8,621,631,1007,824,,,,,,Mostly Sunny,
2026-05-15 13:39:46,RPi_001,rpi_camera,6360,24,1,35.5,27.0,957,767,0.0957,0.0767,0.5,0.5,0.2500,0.5m x 0.5m,0.51,IE_KAL,815.0,727.5,621,631,1008,823,,,,,,Mostly Sunny,
2026-05-15 13:39:46,RPi_001,rpi_camera,6361,24,1,35.7,27.3,972,765,0.0972,0.0765,0.5,0.5,0.2500,0.5m x 0.5m,0.51,IE_KAL,814.4,727.7,621,631,1007,823,,,,,,Mostly Sunny,
2026-05-15 13:39:46,RPi_001,rpi_camera,6362,24,1,35.3,26.9,950,757,0.0950,0.0757,0.5,0.5,0.2500,0.5m x 0.5m,0.51,IE_KAL,814.5,728.0,620,631,1007,824,,,,,,Mostly Sunny,
2026-05-15 13:39:46,RPi_001,rpi_camera,6363,24,1,35.2,27.0,950,765,0.0950,0.0765,0.5,0.5,0.2500,0.5m x 0.5m,0.51,IE_KAL,814.6,727.5,621,631,1007,823,,,,,,Mostly Sunny,
2026-05-15 13:39:46,RPi_001,rpi_camera,6364,24,1,35.6,27.0,961,763,0.0961,0.0763,0.5,0.5,0.2500,0.5m x 0.5m,0.51,IE_KAL,814.7,727.6,621,631,1007,823,,,,,,Mostly Sunny,
2026-05-15 13:39:46,RPi_001,rpi_camera,6365,24,1,35.5,26.7,948,754,0.0948,0.0754,0.5,0.5,0.2500,0.5m x 0.5m,0.51,IE_KAL,814.6,727.6,621,631,1007,823,,,,,,Mostly Sunny,
2026-05-15 13:39:46,RPi_001,rpi_camera,6366,24,1,35.7,27.3,972,767,0.0972,0.0767,0.5,0.5,0.2500,0.5m x 0.5m,0.51,IE_KAL,814.6,727.3,621,631,1007,823,,,,,,Mostly Sunny,
2026-05-15 13:39:46,RPi_001,rpi_camera,6367,24,1,35.9,27.0,968,769,0.0968,0.0769,0.5,0.5,0.2500,0.5m x 0.5m,0.51,IE_KAL,814.6,727.5,621,631,1007,823,,,,,,Mostly Sunny,
2026-05-15 13:39:46,RPi_001,rpi_camera,6368,24,1,35.3,26.9,950,761,0.0950,0.0761,0.5,0.5,0.2500,0.5m x 0.5m,0.51,IE_KAL,814.7,728.0,621,631,1008,824,,,,,,Mostly Sunny,
2026-05-15 13:39:47,RPi_001,rpi_camera,6369,24,1,35.3,26.7,945,753,0.0945,0.0753,0.5,0.5,0.2500,0.5m x 0.5m,0.47,IE_KAL,814.0,728.2,620,631,1007,824,,,,,,Mostly Sunny,
2026-05-15 13:39:47,RPi_001,rpi_camera,6370,24,1,35.7,27.3,972,774,0.0972,0.0774,0.5,0.5,0.2500,0.5m x 0.5m,0.51,IE_KAL,815.2,727.3,622,630,1008,823,,,,,,Mostly Sunny,
2026-05-15 13:39:47,RPi_001,rpi_camera,6371,24,1,35.1,26.7,938,760,0.0938,0.0760,0.5,0.5,0.2500,0.5m x 0.5m,0.46,IE_KAL,814.7,727.7,621,631,1007,824,,,,,,Mostly Sunny,
2026-05-15 13:39:47,RPi_001,rpi_camera,6372,24,1,35.5,26.7,948,763,0.0948,0.0763,0.5,0.5,0.2500,0.5m x 0.5m,0.51,IE_KAL,815.3,727.8,622,631,1008,824,,,,,,Mostly Sunny,
2026-05-15 13:39:47,RPi_001,rpi_camera,6373,24,1,35.2,27.0,950,761,0.0950,0.0761,0.5,0.5,0.2500,0.5m x 0.5m,0.44,IE_KAL,814.4,727.4,621,631,1007,823,,,,,,Mostly Sunny,
2026-05-15 13:39:47,RPi_001,rpi_camera,6374,24,1,35.3,26.7,945,761,0.0945,0.0761,0.5,0.5,0.2500,0.5m x 0.5m,0.51,IE_KAL,814.8,727.8,621,631,1008,824,,,,,,Mostly Sunny,
2026-05-15 13:39:47,RPi_001,rpi_camera,6375,24,1,35.5,26.7,948,759,0.0948,0.0759,0.5,0.5,0.2500,0.5m x 0.5m,0.51,IE_KAL,814.7,728.0,621,631,1007,824,,,,,,Mostly Sunny,
2026-05-15 13:39:47,RPi_001,rpi_camera,6376,24,1,35.2,26.7,941,759,0.0941,0.0759,0.5,0.5,0.2500,0.5m x 0.5m,0.51,IE_KAL,814.9,727.9,621,631,1008,824,,,,,,Mostly Sunny,
2026-05-15 13:39:47,RPi_001,rpi_camera,6377,24,1,35.6,26.7,951,761,0.0951,0.0761,0.5,0.5,0.2500,0.5m x 0.5m,0.47,IE_KAL,814.6,727.9,621,631,1007,824,,,,,,Mostly Sunny,
2026-05-15 13:39:47,RPi_001,rpi_camera,6378,24,1,35.5,27.0,957,767,0.0957,0.0767,0.5,0.5,0.2500,0.5m x 0.5m,0.51,IE_KAL,815.1,727.5,621,631,1008,823,,,,,,Mostly Sunny,
2026-05-15 13:39:47,RPi_001,rpi_camera,6379,24,1,35.7,27.3,972,766,0.0972,0.0766,0.5,0.5,0.2500,0.5m x 0.5m,0.51,IE_KAL,814.4,727.6,621,631,1007,823,,,,,,Mostly Sunny,
2026-05-15 13:39:47,RPi_001,rpi_camera,6380,24,1,35.3,26.7,945,757,0.0945,0.0757,0.5,0.5,0.2500,0.5m x 0.5m,0.47,IE_KAL,814.3,727.9,621,631,1007,824,,,,,,Mostly Sunny,
2026-05-15 13:39:48,RPi_001,rpi_camera,6381,24,1,35.3,26.7,945,753,0.0945,0.0753,0.5,0.5,0.2500,0.5m x 0.5m,0.47,IE_KAL,813.8,728.1,620,631,1006,824,,,,,,Mostly Sunny,
2026-05-15 13:39:48,RPi_001,rpi_camera,6382,24,1,35.6,27.0,961,770,0.0961,0.0770,0.5,0.5,0.2500,0.5m x 0.5m,0.51,IE_KAL,815.1,727.6,621,631,1008,823,,,,,,Mostly Sunny,
2026-05-15 13:39:48,RPi_001,rpi_camera,6383,24,1,35.2,26.5,934,757,0.0934,0.0757,0.5,0.5,0.2500,0.5m x 0.5m,0.51,IE_KAL,814.6,727.8,621,631,1007,823,,,,,,Mostly Sunny,
2026-05-15 13:39:48,RPi_001,rpi_camera,6384,24,1,35.6,27.0,961,762,0.0961,0.0762,0.5,0.5,0.2500,0.5m x 0.5m,0.51,IE_KAL,814.6,727.6,621,631,1007,823,,,,,,Mostly Sunny,
2026-05-15 13:39:48,RPi_001,rpi_camera,6385,24,1,35.3,27.0,954,766,0.0954,0.0766,0.5,0.5,0.2500,0.5m x 0.5m,0.49,IE_KAL,814.9,727.3,621,630,1008,823,,,,,,Mostly Sunny,
2026-05-15 13:39:48,RPi_001,rpi_camera,6386,24,1,35.6,27.0,961,763,0.0961,0.0763,0.5,0.5,0.2500,0.5m x 0.5m,0.51,IE_KAL,814.6,727.7,621,631,1007,824,,,,,,Mostly Sunny,
2026-05-15 13:39:48,RPi_001,rpi_camera,6387,24,1,35.6,26.7,951,761,0.0951,0.0761,0.5,0.5,0.2500,0.5m x 0.5m,0.51,IE_KAL,814.8,727.9,621,631,1008,824,,,,,,Mostly Sunny,
2026-05-15 13:39:48,RPi_001,rpi_camera,6388,24,1,35.2,26.7,941,760,0.0941,0.0760,0.5,0.5,0.2500,0.5m x 0.5m,0.51,IE_KAL,814.9,727.6,621,631,1008,823,,,,,,Mostly Sunny,
2026-05-15 13:39:48,RPi_001,rpi_camera,6389,24,1,35.2,26.7,941,757,0.0941,0.0757,0.5,0.5,0.2500,0.5m x 0.5m,0.51,IE_KAL,814.2,727.9,621,631,1007,824,,,,,,Mostly Sunny,
2026-05-15 13:39:48,RPi_001,rpi_camera,6390,24,1,35.3,27.0,954,760,0.0954,0.0760,0.5,0.5,0.2500,0.5m x 0.5m,0.53,IE_KAL,814.5,727.9,621,631,1007,824,,,,,,Mostly Sunny,
2026-05-15 13:39:48,RPi_001,rpi_camera,6391,24,1,35.2,26.7,941,755,0.0941,0.0755,0.5,0.5,0.2500,0.5m x 0.5m,0.51,IE_KAL,814.5,728.0,621,631,1007,824,,,,,,Mostly Sunny,
2026-05-15 13:39:48,RPi_001,rpi_camera,6392,24,1,35.5,27.0,957,766,0.0957,0.0766,0.5,0.5,0.2500,0.5m x 0.5m,0.51,IE_KAL,815.0,727.4,621,631,1008,823,,,,,,Mostly Sunny,
2026-05-15 13:39:48,RPi_001,rpi_camera,6393,24,1,35.3,27.0,954,761,0.0954,0.0761,0.5,0.5,0.2500,0.5m x 0.5m,0.46,IE_KAL,814.7,727.3,621,630,1007,823,,,,,,Mostly Sunny,
2026-05-15 13:39:48,RPi_001,rpi_camera,6394,24,1,35.6,27.0,961,763,0.0961,0.0763,0.5,0.5,0.2500,0.5m x 0.5m,0.51,IE_KAL,815.0,727.7,621,631,1008,824,,,,,,Mostly Sunny,
2026-05-15 13:39:48,RPi_001,rpi_camera,6395,24,1,35.2,27.0,950,763,0.0950,0.0763,0.5,0.5,0.2500,0.5m x 0.5m,0.51,IE_KAL,814.5,727.7,621,631,1007,823,,,,,,Mostly Sunny,
2026-05-15 13:39:48,RPi_001,rpi_camera,6396,24,1,35.3,26.9,950,759,0.0950,0.0759,0.5,0.5,0.2500,0.5m x 0.5m,0.51,IE_KAL,814.7,728.1,621,631,1008,824,,,,,,Mostly Sunny,
2026-05-15 13:39:49,RPi_001,rpi_camera,6397,24,1,35.5,27.0,957,766,0.0957,0.0766,0.5,0.5,0.2500,0.5m x 0.5m,0.49,IE_KAL,814.7,727.7,621,631,1007,823,,,,,,Mostly Sunny,
2026-05-15 13:39:49,RPi_001,rpi_camera,6398,24,1,35.7,27.3,975,773,0.0975,0.0773,0.5,0.5,0.2500,0.5m x 0.5m,0.45,IE_KAL,814.8,726.7,622,630,1007,822,,,,,,Mostly Sunny,
2026-05-15 13:39:49,RPi_001,rpi_camera,6399,24,1,35.2,27.2,957,759,0.0957,0.0759,0.5,0.5,0.2500,0.5m x 0.5m,0.47,IE_KAL,814.6,727.7,621,631,1007,824,,,,,,Mostly Sunny,
2026-05-15 13:39:49,RPi_001,rpi_camera,6400,24,1,35.6,27.0,961,769,0.0961,0.0769,0.5,0.5,0.2500,0.5m x 0.5m,0.51,IE_KAL,815.0,727.6,621,631,1008,823,,,,,,Mostly Sunny,
2026-05-15 13:39:49,RPi_001,rpi_camera,6401,24,1,35.3,26.8,945,767,0.0945,0.0767,0.5,0.5,0.2500,0.5m x 0.5m,0.51,IE_KAL,815.0,727.3,622,631,1007,823,,,,,,Mostly Sunny,
2026-05-15 13:39:49,RPi_001,rpi_camera,6402,24,1,35.4,26.8,948,765,0.0948,0.0765,0.5,0.5,0.2500,0.5m x 0.5m,0.51,IE_KAL,814.7,727.3,621,631,1007,823,,,,,,Mostly Sunny,
2026-05-15 13:39:49,RPi_001,rpi_camera,6403,24,1,35.7,26.8,955,764,0.0955,0.0764,0.5,0.5,0.2500,0.5m x 0.5m,0.51,IE_KAL,814.7,727.5,621,631,1007,823,,,,,,Mostly Sunny,
2026-05-15 13:39:49,RPi_001,rpi_camera,6404,24,1,35.3,27.0,954,765,0.0954,0.0765,0.5,0.5,0.2500,0.5m x 0.5m,0.51,IE_KAL,814.7,727.4,621,631,1007,823,,,,,,Mostly Sunny,
2026-05-15 13:39:49,RPi_001,rpi_camera,6405,24,1,35.2,26.7,941,755,0.0941,0.0755,0.5,0.5,0.2500,0.5m x 0.5m,0.51,IE_KAL,814.3,727.8,621,631,1007,824,,,,,,Mostly Sunny,
2026-05-15 13:39:49,RPi_001,rpi_camera,6406,24,1,35.3,26.8,945,754,0.0945,0.0754,0.5,0.5,0.2500,0.5m x 0.5m,0.44,IE_KAL,814.3,728.1,621,632,1007,824,,,,,,Mostly Sunny,
2026-05-15 13:39:49,RPi_001,rpi_camera,6407,24,1,35.2,26.5,934,751,0.0934,0.0751,0.5,0.5,0.2500,0.5m x 0.5m,0.38,IE_KAL,814.0,728.3,620,632,1007,824,,,,,,Mostly Sunny,
2026-05-15 13:39:49,RPi_001,rpi_camera,6408,24,1,35.1,26.7,938,750,0.0938,0.0750,0.5,0.5,0.2500,0.5m x 0.5m,0.44,IE_KAL,814.2,728.4,621,632,1007,824,,,,,,Mostly Sunny,
2026-05-15 13:39:50,RPi_001,rpi_camera,6409,24,1,35.5,26.9,957,761,0.0957,0.0761,0.5,0.5,0.2500,0.5m x 0.5m,0.44,IE_KAL,814.7,728.1,621,631,1008,824,,,,,,Mostly Sunny,
2026-05-15 13:39:50,RPi_001,rpi_camera,6410,24,1,34.8,26.5,920,734,0.0920,0.0734,0.5,0.5,0.2500,0.5m x 0.5m,0.41,IE_KAL,812.7,728.8,619,632,1006,825,,,,,,Mostly Sunny,
2026-05-15 13:39:50,RPi_001,rpi_camera,6412,24,1,35.1,26.8,941,757,0.0941,0.0757,0.5,0.5,0.2500,0.5m x 0.5m,0.35,IE_KAL,814.5,728.0,621,631,1007,824,,,,,,Mostly Sunny,
2026-05-15 13:39:50,RPi_001,rpi_camera,6413,24,1,35.1,27.0,947,752,0.0947,0.0752,0.5,0.5,0.2500,0.5m x 0.5m,0.43,IE_KAL,814.0,728.4,620,632,1007,824,,,,,,Mostly Sunny,
2026-05-15 13:39:50,RPi_001,rpi_camera,6415,24,1,35.3,26.6,937,750,0.0937,0.0750,0.5,0.5,0.2500,0.5m x 0.5m,0.54,IE_KAL,813.9,727.8,621,631,1006,823,,,,,,Mostly Sunny,
2026-05-15 13:39:50,RPi_001,rpi_camera,6416,24,1,35.4,27.0,957,755,0.0957,0.0755,0.5,0.5,0.2500,0.5m x 0.5m,0.55,IE_KAL,813.9,728.1,621,631,1006,824,,,,,,Mostly Sunny,
2026-05-15 13:39:50,RPi_001,rpi_camera,6417,24,1,35.3,26.8,945,747,0.0945,0.0747,0.5,0.5,0.2500,0.5m x 0.5m,0.55,IE_KAL,813.5,728.3,620,632,1006,824,,,,,,Mostly Sunny,
2026-05-15 13:39:50,RPi_001,rpi_camera,6418,24,1,34.9,26.8,934,691,0.0934,0.0691,0.5,0.5,0.2500,0.5m x 0.5m,0.40,IE_KAL,808.9,730.4,616,634,1001,826,,,,,,Mostly Sunny,
2026-05-15 13:39:51,RPi_001,rpi_camera,6434,25,1,37.3,30.2,1128,890,0.1128,0.0890,0.5,0.5,0.2500,0.5m x 0.5m,0.62,IE_KAL,817.3,569.8,665,516,968,623,,,,,,Mostly Sunny,/home/pi/pothole_crops_20260515_133308/pothole_track25.jpg
2026-05-15 13:39:51,RPi_001,rpi_camera,6435,25,1,37.4,30.6,1146,902,0.1146,0.0902,0.5,0.5,0.2500,0.5m x 0.5m,0.56,IE_KAL,816.8,569.6,665,515,968,623,,,,,,Mostly Sunny,
2026-05-15 13:39:51,RPi_001,rpi_camera,6436,25,1,37.4,30.6,1146,902,0.1146,0.0902,0.5,0.5,0.2500,0.5m x 0.5m,0.56,IE_KAL,815.9,569.4,664,515,967,623,,,,,,Mostly Sunny,
2026-05-15 13:39:52,RPi_001,rpi_camera,6437,25,1,37.4,30.6,1146,904,0.1146,0.0904,0.5,0.5,0.2500,0.5m x 0.5m,0.55,IE_KAL,815.9,569.4,664,515,967,623,,,,,,Mostly Sunny,
2026-05-15 13:39:52,RPi_001,rpi_camera,6438,25,1,37.1,31.5,1167,919,0.1167,0.0919,0.5,0.5,0.2500,0.5m x 0.5m,0.61,IE_KAL,815.1,569.2,663,515,966,623,,,,,,Mostly Sunny,
2026-05-15 13:39:52,RPi_001,rpi_camera,6439,25,1,37.1,31.1,1154,911,0.1154,0.0911,0.5,0.5,0.2500,0.5m x 0.5m,0.61,IE_KAL,815.2,569.1,663,515,966,623,,,,,,Mostly Sunny,
2026-05-15 13:39:52,RPi_001,rpi_camera,6440,25,1,37.3,31.5,1177,933,0.1177,0.0933,0.5,0.5,0.2500,0.5m x 0.5m,0.49,IE_KAL,815.6,568.7,664,514,967,622,,,,,,Mostly Sunny,
2026-05-15 13:39:52,RPi_001,rpi_camera,6441,25,1,37.3,31.5,1177,926,0.1177,0.0926,0.5,0.5,0.2500,0.5m x 0.5m,0.57,IE_KAL,814.9,568.8,663,514,966,622,,,,,,Mostly Sunny,
2026-05-15 13:39:52,RPi_001,rpi_camera,6442,25,1,37.5,31.1,1165,923,0.1165,0.0923,0.5,0.5,0.2500,0.5m x 0.5m,0.56,IE_KAL,815.4,569.2,663,515,966,623,,,,,,Mostly Sunny,
2026-05-15 13:39:52,RPi_001,rpi_camera,6443,25,1,37.3,30.6,1141,903,0.1141,0.0903,0.5,0.5,0.2500,0.5m x 0.5m,0.63,IE_KAL,814.8,569.6,663,515,966,623,,,,,,Mostly Sunny,
2026-05-15 13:39:52,RPi_001,rpi_camera,6444,25,1,37.1,30.6,1136,898,0.1136,0.0898,0.5,0.5,0.2500,0.5m x 0.5m,0.63,IE_KAL,815.1,569.7,663,515,966,623,,,,,,Mostly Sunny,
2026-05-15 13:39:52,RPi_001,rpi_camera,6445,25,1,37.1,30.6,1136,894,0.1136,0.0894,0.5,0.5,0.2500,0.5m x 0.5m,0.58,IE_KAL,814.3,569.7,662,515,965,623,,,,,,Mostly Sunny,
2026-05-15 13:39:52,RPi_001,rpi_camera,6446,25,1,37.3,30.2,1128,901,0.1128,0.0901,0.5,0.5,0.2500,0.5m x 0.5m,0.60,IE_KAL,815.7,569.5,664,515,967,623,,,,,,Mostly Sunny,
2026-05-15 13:39:52,RPi_001,rpi_camera,6447,25,1,37.1,30.6,1136,898,0.1136,0.0898,0.5,0.5,0.2500,0.5m x 0.5m,0.65,IE_KAL,815.5,569.6,663,515,967,623,,,,,,Mostly Sunny,
2026-05-15 13:39:52,RPi_001,rpi_camera,6448,25,1,37.1,30.6,1136,888,0.1136,0.0888,0.5,0.5,0.2500,0.5m x 0.5m,0.68,IE_KAL,815.2,569.7,663,515,966,623,,,,,,Mostly Sunny,
2026-05-15 13:39:52,RPi_001,rpi_camera,6449,25,1,37.1,30.6,1136,892,0.1136,0.0892,0.5,0.5,0.2500,0.5m x 0.5m,0.68,IE_KAL,815.6,569.7,663,515,967,623,,,,,,Mostly Sunny,
2026-05-15 13:39:52,RPi_001,rpi_camera,6450,25,1,37.1,31.1,1154,902,0.1154,0.0902,0.5,0.5,0.2500,0.5m x 0.5m,0.66,IE_KAL,815.6,569.3,664,515,967,623,,,,,,Mostly Sunny,
2026-05-15 13:39:52,RPi_001,rpi_camera,6451,25,1,37.1,30.6,1136,892,0.1136,0.0892,0.5,0.5,0.2500,0.5m x 0.5m,0.68,IE_KAL,815.0,569.6,663,515,966,623,,,,,,Mostly Sunny,
2026-05-15 13:39:52,RPi_001,rpi_camera,6452,25,1,37.3,30.6,1141,896,0.1141,0.0896,0.5,0.5,0.2500,0.5m x 0.5m,0.68,IE_KAL,815.5,569.6,663,515,967,623,,,,,,Mostly Sunny,
2026-05-15 13:39:53,RPi_001,rpi_camera,6453,25,1,37.5,31.1,1165,910,0.1165,0.0910,0.5,0.5,0.2500,0.5m x 0.5m,0.66,IE_KAL,815.6,569.2,664,515,967,623,,,,,,Mostly Sunny,
2026-05-15 13:39:53,RPi_001,rpi_camera,6454,25,1,37.3,30.6,1141,894,0.1141,0.0894,0.5,0.5,0.2500,0.5m x 0.5m,0.68,IE_KAL,815.5,569.8,663,515,967,623,,,,,,Mostly Sunny,
2026-05-15 13:39:53,RPi_001,rpi_camera,6455,25,1,37.3,30.6,1141,904,0.1141,0.0904,0.5,0.5,0.2500,0.5m x 0.5m,0.69,IE_KAL,815.8,569.6,664,515,967,623,,,,,,Mostly Sunny,
2026-05-15 13:39:53,RPi_001,rpi_camera,6456,25,1,37.3,30.6,1141,900,0.1141,0.0900,0.5,0.5,0.2500,0.5m x 0.5m,0.68,IE_KAL,815.8,569.6,664,515,967,623,,,,,,Mostly Sunny,
2026-05-15 13:39:53,RPi_001,rpi_camera,6457,25,1,37.3,30.6,1141,900,0.1141,0.0900,0.5,0.5,0.2500,0.5m x 0.5m,0.68,IE_KAL,816.2,569.7,664,515,967,623,,,,,,Mostly Sunny,
2026-05-15 13:39:53,RPi_001,rpi_camera,6458,25,1,37.3,30.6,1141,902,0.1141,0.0902,0.5,0.5,0.2500,0.5m x 0.5m,0.69,IE_KAL,816.2,569.7,664,515,967,623,,,,,,Mostly Sunny,
2026-05-15 13:39:53,RPi_001,rpi_camera,6459,25,1,37.1,30.6,1136,899,0.1136,0.0899,0.5,0.5,0.2500,0.5m x 0.5m,0.68,IE_KAL,816.1,569.7,664,515,967,623,,,,,,Mostly Sunny,
2026-05-15 13:39:53,RPi_001,rpi_camera,6460,25,1,37.1,31.1,1154,908,0.1154,0.0908,0.5,0.5,0.2500,0.5m x 0.5m,0.66,IE_KAL,815.7,569.3,664,515,967,623,,,,,,Mostly Sunny,
2026-05-15 13:39:53,RPi_001,rpi_camera,6461,25,1,37.3,30.6,1141,899,0.1141,0.0899,0.5,0.5,0.2500,0.5m x 0.5m,0.68,IE_KAL,815.9,569.6,664,515,967,623,,,,,,Mostly Sunny,
2026-05-15 13:39:53,RPi_001,rpi_camera,6462,25,1,37.3,31.1,1159,914,0.1159,0.0914,0.5,0.5,0.2500,0.5m x 0.5m,0.67,IE_KAL,816.1,569.4,664,515,967,623,,,,,,Mostly Sunny,
2026-05-15 13:39:53,RPi_001,rpi_camera,6463,25,1,37.1,30.6,1136,895,0.1136,0.0895,0.5,0.5,0.2500,0.5m x 0.5m,0.69,IE_KAL,815.2,569.7,663,515,966,623,,,,,,Mostly Sunny,
2026-05-15 13:39:53,RPi_001,rpi_camera,6464,25,1,37.3,30.6,1141,902,0.1141,0.0902,0.5,0.5,0.2500,0.5m x 0.5m,0.68,IE_KAL,815.8,569.6,664,515,967,623,,,,,,Mostly Sunny,
2026-05-15 13:39:54,RPi_001,rpi_camera,6465,25,1,37.4,30.6,1146,908,0.1146,0.0908,0.5,0.5,0.2500,0.5m x 0.5m,0.66,IE_KAL,816.2,569.6,664,515,967,623,,,,,,Mostly Sunny,
2026-05-15 13:39:54,RPi_001,rpi_camera,6466,25,1,37.4,30.6,1146,907,0.1146,0.0907,0.5,0.5,0.2500,0.5m x 0.5m,0.66,IE_KAL,815.7,569.6,664,515,967,623,,,,,,Mostly Sunny,
2026-05-15 13:39:54,RPi_001,rpi_camera,6467,25,1,37.1,30.2,1123,898,0.1123,0.0898,0.5,0.5,0.2500,0.5m x 0.5m,0.66,IE_KAL,816.0,569.5,664,515,967,623,,,,,,Mostly Sunny,
2026-05-15 13:39:54,RPi_001,rpi_camera,6468,25,1,37.3,30.6,1141,900,0.1141,0.0900,0.5,0.5,0.2500,0.5m x 0.5m,0.68,IE_KAL,816.2,569.6,664,515,967,623,,,,,,Mostly Sunny,
2026-05-15 13:39:54,RPi_001,rpi_camera,6469,25,1,37.5,30.2,1133,905,0.1133,0.0905,0.5,0.5,0.2500,0.5m x 0.5m,0.66,IE_KAL,816.3,569.5,664,515,967,623,,,,,,Mostly Sunny,
2026-05-15 13:39:54,RPi_001,rpi_camera,6470,25,1,37.3,31.1,1159,909,0.1159,0.0909,0.5,0.5,0.2500,0.5m x 0.5m,0.66,IE_KAL,815.5,569.3,664,515,966,623,,,,,,Mostly Sunny,
2026-05-15 13:39:54,RPi_001,rpi_camera,6471,25,1,37.1,30.6,1136,895,0.1136,0.0895,0.5,0.5,0.2500,0.5m x 0.5m,0.65,IE_KAL,815.6,569.6,663,515,967,623,,,,,,Mostly Sunny,
2026-05-15 13:39:54,RPi_001,rpi_camera,6472,25,1,37.3,31.1,1159,910,0.1159,0.0910,0.5,0.5,0.2500,0.5m x 0.5m,0.66,IE_KAL,816.0,569.2,664,515,967,623,,,,,,Mostly Sunny,
2026-05-15 13:39:54,RPi_001,rpi_camera,6473,25,1,37.4,30.6,1146,904,0.1146,0.0904,0.5,0.5,0.2500,0.5m x 0.5m,0.68,IE_KAL,815.8,569.5,664,515,967,623,,,,,,Mostly Sunny,
2026-05-15 13:39:54,RPi_001,rpi_camera,6474,25,1,37.3,30.6,1141,898,0.1141,0.0898,0.5,0.5,0.2500,0.5m x 0.5m,0.66,IE_KAL,815.9,569.6,664,515,967,623,,,,,,Mostly Sunny,
2026-05-15 13:39:54,RPi_001,rpi_camera,6475,25,1,37.1,30.6,1136,896,0.1136,0.0896,0.5,0.5,0.2500,0.5m x 0.5m,0.68,IE_KAL,815.8,569.6,664,515,967,623,,,,,,Mostly Sunny,
2026-05-15 13:39:54,RPi_001,rpi_camera,6476,25,1,37.3,31.1,1159,915,0.1159,0.0915,0.5,0.5,0.2500,0.5m x 0.5m,0.68,IE_KAL,816.1,569.4,664,515,967,623,,,,,,Mostly Sunny,
2026-05-15 13:39:54,RPi_001,rpi_camera,6477,25,1,37.1,30.6,1136,899,0.1136,0.0899,0.5,0.5,0.2500,0.5m x 0.5m,0.68,IE_KAL,815.8,569.6,664,515,967,623,,,,,,Mostly Sunny,
2026-05-15 13:39:54,RPi_001,rpi_camera,6478,25,1,37.1,30.6,1136,892,0.1136,0.0892,0.5,0.5,0.2500,0.5m x 0.5m,0.66,IE_KAL,815.1,569.6,663,515,966,623,,,,,,Mostly Sunny,
2026-05-15 13:39:54,RPi_001,rpi_camera,6479,25,1,37.1,30.2,1123,893,0.1123,0.0893,0.5,0.5,0.2500,0.5m x 0.5m,0.67,IE_KAL,815.6,569.5,664,515,967,623,,,,,,Mostly Sunny,
2026-05-15 13:39:54,RPi_001,rpi_camera,6480,25,1,37.3,30.6,1141,902,0.1141,0.0902,0.5,0.5,0.2500,0.5m x 0.5m,0.66,IE_KAL,815.7,569.6,664,515,967,623,,,,,,Mostly Sunny,
2026-05-15 13:39:55,RPi_001,rpi_camera,6481,25,1,37.3,30.6,1141,896,0.1141,0.0896,0.5,0.5,0.2500,0.5m x 0.5m,0.68,IE_KAL,815.0,569.6,663,515,966,623,,,,,,Mostly Sunny,
2026-05-15 13:39:55,RPi_001,rpi_camera,6482,25,1,36.9,30.6,1131,898,0.1131,0.0898,0.5,0.5,0.2500,0.5m x 0.5m,0.66,IE_KAL,816.3,569.6,664,515,967,623,,,,,,Mostly Sunny,
2026-05-15 13:39:55,RPi_001,rpi_camera,6483,25,1,37.1,31.1,1154,910,0.1154,0.0910,0.5,0.5,0.2500,0.5m x 0.5m,0.68,IE_KAL,816.0,569.3,664,515,967,623,,,,,,Mostly Sunny,
2026-05-15 13:39:55,RPi_001,rpi_camera,6484,25,1,37.3,30.6,1141,897,0.1141,0.0897,0.5,0.5,0.2500,0.5m x 0.5m,0.66,IE_KAL,815.3,569.7,663,515,967,623,,,,,,Mostly Sunny,
2026-05-15 13:39:55,RPi_001,rpi_camera,6485,25,1,36.8,30.6,1125,891,0.1125,0.0891,0.5,0.5,0.2500,0.5m x 0.5m,0.68,IE_KAL,816.1,569.6,664,515,967,623,,,,,,Mostly Sunny,
2026-05-15 13:39:55,RPi_001,rpi_camera,6486,25,1,37.3,30.6,1141,901,0.1141,0.0901,0.5,0.5,0.2500,0.5m x 0.5m,0.67,IE_KAL,815.9,569.6,664,515,967,623,,,,,,Mostly Sunny,
2026-05-15 13:39:55,RPi_001,rpi_camera,6487,25,1,37.3,30.6,1141,902,0.1141,0.0902,0.5,0.5,0.2500,0.5m x 0.5m,0.65,IE_KAL,816.2,569.5,664,515,967,623,,,,,,Mostly Sunny,
2026-05-15 13:39:55,RPi_001,rpi_camera,6488,25,1,37.1,30.2,1123,892,0.1123,0.0892,0.5,0.5,0.2500,0.5m x 0.5m,0.67,IE_KAL,815.3,569.4,663,515,966,623,,,,,,Mostly Sunny,
2026-05-15 13:39:55,RPi_001,rpi_camera,6489,25,1,37.1,30.6,1136,903,0.1136,0.0903,0.5,0.5,0.2500,0.5m x 0.5m,0.66,IE_KAL,815.8,569.5,664,515,967,623,,,,,,Mostly Sunny,
2026-05-15 13:39:55,RPi_001,rpi_camera,6490,25,1,37.1,30.2,1123,887,0.1123,0.0887,0.5,0.5,0.2500,0.5m x 0.5m,0.68,IE_KAL,815.3,569.5,663,515,966,623,,,,,,Mostly Sunny,
2026-05-15 13:39:55,RPi_001,rpi_camera,6491,25,1,37.1,30.6,1136,890,0.1136,0.0890,0.5,0.5,0.2500,0.5m x 0.5m,0.65,IE_KAL,815.0,569.5,663,515,966,623,,,,,,Mostly Sunny,
2026-05-15 13:39:55,RPi_001,rpi_camera,6492,25,1,37.3,30.6,1141,895,0.1141,0.0895,0.5,0.5,0.2500,0.5m x 0.5m,0.66,IE_KAL,815.2,569.6,663,515,966,623,,,,,,Mostly Sunny,
2026-05-15 13:39:56,RPi_001,rpi_camera,6493,25,1,37.1,30.6,1136,903,0.1136,0.0903,0.5,0.5,0.2500,0.5m x 0.5m,0.66,IE_KAL,816.0,569.6,664,515,967,623,,,,,,Mostly Sunny,
2026-05-15 13:39:56,RPi_001,rpi_camera,6494,25,1,37.4,30.6,1146,904,0.1146,0.0904,0.5,0.5,0.2500,0.5m x 0.5m,0.66,IE_KAL,815.7,569.7,664,515,967,623,,,,,,Mostly Sunny,
2026-05-15 13:39:56,RPi_001,rpi_camera,6495,25,1,37.3,30.6,1141,897,0.1141,0.0897,0.5,0.5,0.2500,0.5m x 0.5m,0.65,IE_KAL,815.7,569.5,664,515,967,623,,,,,,Mostly Sunny,
2026-05-15 13:39:56,RPi_001,rpi_camera,6496,25,1,37.3,30.6,1141,902,0.1141,0.0902,0.5,0.5,0.2500,0.5m x 0.5m,0.68,IE_KAL,816.1,569.6,664,515,967,623,,,,,,Mostly Sunny,
2026-05-15 13:39:56,RPi_001,rpi_camera,6497,25,1,37.1,30.6,1136,899,0.1136,0.0899,0.5,0.5,0.2500,0.5m x 0.5m,0.68,IE_KAL,816.0,569.6,664,515,967,623,,,,,,Mostly Sunny,
2026-05-15 13:39:56,RPi_001,rpi_camera,6498,25,1,37.1,30.6,1136,909,0.1136,0.0909,0.5,0.5,0.2500,0.5m x 0.5m,0.68,IE_KAL,816.3,569.6,664,515,967,623,,,,,,Mostly Sunny,
2026-05-15 13:39:56,RPi_001,rpi_camera,6499,25,1,37.3,31.1,1159,911,0.1159,0.0911,0.5,0.5,0.2500,0.5m x 0.5m,0.68,IE_KAL,815.8,569.3,664,515,967,623,,,,,,Mostly Sunny,
2026-05-15 13:39:56,RPi_001,rpi_camera,6500,25,1,36.9,30.6,1131,901,0.1131,0.0901,0.5,0.5,0.2500,0.5m x 0.5m,0.69,IE_KAL,816.7,569.6,665,515,968,623,,,,,,Mostly Sunny,
2026-05-15 13:39:56,RPi_001,rpi_camera,6501,25,1,37.1,30.6,1136,898,0.1136,0.0898,0.5,0.5,0.2500,0.5m x 0.5m,0.69,IE_KAL,816.2,569.7,664,515,967,623,,,,,,Mostly Sunny,
2026-05-15 13:39:56,RPi_001,rpi_camera,6502,25,1,37.4,30.6,1146,905,0.1146,0.0905,0.5,0.5,0.2500,0.5m x 0.5m,0.68,IE_KAL,815.7,569.6,664,515,967,623,,,,,,Mostly Sunny,
2026-05-15 13:39:56,RPi_001,rpi_camera,6503,25,1,37.1,30.6,1136,897,0.1136,0.0897,0.5,0.5,0.2500,0.5m x 0.5m,0.66,IE_KAL,815.5,569.6,663,515,967,623,,,,,,Mostly Sunny,
2026-05-15 13:39:56,RPi_001,rpi_camera,6504,25,1,37.1,30.6,1136,898,0.1136,0.0898,0.5,0.5,0.2500,0.5m x 0.5m,0.68,IE_KAL,815.8,569.7,664,515,967,623,,,,,,Mostly Sunny,
2026-05-15 13:39:56,RPi_001,rpi_camera,6505,25,1,37.3,30.6,1141,901,0.1141,0.0901,0.5,0.5,0.2500,0.5m x 0.5m,0.68,IE_KAL,815.9,569.6,664,515,967,623,,,,,,Mostly Sunny,
2026-05-15 13:39:56,RPi_001,rpi_camera,6506,25,1,37.1,30.6,1136,891,0.1136,0.0891,0.5,0.5,0.2500,0.5m x 0.5m,0.65,IE_KAL,815.7,569.5,664,515,967,623,,,,,,Mostly Sunny,
2026-05-15 13:39:56,RPi_001,rpi_camera,6507,25,1,37.1,31.1,1154,902,0.1154,0.0902,0.5,0.5,0.2500,0.5m x 0.5m,0.68,IE_KAL,815.2,569.3,663,515,966,623,,,,,,Mostly Sunny,
2026-05-15 13:39:56,RPi_001,rpi_camera,6508,25,1,37.4,30.6,1146,901,0.1146,0.0901,0.5,0.5,0.2500,0.5m x 0.5m,0.66,IE_KAL,816.0,569.6,664,515,967,623,,,,,,Mostly Sunny,
2026-05-15 13:39:57,RPi_001,rpi_camera,6509,25,1,37.3,30.6,1141,897,0.1141,0.0897,0.5,0.5,0.2500,0.5m x 0.5m,0.67,IE_KAL,815.8,569.6,664,515,967,623,,,,,,Mostly Sunny,
2026-05-15 13:39:57,RPi_001,rpi_camera,6510,25,1,37.4,30.6,1146,901,0.1146,0.0901,0.5,0.5,0.2500,0.5m x 0.5m,0.66,IE_KAL,815.6,569.6,663,515,967,623,,,,,,Mostly Sunny,
2026-05-15 13:39:57,RPi_001,rpi_camera,6511,25,1,37.3,31.1,1159,904,0.1159,0.0904,0.5,0.5,0.2500,0.5m x 0.5m,0.68,IE_KAL,815.6,569.5,664,515,967,623,,,,,,Mostly Sunny,
2026-05-15 13:39:57,RPi_001,rpi_camera,6512,25,1,37.3,30.6,1141,900,0.1141,0.0900,0.5,0.5,0.2500,0.5m x 0.5m,0.68,IE_KAL,815.4,569.6,663,515,967,623,,,,,,Mostly Sunny,
2026-05-15 13:39:57,RPi_001,rpi_camera,6513,25,1,36.9,30.6,1131,890,0.1131,0.0890,0.5,0.5,0.2500,0.5m x 0.5m,0.65,IE_KAL,816.1,569.5,664,515,967,623,,,,,,Mostly Sunny,
2026-05-15 13:39:57,RPi_001,rpi_camera,6514,25,1,37.3,30.6,1141,895,0.1141,0.0895,0.5,0.5,0.2500,0.5m x 0.5m,0.68,IE_KAL,815.4,569.6,663,515,967,623,,,,,,Mostly Sunny,
2026-05-15 13:39:57,RPi_001,rpi_camera,6515,25,1,37.1,30.2,1123,894,0.1123,0.0894,0.5,0.5,0.2500,0.5m x 0.5m,0.68,IE_KAL,815.4,569.5,663,515,966,623,,,,,,Mostly Sunny,
2026-05-15 13:39:57,RPi_001,rpi_camera,6516,25,1,37.1,30.6,1136,897,0.1136,0.0897,0.5,0.5,0.2500,0.5m x 0.5m,0.68,IE_KAL,815.4,569.5,663,515,967,623,,,,,,Mostly Sunny,
2026-05-15 13:39:57,RPi_001,rpi_camera,6517,25,1,36.9,30.6,1131,892,0.1131,0.0892,0.5,0.5,0.2500,0.5m x 0.5m,0.69,IE_KAL,814.9,569.6,663,515,966,623,,,,,,Mostly Sunny,
2026-05-15 13:39:57,RPi_001,rpi_camera,6518,25,1,37.0,30.2,1118,882,0.1118,0.0882,0.5,0.5,0.2500,0.5m x 0.5m,0.68,IE_KAL,814.8,569.5,663,515,966,623,,,,,,Mostly Sunny,
2026-05-15 13:39:57,RPi_001,rpi_camera,6519,25,1,36.9,30.6,1131,890,0.1131,0.0890,0.5,0.5,0.2500,0.5m x 0.5m,0.68,IE_KAL,815.0,569.6,663,515,966,623,,,,,,Mostly Sunny,
2026-05-15 13:39:57,RPi_001,rpi_camera,6520,25,1,37.1,30.6,1136,896,0.1136,0.0896,0.5,0.5,0.2500,0.5m x 0.5m,0.68,IE_KAL,815.6,569.5,663,515,967,623,,,,,,Mostly Sunny,
2026-05-15 13:39:58,RPi_001,rpi_camera,6521,25,1,37.3,30.6,1141,900,0.1141,0.0900,0.5,0.5,0.2500,0.5m x 0.5m,0.65,IE_KAL,815.4,569.5,663,515,967,623,,,,,,Mostly Sunny,
2026-05-15 13:39:58,RPi_001,rpi_camera,6522,25,1,37.1,30.6,1136,893,0.1136,0.0893,0.5,0.5,0.2500,0.5m x 0.5m,0.65,IE_KAL,814.9,569.6,663,515,966,623,,,,,,Mostly Sunny,
2026-05-15 13:39:58,RPi_001,rpi_camera,6523,25,1,37.1,30.6,1136,887,0.1136,0.0887,0.5,0.5,0.2500,0.5m x 0.5m,0.66,IE_KAL,815.2,569.7,663,515,966,623,,,,,,Mostly Sunny,
2026-05-15 13:39:58,RPi_001,rpi_camera,6524,25,1,37.1,30.6,1136,899,0.1136,0.0899,0.5,0.5,0.2500,0.5m x 0.5m,0.65,IE_KAL,815.5,569.6,663,515,967,623,,,,,,Mostly Sunny,
2026-05-15 13:39:58,RPi_001,rpi_camera,6525,25,1,36.9,30.6,1131,896,0.1131,0.0896,0.5,0.5,0.2500,0.5m x 0.5m,0.62,IE_KAL,815.0,569.5,663,515,966,623,,,,,,Mostly Sunny,
2026-05-15 13:39:58,RPi_001,rpi_camera,6526,25,1,37.3,31.1,1159,912,0.1159,0.0912,0.5,0.5,0.2500,0.5m x 0.5m,0.62,IE_KAL,814.6,569.3,663,515,966,623,,,,,,Mostly Sunny,
2026-05-15 13:39:58,RPi_001,rpi_camera,6527,25,1,37.4,30.6,1146,909,0.1146,0.0909,0.5,0.5,0.2500,0.5m x 0.5m,0.65,IE_KAL,815.6,569.6,663,515,967,623,,,,,,Mostly Sunny,
2026-05-15 13:39:58,RPi_001,rpi_camera,6528,25,1,37.3,30.6,1141,904,0.1141,0.0904,0.5,0.5,0.2500,0.5m x 0.5m,0.63,IE_KAL,815.9,569.6,664,515,967,623,,,,,,Mostly Sunny,
2026-05-15 13:39:58,RPi_001,rpi_camera,6529,25,1,37.5,31.1,1165,916,0.1165,0.0916,0.5,0.5,0.2500,0.5m x 0.5m,0.61,IE_KAL,814.9,569.3,663,515,966,623,,,,,,Mostly Sunny,
2026-05-15 13:39:58,RPi_001,rpi_camera,6530,25,1,36.4,30.6,1115,853,0.1115,0.0853,0.5,0.5,0.2500,0.5m x 0.5m,0.58,IE_KAL,811.0,569.9,659,516,962,623,,,,,,Mostly Sunny,
2026-05-15 13:39:58,RPi_001,rpi_camera,6531,25,1,36.8,30.2,1113,874,0.1113,0.0874,0.5,0.5,0.2500,0.5m x 0.5m,0.51,IE_KAL,813.3,569.4,661,515,964,623,,,,,,Mostly Sunny,
2026-05-15 13:39:58,RPi_001,rpi_camera,6532,25,1,37.1,30.7,1140,893,0.1140,0.0893,0.5,0.5,0.2500,0.5m x 0.5m,0.53,IE_KAL,814.9,569.1,663,515,966,622,,,,,,Mostly Sunny,
2026-05-15 13:39:59,RPi_001,rpi_camera,6533,25,1,36.9,30.6,1131,887,0.1131,0.0887,0.5,0.5,0.2500,0.5m x 0.5m,0.62,IE_KAL,814.8,569.4,663,515,966,623,,,,,,Mostly Sunny,
2026-05-15 13:39:59,RPi_001,rpi_camera,6550,26,1,34.5,30.0,1035,811,0.1035,0.0811,0.5,0.5,0.2500,0.5m x 0.5m,0.65,IE_KAL,803.4,458.5,671,417,935,499,,,,,,Mostly Sunny,/home/pi/pothole_crops_20260515_133308/pothole_track26.jpg
2026-05-15 13:39:59,RPi_001,rpi_camera,6551,26,1,34.8,31.3,1088,838,0.1088,0.0838,0.5,0.5,0.2500,0.5m x 0.5m,0.73,IE_KAL,803.0,457.8,671,417,934,498,,,,,,Mostly Sunny,
2026-05-15 13:39:59,RPi_001,rpi_camera,6552,26,1,34.8,31.3,1088,837,0.1088,0.0837,0.5,0.5,0.2500,0.5m x 0.5m,0.74,IE_KAL,803.0,457.8,671,416,934,498,,,,,,Mostly Sunny,
2026-05-15 13:40:00,RPi_001,rpi_camera,6553,26,1,34.8,28.3,984,806,0.0984,0.0806,0.5,0.5,0.2500,0.5m x 0.5m,0.71,IE_KAL,802.7,457.9,671,417,934,498,,,,,,Mostly Sunny,
2026-05-15 13:40:00,RPi_001,rpi_camera,6554,26,1,34.6,28.9,998,814,0.0998,0.0814,0.5,0.5,0.2500,0.5m x 0.5m,0.60,IE_KAL,802.5,458.2,670,417,934,498,,,,,,Mostly Sunny,
2026-05-15 13:40:00,RPi_001,rpi_camera,6555,26,1,34.9,28.3,990,809,0.0990,0.0809,0.5,0.5,0.2500,0.5m x 0.5m,0.57,IE_KAL,801.7,457.9,670,417,933,498,,,,,,Mostly Sunny,
2026-05-15 13:40:00,RPi_001,rpi_camera,6556,26,1,34.9,30.0,1046,826,0.1046,0.0826,0.5,0.5,0.2500,0.5m x 0.5m,0.64,IE_KAL,802.0,458.5,670,417,933,499,,,,,,Mostly Sunny,
2026-05-15 13:40:00,RPi_001,rpi_camera,6557,26,1,34.9,28.3,990,810,0.0990,0.0810,0.5,0.5,0.2500,0.5m x 0.5m,0.64,IE_KAL,801.8,457.9,670,417,933,498,,,,,,Mostly Sunny,
2026-05-15 13:40:00,RPi_001,rpi_camera,6558,26,1,34.9,28.9,1009,817,0.1009,0.0817,0.5,0.5,0.2500,0.5m x 0.5m,0.60,IE_KAL,802.0,458.2,670,417,933,498,,,,,,Mostly Sunny,
2026-05-15 13:40:00,RPi_001,rpi_camera,6559,26,1,35.1,28.3,995,809,0.0995,0.0809,0.5,0.5,0.2500,0.5m x 0.5m,0.55,IE_KAL,802.2,458.0,670,417,933,498,,,,,,Mostly Sunny,
2026-05-15 13:40:00,RPi_001,rpi_camera,6560,26,1,35.1,29.4,1033,822,0.1033,0.0822,0.5,0.5,0.2500,0.5m x 0.5m,0.47,IE_KAL,802.3,458.4,670,417,934,499,,,,,,Mostly Sunny,
2026-05-15 13:40:00,RPi_001,rpi_camera,6561,26,1,34.7,29.4,1022,817,0.1022,0.0817,0.5,0.5,0.2500,0.5m x 0.5m,0.40,IE_KAL,802.6,458.4,670,417,934,499,,,,,,Mostly Sunny,
2026-05-15 13:40:00,RPi_001,rpi_camera,6562,26,1,35.1,30.0,1052,836,0.1052,0.0836,0.5,0.5,0.2500,0.5m x 0.5m,0.56,IE_KAL,803.0,458.7,671,417,934,499,,,,,,Mostly Sunny,
2026-05-15 13:40:00,RPi_001,rpi_camera,6563,26,1,34.9,29.4,1027,843,0.1027,0.0843,0.5,0.5,0.2500,0.5m x 0.5m,0.70,IE_KAL,801.7,458.4,669,417,933,499,,,,,,Mostly Sunny,
2026-05-15 13:40:00,RPi_001,rpi_camera,6564,26,1,34.8,31.3,1088,877,0.1088,0.0877,0.5,0.5,0.2500,0.5m x 0.5m,0.72,IE_KAL,802.4,457.7,670,416,933,498,,,,,,Mostly Sunny,
2026-05-15 13:40:01,RPi_001,rpi_camera,6565,26,1,34.5,30.0,1035,851,0.1035,0.0851,0.5,0.5,0.2500,0.5m x 0.5m,0.73,IE_KAL,801.8,458.8,670,417,933,499,,,,,,Mostly Sunny,
2026-05-15 13:40:01,RPi_001,rpi_camera,6566,26,1,34.8,31.3,1088,862,0.1088,0.0862,0.5,0.5,0.2500,0.5m x 0.5m,0.81,IE_KAL,802.2,457.7,670,416,933,498,,,,,,Mostly Sunny,
2026-05-15 13:40:01,RPi_001,rpi_camera,6567,26,1,34.8,30.7,1065,852,0.1065,0.0852,0.5,0.5,0.2500,0.5m x 0.5m,0.78,IE_KAL,802.4,458.0,670,417,934,498,,,,,,Mostly Sunny,
2026-05-15 13:40:01,RPi_001,rpi_camera,6568,26,1,35.1,29.4,1033,837,0.1033,0.0837,0.5,0.5,0.2500,0.5m x 0.5m,0.79,IE_KAL,802.4,458.4,670,417,934,499,,,,,,Mostly Sunny,
2026-05-15 13:40:01,RPi_001,rpi_camera,6569,26,1,35.2,31.3,1100,863,0.1100,0.0863,0.5,0.5,0.2500,0.5m x 0.5m,0.78,IE_KAL,802.1,457.8,670,417,933,498,,,,,,Mostly Sunny,
2026-05-15 13:40:01,RPi_001,rpi_camera,6570,26,1,34.7,29.4,1022,830,0.1022,0.0830,0.5,0.5,0.2500,0.5m x 0.5m,0.78,IE_KAL,802.7,458.5,670,417,934,499,,,,,,Mostly Sunny,
2026-05-15 13:40:01,RPi_001,rpi_camera,6571,26,1,34.5,29.4,1016,838,0.1016,0.0838,0.5,0.5,0.2500,0.5m x 0.5m,0.78,IE_KAL,801.9,458.5,670,417,933,499,,,,,,Mostly Sunny,
2026-05-15 13:40:01,RPi_001,rpi_camera,6572,26,1,35.1,29.4,1033,838,0.1033,0.0838,0.5,0.5,0.2500,0.5m x 0.5m,0.78,IE_KAL,802.0,458.5,670,417,933,499,,,,,,Mostly Sunny,
2026-05-15 13:40:01,RPi_001,rpi_camera,6573,26,1,34.7,29.4,1022,835,0.1022,0.0835,0.5,0.5,0.2500,0.5m x 0.5m,0.78,IE_KAL,802.4,458.4,670,417,934,499,,,,,,Mostly Sunny,
2026-05-15 13:40:01,RPi_001,rpi_camera,6574,26,1,35.1,29.4,1033,835,0.1033,0.0835,0.5,0.5,0.2500,0.5m x 0.5m,0.79,IE_KAL,802.1,458.4,670,417,933,499,,,,,,Mostly Sunny,
2026-05-15 13:40:01,RPi_001,rpi_camera,6575,26,1,34.2,31.3,1070,851,0.1070,0.0851,0.5,0.5,0.2500,0.5m x 0.5m,0.78,IE_KAL,802.3,457.7,670,416,933,498,,,,,,Mostly Sunny,
2026-05-15 13:40:01,RPi_001,rpi_camera,6576,26,1,35.2,31.3,1100,860,0.1100,0.0860,0.5,0.5,0.2500,0.5m x 0.5m,0.79,IE_KAL,802.1,457.7,670,416,933,498,,,,,,Mostly Sunny,
2026-05-15 13:40:02,RPi_001,rpi_camera,6577,26,1,35.1,29.4,1033,837,0.1033,0.0837,0.5,0.5,0.2500,0.5m x 0.5m,0.81,IE_KAL,802.2,458.4,670,417,933,499,,,,,,Mostly Sunny,
2026-05-15 13:40:02,RPi_001,rpi_camera,6578,26,1,34.7,29.4,1022,830,0.1022,0.0830,0.5,0.5,0.2500,0.5m x 0.5m,0.79,IE_KAL,802.5,458.4,670,417,934,499,,,,,,Mostly Sunny,
2026-05-15 13:40:02,RPi_001,rpi_camera,6579,26,1,35.2,31.3,1100,863,0.1100,0.0863,0.5,0.5,0.2500,0.5m x 0.5m,0.81,IE_KAL,801.9,457.7,670,416,933,498,,,,,,Mostly Sunny,
2026-05-15 13:40:02,RPi_001,rpi_camera,6580,26,1,35.2,31.3,1100,862,0.1100,0.0862,0.5,0.5,0.2500,0.5m x 0.5m,0.78,IE_KAL,802.0,457.8,670,416,933,498,,,,,,Mostly Sunny,
2026-05-15 13:40:02,RPi_001,rpi_camera,6581,26,1,35.1,29.4,1033,840,0.1033,0.0840,0.5,0.5,0.2500,0.5m x 0.5m,0.79,IE_KAL,802.0,458.5,670,417,933,499,,,,,,Mostly Sunny,
2026-05-15 13:40:02,RPi_001,rpi_camera,6582,26,1,35.1,29.4,1033,835,0.1033,0.0835,0.5,0.5,0.2500,0.5m x 0.5m,0.80,IE_KAL,802.0,458.4,670,417,933,499,,,,,,Mostly Sunny,
2026-05-15 13:40:02,RPi_001,rpi_camera,6583,26,1,35.1,29.4,1033,831,0.1033,0.0831,0.5,0.5,0.2500,0.5m x 0.5m,0.78,IE_KAL,802.3,458.4,670,417,934,499,,,,,,Mostly Sunny,
2026-05-15 13:40:02,RPi_001,rpi_camera,6584,26,1,34.8,31.3,1088,861,0.1088,0.0861,0.5,0.5,0.2500,0.5m x 0.5m,0.79,IE_KAL,802.5,457.8,671,417,933,498,,,,,,Mostly Sunny,
2026-05-15 13:40:02,RPi_001,rpi_camera,6585,26,1,35.2,31.3,1100,858,0.1100,0.0858,0.5,0.5,0.2500,0.5m x 0.5m,0.79,IE_KAL,802.0,457.7,670,416,933,498,,,,,,Mostly Sunny,
2026-05-15 13:40:02,RPi_001,rpi_camera,6586,26,1,35.2,31.3,1100,863,0.1100,0.0863,0.5,0.5,0.2500,0.5m x 0.5m,0.79,IE_KAL,802.1,457.7,670,416,933,498,,,,,,Mostly Sunny,
2026-05-15 13:40:02,RPi_001,rpi_camera,6587,26,1,35.1,30.7,1077,855,0.1077,0.0855,0.5,0.5,0.2500,0.5m x 0.5m,0.79,IE_KAL,802.2,458.0,670,417,933,498,,,,,,Mostly Sunny,
2026-05-15 13:40:02,RPi_001,rpi_camera,6588,26,1,35.1,29.4,1033,836,0.1033,0.0836,0.5,0.5,0.2500,0.5m x 0.5m,0.78,IE_KAL,802.2,458.4,670,417,934,499,,,,,,Mostly Sunny,
2026-05-15 13:40:02,RPi_001,rpi_camera,6589,26,1,35.1,29.4,1033,835,0.1033,0.0835,0.5,0.5,0.2500,0.5m x 0.5m,0.78,IE_KAL,802.2,458.4,670,417,933,499,,,,,,Mostly Sunny,
2026-05-15 13:40:02,RPi_001,rpi_camera,6590,26,1,35.1,30.7,1077,853,0.1077,0.0853,0.5,0.5,0.2500,0.5m x 0.5m,0.78,IE_KAL,801.9,458.0,670,417,933,498,,,,,,Mostly Sunny,
2026-05-15 13:40:02,RPi_001,rpi_camera,6591,26,1,35.1,29.4,1033,841,0.1033,0.0841,0.5,0.5,0.2500,0.5m x 0.5m,0.78,IE_KAL,802.2,458.4,670,417,933,499,,,,,,Mostly Sunny,
2026-05-15 13:40:02,RPi_001,rpi_camera,6592,26,1,34.7,29.4,1022,832,0.1022,0.0832,0.5,0.5,0.2500,0.5m x 0.5m,0.79,IE_KAL,802.3,458.4,670,417,934,499,,,,,,Mostly Sunny,
2026-05-15 13:40:03,RPi_001,rpi_camera,6593,26,1,35.2,31.3,1100,861,0.1100,0.0861,0.5,0.5,0.2500,0.5m x 0.5m,0.79,IE_KAL,802.0,457.7,670,416,933,498,,,,,,Mostly Sunny,
2026-05-15 13:40:03,RPi_001,rpi_camera,6594,26,1,35.1,29.4,1033,835,0.1033,0.0835,0.5,0.5,0.2500,0.5m x 0.5m,0.78,IE_KAL,802.1,458.4,670,417,933,499,,,,,,Mostly Sunny,
2026-05-15 13:40:03,RPi_001,rpi_camera,6595,26,1,35.1,29.4,1033,836,0.1033,0.0836,0.5,0.5,0.2500,0.5m x 0.5m,0.78,IE_KAL,802.3,458.4,670,417,934,499,,,,,,Mostly Sunny,
2026-05-15 13:40:03,RPi_001,rpi_camera,6596,26,1,35.1,29.4,1033,836,0.1033,0.0836,0.5,0.5,0.2500,0.5m x 0.5m,0.78,IE_KAL,802.1,458.4,670,417,933,499,,,,,,Mostly Sunny,
2026-05-15 13:40:03,RPi_001,rpi_camera,6597,26,1,35.2,31.3,1100,863,0.1100,0.0863,0.5,0.5,0.2500,0.5m x 0.5m,0.78,IE_KAL,801.8,457.7,670,416,933,498,,,,,,Mostly Sunny,
2026-05-15 13:40:03,RPi_001,rpi_camera,6598,26,1,35.1,29.4,1033,835,0.1033,0.0835,0.5,0.5,0.2500,0.5m x 0.5m,0.77,IE_KAL,802.4,458.4,670,417,934,499,,,,,,Mostly Sunny,
2026-05-15 13:40:03,RPi_001,rpi_camera,6599,26,1,35.1,30.7,1077,850,0.1077,0.0850,0.5,0.5,0.2500,0.5m x 0.5m,0.78,IE_KAL,802.4,458.0,670,417,933,498,,,,,,Mostly Sunny,
2026-05-15 13:40:03,RPi_001,rpi_camera,6600,26,1,35.1,29.4,1033,838,0.1033,0.0838,0.5,0.5,0.2500,0.5m x 0.5m,0.80,IE_KAL,802.3,458.4,670,417,934,499,,,,,,Mostly Sunny,
2026-05-15 13:40:03,RPi_001,rpi_camera,6601,26,1,35.1,29.4,1033,833,0.1033,0.0833,0.5,0.5,0.2500,0.5m x 0.5m,0.78,IE_KAL,802.2,458.4,670,417,933,499,,,,,,Mostly Sunny,
2026-05-15 13:40:03,RPi_001,rpi_camera,6602,26,1,35.1,29.4,1033,838,0.1033,0.0838,0.5,0.5,0.2500,0.5m x 0.5m,0.79,IE_KAL,802.1,458.5,670,417,933,499,,,,,,Mostly Sunny,
2026-05-15 13:40:03,RPi_001,rpi_camera,6603,26,1,35.2,31.3,1100,860,0.1100,0.0860,0.5,0.5,0.2500,0.5m x 0.5m,0.77,IE_KAL,802.5,457.7,671,416,933,498,,,,,,Mostly Sunny,
2026-05-15 13:40:03,RPi_001,rpi_camera,6604,26,1,35.1,30.7,1077,851,0.1077,0.0851,0.5,0.5,0.2500,0.5m x 0.5m,0.77,IE_KAL,802.4,457.9,670,417,933,498,,,,,,Mostly Sunny,
2026-05-15 13:40:04,RPi_001,rpi_camera,6605,26,1,35.1,29.4,1033,834,0.1033,0.0834,0.5,0.5,0.2500,0.5m x 0.5m,0.78,IE_KAL,802.3,458.4,670,417,934,499,,,,,,Mostly Sunny,
2026-05-15 13:40:04,RPi_001,rpi_camera,6606,26,1,35.2,31.3,1100,863,0.1100,0.0863,0.5,0.5,0.2500,0.5m x 0.5m,0.79,IE_KAL,802.1,457.8,670,417,933,498,,,,,,Mostly Sunny,
2026-05-15 13:40:04,RPi_001,rpi_camera,6607,26,1,35.1,29.4,1033,839,0.1033,0.0839,0.5,0.5,0.2500,0.5m x 0.5m,0.78,IE_KAL,802.1,458.4,670,417,933,499,,,,,,Mostly Sunny,
2026-05-15 13:40:04,RPi_001,rpi_camera,6608,26,1,34.5,29.4,1016,834,0.1016,0.0834,0.5,0.5,0.2500,0.5m x 0.5m,0.78,IE_KAL,801.8,458.5,670,417,933,499,,,,,,Mostly Sunny,
2026-05-15 13:40:04,RPi_001,rpi_camera,6609,26,1,35.1,29.4,1033,834,0.1033,0.0834,0.5,0.5,0.2500,0.5m x 0.5m,0.78,IE_KAL,802.2,458.5,670,417,933,499,,,,,,Mostly Sunny,
2026-05-15 13:40:04,RPi_001,rpi_camera,6610,26,1,35.1,29.4,1033,840,0.1033,0.0840,0.5,0.5,0.2500,0.5m x 0.5m,0.80,IE_KAL,802.2,458.5,670,417,933,499,,,,,,Mostly Sunny,
2026-05-15 13:40:04,RPi_001,rpi_camera,6611,26,1,35.1,29.4,1033,838,0.1033,0.0838,0.5,0.5,0.2500,0.5m x 0.5m,0.76,IE_KAL,802.0,458.5,670,417,933,499,,,,,,Mostly Sunny,
2026-05-15 13:40:04,RPi_001,rpi_camera,6612,26,1,34.7,29.4,1022,832,0.1022,0.0832,0.5,0.5,0.2500,0.5m x 0.5m,0.78,IE_KAL,802.6,458.5,670,417,934,499,,,,,,Mostly Sunny,
2026-05-15 13:40:04,RPi_001,rpi_camera,6613,26,1,34.7,29.4,1022,835,0.1022,0.0835,0.5,0.5,0.2500,0.5m x 0.5m,0.79,IE_KAL,802.3,458.4,670,417,934,499,,,,,,Mostly Sunny,
2026-05-15 13:40:04,RPi_001,rpi_camera,6614,26,1,34.7,29.4,1022,831,0.1022,0.0831,0.5,0.5,0.2500,0.5m x 0.5m,0.77,IE_KAL,802.5,458.4,670,417,934,499,,,,,,Mostly Sunny,
2026-05-15 13:40:04,RPi_001,rpi_camera,6615,26,1,35.1,29.4,1033,837,0.1033,0.0837,0.5,0.5,0.2500,0.5m x 0.5m,0.77,IE_KAL,802.2,458.4,670,417,933,499,,,,,,Mostly Sunny,
2026-05-15 13:40:04,RPi_001,rpi_camera,6616,26,1,34.5,29.4,1016,836,0.1016,0.0836,0.5,0.5,0.2500,0.5m x 0.5m,0.78,IE_KAL,801.8,458.4,670,417,933,499,,,,,,Mostly Sunny,
2026-05-15 13:40:04,RPi_001,rpi_camera,6617,26,1,35.1,29.4,1033,838,0.1033,0.0838,0.5,0.5,0.2500,0.5m x 0.5m,0.78,IE_KAL,801.9,458.5,670,417,933,499,,,,,,Mostly Sunny,
2026-05-15 13:40:04,RPi_001,rpi_camera,6618,26,1,34.7,29.4,1022,832,0.1022,0.0832,0.5,0.5,0.2500,0.5m x 0.5m,0.79,IE_KAL,802.4,458.4,670,417,934,499,,,,,,Mostly Sunny,
2026-05-15 13:40:04,RPi_001,rpi_camera,6619,26,1,35.1,30.7,1077,848,0.1077,0.0848,0.5,0.5,0.2500,0.5m x 0.5m,0.76,IE_KAL,802.2,458.0,670,417,933,498,,,,,,Mostly Sunny,
2026-05-15 13:40:04,RPi_001,rpi_camera,6620,26,1,34.8,30.7,1065,851,0.1065,0.0851,0.5,0.5,0.2500,0.5m x 0.5m,0.78,IE_KAL,802.6,457.9,670,417,934,498,,,,,,Mostly Sunny,
2026-05-15 13:40:05,RPi_001,rpi_camera,6621,26,1,35.1,29.4,1033,835,0.1033,0.0835,0.5,0.5,0.2500,0.5m x 0.5m,0.78,IE_KAL,802.4,458.4,670,417,934,499,,,,,,Mostly Sunny,
2026-05-15 13:40:05,RPi_001,rpi_camera,6622,26,1,35.1,29.4,1033,837,0.1033,0.0837,0.5,0.5,0.2500,0.5m x 0.5m,0.78,IE_KAL,802.1,458.5,670,417,933,499,,,,,,Mostly Sunny,
2026-05-15 13:40:05,RPi_001,rpi_camera,6623,26,1,35.3,29.4,1038,845,0.1038,0.0845,0.5,0.5,0.2500,0.5m x 0.5m,0.79,IE_KAL,802.0,458.5,670,417,933,499,,,,,,Mostly Sunny,
2026-05-15 13:40:05,RPi_001,rpi_camera,6624,26,1,35.2,31.3,1100,866,0.1100,0.0866,0.5,0.5,0.2500,0.5m x 0.5m,0.79,IE_KAL,802.6,457.8,671,416,934,498,,,,,,Mostly Sunny,
2026-05-15 13:40:05,RPi_001,rpi_camera,6625,26,1,35.2,31.3,1100,863,0.1100,0.0863,0.5,0.5,0.2500,0.5m x 0.5m,0.78,IE_KAL,802.0,457.8,670,417,933,498,,,,,,Mostly Sunny,
2026-05-15 13:40:05,RPi_001,rpi_camera,6626,26,1,35.1,30.7,1077,848,0.1077,0.0848,0.5,0.5,0.2500,0.5m x 0.5m,0.78,IE_KAL,802.3,457.9,670,417,933,498,,,,,,Mostly Sunny,
2026-05-15 13:40:05,RPi_001,rpi_camera,6627,26,1,35.1,29.4,1033,837,0.1033,0.0837,0.5,0.5,0.2500,0.5m x 0.5m,0.79,IE_KAL,802.0,458.4,670,417,933,499,,,,,,Mostly Sunny,
2026-05-15 13:40:05,RPi_001,rpi_camera,6628,26,1,35.1,29.4,1033,837,0.1033,0.0837,0.5,0.5,0.2500,0.5m x 0.5m,0.79,IE_KAL,802.4,458.5,670,417,934,499,,,,,,Mostly Sunny,
2026-05-15 13:40:05,RPi_001,rpi_camera,6629,26,1,35.1,29.4,1033,840,0.1033,0.0840,0.5,0.5,0.2500,0.5m x 0.5m,0.78,IE_KAL,802.2,458.5,670,417,934,499,,,,,,Mostly Sunny,
2026-05-15 13:40:05,RPi_001,rpi_camera,6630,26,1,35.1,29.4,1033,837,0.1033,0.0837,0.5,0.5,0.2500,0.5m x 0.5m,0.78,IE_KAL,802.3,458.5,670,417,934,499,,,,,,Mostly Sunny,
2026-05-15 13:40:05,RPi_001,rpi_camera,6631,26,1,35.2,31.3,1100,858,0.1100,0.0858,0.5,0.5,0.2500,0.5m x 0.5m,0.79,IE_KAL,802.0,457.7,670,416,933,498,,,,,,Mostly Sunny,
2026-05-15 13:40:05,RPi_001,rpi_camera,6632,26,1,35.1,30.7,1077,851,0.1077,0.0851,0.5,0.5,0.2500,0.5m x 0.5m,0.80,IE_KAL,802.5,458.0,670,417,934,498,,,,,,Mostly Sunny,
2026-05-15 13:40:06,RPi_001,rpi_camera,6633,26,1,34.7,29.4,1022,831,0.1022,0.0831,0.5,0.5,0.2500,0.5m x 0.5m,0.80,IE_KAL,802.6,458.5,670,417,934,499,,,,,,Mostly Sunny,
2026-05-15 13:40:06,RPi_001,rpi_camera,6634,26,1,35.1,29.4,1033,834,0.1033,0.0834,0.5,0.5,0.2500,0.5m x 0.5m,0.79,IE_KAL,802.2,458.5,670,417,933,499,,,,,,Mostly Sunny,
2026-05-15 13:40:06,RPi_001,rpi_camera,6635,26,1,35.2,31.3,1100,867,0.1100,0.0867,0.5,0.5,0.2500,0.5m x 0.5m,0.80,IE_KAL,802.2,457.7,670,416,933,498,,,,,,Mostly Sunny,
2026-05-15 13:40:06,RPi_001,rpi_camera,6636,26,1,34.7,29.4,1022,834,0.1022,0.0834,0.5,0.5,0.2500,0.5m x 0.5m,0.79,IE_KAL,802.4,458.5,670,417,934,499,,,,,,Mostly Sunny,
2026-05-15 13:40:06,RPi_001,rpi_camera,6637,26,1,35.1,29.4,1033,832,0.1033,0.0832,0.5,0.5,0.2500,0.5m x 0.5m,0.80,IE_KAL,802.2,458.5,670,417,933,499,,,,,,Mostly Sunny,
2026-05-15 13:40:06,RPi_001,rpi_camera,6638,26,1,35.1,29.4,1033,836,0.1033,0.0836,0.5,0.5,0.2500,0.5m x 0.5m,0.78,IE_KAL,801.9,458.4,670,417,933,499,,,,,,Mostly Sunny,
2026-05-15 13:40:06,RPi_001,rpi_camera,6639,26,1,34.8,31.3,1088,860,0.1088,0.0860,0.5,0.5,0.2500,0.5m x 0.5m,0.77,IE_KAL,802.0,457.7,670,416,933,498,,,,,,Mostly Sunny,
2026-05-15 13:40:06,RPi_001,rpi_camera,6640,26,1,34.7,29.4,1022,832,0.1022,0.0832,0.5,0.5,0.2500,0.5m x 0.5m,0.76,IE_KAL,802.2,458.3,670,417,933,499,,,,,,Mostly Sunny,
2026-05-15 13:40:06,RPi_001,rpi_camera,6641,26,1,34.7,30.0,1041,834,0.1041,0.0834,0.5,0.5,0.2500,0.5m x 0.5m,0.78,IE_KAL,802.0,458.6,670,417,933,499,,,,,,Mostly Sunny,
2026-05-15 13:40:06,RPi_001,rpi_camera,6642,26,1,34.5,29.4,1016,833,0.1016,0.0833,0.5,0.5,0.2500,0.5m x 0.5m,0.79,IE_KAL,801.7,458.4,669,417,933,499,,,,,,Mostly Sunny,
2026-05-15 13:40:06,RPi_001,rpi_camera,6643,26,1,35.1,29.4,1033,834,0.1033,0.0834,0.5,0.5,0.2500,0.5m x 0.5m,0.81,IE_KAL,801.9,458.3,670,417,933,499,,,,,,Mostly Sunny,
2026-05-15 13:40:06,RPi_001,rpi_camera,6644,26,1,35.1,29.4,1033,834,0.1033,0.0834,0.5,0.5,0.2500,0.5m x 0.5m,0.79,IE_KAL,801.7,458.4,669,417,933,499,,,,,,Mostly Sunny,
2026-05-15 13:40:06,RPi_001,rpi_camera,6645,26,1,35.1,29.4,1033,839,0.1033,0.0839,0.5,0.5,0.2500,0.5m x 0.5m,0.81,IE_KAL,801.6,458.4,669,417,933,499,,,,,,Mostly Sunny,
2026-05-15 13:40:06,RPi_001,rpi_camera,6646,26,1,35.1,29.4,1033,838,0.1033,0.0838,0.5,0.5,0.2500,0.5m x 0.5m,0.80,IE_KAL,801.9,458.4,670,417,933,499,,,,,,Mostly Sunny,
2026-05-15 13:40:06,RPi_001,rpi_camera,6647,26,1,35.1,31.8,1118,877,0.1118,0.0877,0.5,0.5,0.2500,0.5m x 0.5m,0.78,IE_KAL,802.1,457.9,670,417,933,498,,,,,,Mostly Sunny,
2026-05-15 13:40:06,RPi_001,rpi_camera,6648,26,1,35.1,30.0,1052,840,0.1052,0.0840,0.5,0.5,0.2500,0.5m x 0.5m,0.76,IE_KAL,802.1,458.6,670,417,933,499,,,,,,Mostly Sunny,
2026-05-15 13:40:07,RPi_001,rpi_camera,6649,26,1,34.5,29.4,1016,830,0.1016,0.0830,0.5,0.5,0.2500,0.5m x 0.5m,0.75,IE_KAL,801.6,458.4,669,417,933,499,,,,,,Mostly Sunny,
2026-05-15 13:40:07,RPi_001,rpi_camera,6650,26,1,34.9,30.7,1071,843,0.1071,0.0843,0.5,0.5,0.2500,0.5m x 0.5m,0.75,IE_KAL,801.6,458.0,669,417,933,498,,,,,,Mostly Sunny,
2026-05-15 13:40:07,RPi_001,rpi_camera,6651,26,1,35.0,31.3,1094,850,0.1094,0.0850,0.5,0.5,0.2500,0.5m x 0.5m,0.76,IE_KAL,801.9,457.8,670,417,933,498,,,,,,Mostly Sunny,
2026-05-15 13:40:07,RPi_001,rpi_camera,6652,26,1,35.0,31.3,1094,856,0.1094,0.0856,0.5,0.5,0.2500,0.5m x 0.5m,0.78,IE_KAL,801.7,457.8,670,416,933,498,,,,,,Mostly Sunny,
2026-05-15 13:40:07,RPi_001,rpi_camera,6653,26,1,35.2,31.3,1100,856,0.1100,0.0856,0.5,0.5,0.2500,0.5m x 0.5m,0.78,IE_KAL,801.8,457.8,670,416,933,498,,,,,,Mostly Sunny,
2026-05-15 13:40:07,RPi_001,rpi_camera,6654,26,1,34.6,31.8,1100,864,0.1100,0.0864,0.5,0.5,0.2500,0.5m x 0.5m,0.75,IE_KAL,801.9,458.0,670,417,933,498,,,,,,Mostly Sunny,
2026-05-15 13:40:07,RPi_001,rpi_camera,6655,26,1,34.1,29.4,1005,826,0.1005,0.0826,0.5,0.5,0.2500,0.5m x 0.5m,0.73,IE_KAL,802.2,458.6,670,417,934,499,,,,,,Mostly Sunny,
2026-05-15 13:40:07,RPi_001,rpi_camera,6656,26,1,34.5,29.4,1016,828,0.1016,0.0828,0.5,0.5,0.2500,0.5m x 0.5m,0.73,IE_KAL,801.6,458.4,669,417,933,499,,,,,,Mostly Sunny,
2026-05-15 13:40:07,RPi_001,rpi_camera,6657,26,1,35.2,31.3,1100,863,0.1100,0.0863,0.5,0.5,0.2500,0.5m x 0.5m,0.78,IE_KAL,802.2,457.7,670,416,933,498,,,,,,Mostly Sunny,
2026-05-15 13:40:07,RPi_001,rpi_camera,6658,26,1,35.1,31.8,1118,877,0.1118,0.0877,0.5,0.5,0.2500,0.5m x 0.5m,0.66,IE_KAL,801.7,457.9,670,417,933,498,,,,,,Mostly Sunny,
2026-05-15 13:40:07,RPi_001,rpi_camera,6659,26,1,35.2,31.3,1100,872,0.1100,0.0872,0.5,0.5,0.2500,0.5m x 0.5m,0.58,IE_KAL,803.0,457.5,671,416,934,498,,,,,,Mostly Sunny,
2026-05-15 13:40:07,RPi_001,rpi_camera,6660,26,1,34.1,29.4,1005,837,0.1005,0.0837,0.5,0.5,0.2500,0.5m x 0.5m,0.49,IE_KAL,802.7,458.3,670,417,934,499,,,,,,Mostly Sunny,
2026-05-15 13:40:08,RPi_001,rpi_camera,6661,26,1,35.1,31.8,1118,873,0.1118,0.0873,0.5,0.5,0.2500,0.5m x 0.5m,0.47,IE_KAL,802.7,457.8,671,416,934,498,,,,,,Mostly Sunny,
2026-05-15 13:40:08,RPi_001,rpi_camera,6662,26,1,34.5,29.4,1016,827,0.1016,0.0827,0.5,0.5,0.2500,0.5m x 0.5m,0.69,IE_KAL,801.8,458.5,669,417,933,499,,,,,,Mostly Sunny,
2026-05-15 13:40:08,RPi_001,rpi_camera,6663,26,1,34.0,30.7,1042,831,0.1042,0.0831,0.5,0.5,0.2500,0.5m x 0.5m,0.70,IE_KAL,801.9,458.1,670,417,933,498,,,,,,Mostly Sunny,
2026-05-15 13:40:10,RPi_001,rpi_camera,6701,27,1,33.0,24.2,799,666,0.0799,0.0666,0.5,0.5,0.2500,0.5m x 0.5m,0.46,IE_KAL,801.9,385.3,680,350,923,420,,,,,,Mostly Sunny,/home/pi/pothole_crops_20260515_133308/pothole_track27.jpg
2026-05-15 13:40:10,RPi_001,rpi_camera,6703,27,1,33.0,25.6,847,689,0.0847,0.0689,0.5,0.5,0.2500,0.5m x 0.5m,0.43,IE_KAL,801.2,384.9,680,349,922,419,,,,,,Mostly Sunny,
2026-05-15 13:40:10,RPi_001,rpi_camera,6704,27,1,32.8,25.6,841,686,0.0841,0.0686,0.5,0.5,0.2500,0.5m x 0.5m,0.58,IE_KAL,801.3,384.9,680,349,922,419,,,,,,Mostly Sunny,
2026-05-15 13:40:10,RPi_001,rpi_camera,6705,27,1,33.0,24.2,799,667,0.0799,0.0667,0.5,0.5,0.2500,0.5m x 0.5m,0.68,IE_KAL,801.8,385.4,680,350,923,420,,,,,,Mostly Sunny,
2026-05-15 13:40:10,RPi_001,rpi_camera,6706,27,1,33.0,25.6,847,688,0.0847,0.0688,0.5,0.5,0.2500,0.5m x 0.5m,0.70,IE_KAL,801.5,384.8,680,349,922,419,,,,,,Mostly Sunny,
2026-05-15 13:40:10,RPi_001,rpi_camera,6707,27,1,33.0,25.6,847,682,0.0847,0.0682,0.5,0.5,0.2500,0.5m x 0.5m,0.59,IE_KAL,801.2,384.8,680,349,922,419,,,,,,Mostly Sunny,
2026-05-15 13:40:10,RPi_001,rpi_camera,6708,27,1,33.0,24.2,799,666,0.0799,0.0666,0.5,0.5,0.2500,0.5m x 0.5m,0.71,IE_KAL,801.5,385.4,680,350,922,420,,,,,,Mostly Sunny,
2026-05-15 13:40:11,RPi_001,rpi_camera,6709,27,1,33.0,24.2,799,663,0.0799,0.0663,0.5,0.5,0.2500,0.5m x 0.5m,0.60,IE_KAL,801.3,385.3,679,350,922,420,,,,,,Mostly Sunny,
2026-05-15 13:40:11,RPi_001,rpi_camera,6710,27,1,33.0,25.6,847,685,0.0847,0.0685,0.5,0.5,0.2500,0.5m x 0.5m,0.69,IE_KAL,801.4,384.8,680,349,922,419,,,,,,Mostly Sunny,
2026-05-15 13:40:11,RPi_001,rpi_camera,6711,27,1,33.0,24.2,799,664,0.0799,0.0664,0.5,0.5,0.2500,0.5m x 0.5m,0.63,IE_KAL,801.2,385.3,679,350,922,420,,,,,,Mostly Sunny,
2026-05-15 13:40:11,RPi_001,rpi_camera,6712,27,1,33.0,24.2,799,665,0.0799,0.0665,0.5,0.5,0.2500,0.5m x 0.5m,0.71,IE_KAL,801.6,385.3,680,350,922,420,,,,,,Mostly Sunny,
2026-05-15 13:40:11,RPi_001,rpi_camera,6713,27,1,33.0,24.2,799,665,0.0799,0.0665,0.5,0.5,0.2500,0.5m x 0.5m,0.62,IE_KAL,801.4,385.4,680,350,922,420,,,,,,Mostly Sunny,
2026-05-15 13:40:11,RPi_001,rpi_camera,6714,27,1,33.0,24.2,799,669,0.0799,0.0669,0.5,0.5,0.2500,0.5m x 0.5m,0.71,IE_KAL,801.9,385.4,680,350,923,420,,,,,,Mostly Sunny,
2026-05-15 13:40:11,RPi_001,rpi_camera,6715,27,1,33.0,25.6,847,689,0.0847,0.0689,0.5,0.5,0.2500,0.5m x 0.5m,0.65,IE_KAL,801.7,384.8,680,349,922,419,,,,,,Mostly Sunny,
2026-05-15 13:40:11,RPi_001,rpi_camera,6716,27,1,33.0,24.2,799,671,0.0799,0.0671,0.5,0.5,0.2500,0.5m x 0.5m,0.69,IE_KAL,801.4,385.4,680,350,922,420,,,,,,Mostly Sunny,
2026-05-15 13:40:11,RPi_001,rpi_camera,6717,27,1,33.0,24.2,799,669,0.0799,0.0669,0.5,0.5,0.2500,0.5m x 0.5m,0.71,IE_KAL,801.4,385.3,680,350,922,420,,,,,,Mostly Sunny,
2026-05-15 13:40:11,RPi_001,rpi_camera,6718,27,1,33.8,25.6,868,697,0.0868,0.0697,0.5,0.5,0.2500,0.5m x 0.5m,0.63,IE_KAL,800.3,384.8,679,349,921,419,,,,,,Mostly Sunny,
2026-05-15 13:40:11,RPi_001,rpi_camera,6719,27,1,33.0,25.6,847,688,0.0847,0.0688,0.5,0.5,0.2500,0.5m x 0.5m,0.74,IE_KAL,801.2,384.8,680,349,922,419,,,,,,Mostly Sunny,
2026-05-15 13:40:11,RPi_001,rpi_camera,6720,27,1,33.6,25.6,862,693,0.0862,0.0693,0.5,0.5,0.2500,0.5m x 0.5m,0.75,IE_KAL,800.6,384.9,679,349,921,419,,,,,,Mostly Sunny,
2026-05-15 13:40:12,RPi_001,rpi_camera,6721,27,1,33.0,24.2,799,663,0.0799,0.0663,0.5,0.5,0.2500,0.5m x 0.5m,0.74,IE_KAL,801.3,385.3,679,350,922,420,,,,,,Mostly Sunny,
2026-05-15 13:40:12,RPi_001,rpi_camera,6722,27,1,33.0,24.2,799,669,0.0799,0.0669,0.5,0.5,0.2500,0.5m x 0.5m,0.75,IE_KAL,801.6,385.4,680,350,922,420,,,,,,Mostly Sunny,
2026-05-15 13:40:12,RPi_001,rpi_camera,6723,27,1,33.0,25.6,847,685,0.0847,0.0685,0.5,0.5,0.2500,0.5m x 0.5m,0.65,IE_KAL,801.3,384.8,680,349,922,419,,,,,,Mostly Sunny,
2026-05-15 13:40:12,RPi_001,rpi_camera,6724,27,1,33.0,24.2,799,667,0.0799,0.0667,0.5,0.5,0.2500,0.5m x 0.5m,0.67,IE_KAL,801.5,385.4,680,350,922,420,,,,,,Mostly Sunny,
2026-05-15 13:40:12,RPi_001,rpi_camera,6725,27,1,33.6,25.6,862,694,0.0862,0.0694,0.5,0.5,0.2500,0.5m x 0.5m,0.69,IE_KAL,800.8,384.8,679,349,921,419,,,,,,Mostly Sunny,
2026-05-15 13:40:12,RPi_001,rpi_camera,6726,27,1,33.0,25.6,847,685,0.0847,0.0685,0.5,0.5,0.2500,0.5m x 0.5m,0.72,IE_KAL,801.6,384.8,680,349,922,419,,,,,,Mostly Sunny,
2026-05-15 13:40:12,RPi_001,rpi_camera,6727,27,1,33.6,25.6,862,698,0.0862,0.0698,0.5,0.5,0.2500,0.5m x 0.5m,0.72,IE_KAL,800.9,384.9,679,349,922,419,,,,,,Mostly Sunny,
2026-05-15 13:40:12,RPi_001,rpi_camera,6728,27,1,33.0,25.6,847,688,0.0847,0.0688,0.5,0.5,0.2500,0.5m x 0.5m,0.63,IE_KAL,801.3,384.8,680,349,922,419,,,,,,Mostly Sunny,
2026-05-15 13:40:12,RPi_001,rpi_camera,6729,27,1,33.0,25.6,847,688,0.0847,0.0688,0.5,0.5,0.2500,0.5m x 0.5m,0.67,IE_KAL,801.5,384.8,680,349,922,419,,,,,,Mostly Sunny,
2026-05-15 13:40:12,RPi_001,rpi_camera,6730,27,1,33.0,25.6,847,686,0.0847,0.0686,0.5,0.5,0.2500,0.5m x 0.5m,0.66,IE_KAL,801.4,384.7,680,349,922,419,,,,,,Mostly Sunny,
2026-05-15 13:40:12,RPi_001,rpi_camera,6731,27,1,33.8,24.2,819,677,0.0819,0.0677,0.5,0.5,0.2500,0.5m x 0.5m,0.59,IE_KAL,800.6,385.4,679,350,921,420,,,,,,Mostly Sunny,
2026-05-15 13:40:12,RPi_001,rpi_camera,6732,27,1,33.0,25.6,847,690,0.0847,0.0690,0.5,0.5,0.2500,0.5m x 0.5m,0.69,IE_KAL,801.5,384.8,680,349,922,419,,,,,,Mostly Sunny,
2026-05-15 13:40:12,RPi_001,rpi_camera,6733,27,1,33.0,25.6,847,690,0.0847,0.0690,0.5,0.5,0.2500,0.5m x 0.5m,0.60,IE_KAL,801.6,384.8,680,349,922,419,,,,,,Mostly Sunny,
2026-05-15 13:40:12,RPi_001,rpi_camera,6734,27,1,33.0,25.6,847,686,0.0847,0.0686,0.5,0.5,0.2500,0.5m x 0.5m,0.68,IE_KAL,801.3,384.8,680,349,922,419,,,,,,Mostly Sunny,
2026-05-15 13:40:12,RPi_001,rpi_camera,6735,27,1,33.0,24.2,799,668,0.0799,0.0668,0.5,0.5,0.2500,0.5m x 0.5m,0.75,IE_KAL,801.6,385.3,680,350,922,420,,,,,,Mostly Sunny,
2026-05-15 13:40:12,RPi_001,rpi_camera,6736,27,1,33.0,25.6,847,689,0.0847,0.0689,0.5,0.5,0.2500,0.5m x 0.5m,0.67,IE_KAL,801.4,384.8,680,349,922,419,,,,,,Mostly Sunny,
2026-05-15 13:40:13,RPi_001,rpi_camera,6737,27,1,33.0,25.6,847,688,0.0847,0.0688,0.5,0.5,0.2500,0.5m x 0.5m,0.62,IE_KAL,801.6,384.8,680,349,922,419,,,,,,Mostly Sunny,
2026-05-15 13:40:13,RPi_001,rpi_camera,6738,27,1,32.8,24.2,794,661,0.0794,0.0661,0.5,0.5,0.2500,0.5m x 0.5m,0.61,IE_KAL,801.2,385.3,679,350,922,420,,,,,,Mostly Sunny,
2026-05-15 13:40:13,RPi_001,rpi_camera,6739,27,1,33.0,25.6,847,685,0.0847,0.0685,0.5,0.5,0.2500,0.5m x 0.5m,0.64,IE_KAL,801.5,384.8,680,349,922,419,,,,,,Mostly Sunny,
2026-05-15 13:40:13,RPi_001,rpi_camera,6740,27,1,33.0,25.6,847,685,0.0847,0.0685,0.5,0.5,0.2500,0.5m x 0.5m,0.63,IE_KAL,801.3,384.8,680,349,922,419,,,,,,Mostly Sunny,
2026-05-15 13:40:13,RPi_001,rpi_camera,6741,27,1,33.0,24.2,799,661,0.0799,0.0661,0.5,0.5,0.2500,0.5m x 0.5m,0.58,IE_KAL,801.3,385.3,680,350,922,420,,,,,,Mostly Sunny,
2026-05-15 13:40:13,RPi_001,rpi_camera,6742,27,1,33.0,25.6,847,687,0.0847,0.0687,0.5,0.5,0.2500,0.5m x 0.5m,0.71,IE_KAL,801.6,384.8,680,349,922,419,,,,,,Mostly Sunny,
2026-05-15 13:40:13,RPi_001,rpi_camera,6743,27,1,32.8,25.6,841,684,0.0841,0.0684,0.5,0.5,0.2500,0.5m x 0.5m,0.61,IE_KAL,801.4,384.8,680,349,922,419,,,,,,Mostly Sunny,
2026-05-15 13:40:13,RPi_001,rpi_camera,6744,27,1,33.0,24.2,799,663,0.0799,0.0663,0.5,0.5,0.2500,0.5m x 0.5m,0.58,IE_KAL,801.5,385.3,680,350,922,420,,,,,,Mostly Sunny,
2026-05-15 13:40:13,RPi_001,rpi_camera,6745,27,1,33.0,25.6,847,685,0.0847,0.0685,0.5,0.5,0.2500,0.5m x 0.5m,0.63,IE_KAL,801.6,384.8,680,349,922,419,,,,,,Mostly Sunny,
2026-05-15 13:40:13,RPi_001,rpi_camera,6746,27,1,32.8,25.6,841,683,0.0841,0.0683,0.5,0.5,0.2500,0.5m x 0.5m,0.63,IE_KAL,801.5,384.8,680,349,922,419,,,,,,Mostly Sunny,
2026-05-15 13:40:13,RPi_001,rpi_camera,6747,27,1,33.0,25.6,847,686,0.0847,0.0686,0.5,0.5,0.2500,0.5m x 0.5m,0.56,IE_KAL,801.4,384.8,680,349,922,419,,,,,,Mostly Sunny,
2026-05-15 13:40:13,RPi_001,rpi_camera,6748,27,1,33.0,25.6,847,680,0.0847,0.0680,0.5,0.5,0.2500,0.5m x 0.5m,0.56,IE_KAL,801.4,384.8,680,349,922,419,,,,,,Mostly Sunny,
2026-05-15 13:40:14,RPi_001,rpi_camera,6749,27,1,33.0,25.6,847,683,0.0847,0.0683,0.5,0.5,0.2500,0.5m x 0.5m,0.62,IE_KAL,801.2,384.8,679,349,922,419,,,,,,Mostly Sunny,
2026-05-15 13:40:14,RPi_001,rpi_camera,6750,27,1,33.0,24.2,799,668,0.0799,0.0668,0.5,0.5,0.2500,0.5m x 0.5m,0.62,IE_KAL,801.7,385.4,680,350,922,420,,,,,,Mostly Sunny,
2026-05-15 13:40:14,RPi_001,rpi_camera,6751,27,1,33.0,25.6,847,686,0.0847,0.0686,0.5,0.5,0.2500,0.5m x 0.5m,0.65,IE_KAL,801.1,384.8,679,349,922,419,,,,,,Mostly Sunny,
2026-05-15 13:40:14,RPi_001,rpi_camera,6752,27,1,33.0,25.6,847,687,0.0847,0.0687,0.5,0.5,0.2500,0.5m x 0.5m,0.62,IE_KAL,801.6,384.8,680,349,922,419,,,,,,Mostly Sunny,
2026-05-15 13:40:14,RPi_001,rpi_camera,6753,27,1,33.0,25.6,847,685,0.0847,0.0685,0.5,0.5,0.2500,0.5m x 0.5m,0.57,IE_KAL,801.3,384.8,680,349,922,419,,,,,,Mostly Sunny,
2026-05-15 13:40:14,RPi_001,rpi_camera,6754,27,1,33.0,24.2,799,666,0.0799,0.0666,0.5,0.5,0.2500,0.5m x 0.5m,0.61,IE_KAL,801.5,385.3,680,350,922,420,,,,,,Mostly Sunny,
2026-05-15 13:40:14,RPi_001,rpi_camera,6755,27,1,33.0,25.6,847,687,0.0847,0.0687,0.5,0.5,0.2500,0.5m x 0.5m,0.65,IE_KAL,801.6,384.8,680,349,922,419,,,,,,Mostly Sunny,
2026-05-15 13:40:14,RPi_001,rpi_camera,6756,27,1,33.0,25.6,847,686,0.0847,0.0686,0.5,0.5,0.2500,0.5m x 0.5m,0.69,IE_KAL,801.5,384.8,680,349,922,419,,,,,,Mostly Sunny,
2026-05-15 13:40:14,RPi_001,rpi_camera,6757,27,1,33.6,25.6,862,692,0.0862,0.0692,0.5,0.5,0.2500,0.5m x 0.5m,0.67,IE_KAL,800.9,384.8,679,349,922,419,,,,,,Mostly Sunny,
2026-05-15 13:40:14,RPi_001,rpi_camera,6758,27,1,33.0,24.2,799,667,0.0799,0.0667,0.5,0.5,0.2500,0.5m x 0.5m,0.62,IE_KAL,801.4,385.3,680,350,922,420,,,,,,Mostly Sunny,
2026-05-15 13:40:14,RPi_001,rpi_camera,6759,27,1,33.0,25.6,847,686,0.0847,0.0686,0.5,0.5,0.2500,0.5m x 0.5m,0.70,IE_KAL,801.5,384.8,680,349,922,419,,,,,,Mostly Sunny,
2026-05-15 13:40:14,RPi_001,rpi_camera,6760,27,1,33.0,25.6,847,684,0.0847,0.0684,0.5,0.5,0.2500,0.5m x 0.5m,0.67,IE_KAL,801.4,384.8,680,349,922,419,,,,,,Mostly Sunny,
2026-05-15 13:40:14,RPi_001,rpi_camera,6761,27,1,33.0,24.2,799,664,0.0799,0.0664,0.5,0.5,0.2500,0.5m x 0.5m,0.66,IE_KAL,801.4,385.3,680,350,922,420,,,,,,Mostly Sunny,
2026-05-15 13:40:14,RPi_001,rpi_camera,6762,27,1,32.6,24.2,789,662,0.0789,0.0662,0.5,0.5,0.2500,0.5m x 0.5m,0.60,IE_KAL,801.3,385.3,679,350,922,420,,,,,,Mostly Sunny,
2026-05-15 13:40:14,RPi_001,rpi_camera,6763,27,1,33.0,25.6,847,685,0.0847,0.0685,0.5,0.5,0.2500,0.5m x 0.5m,0.61,IE_KAL,801.3,384.8,680,349,922,419,,,,,,Mostly Sunny,
2026-05-15 13:40:14,RPi_001,rpi_camera,6764,27,1,33.0,25.6,847,687,0.0847,0.0687,0.5,0.5,0.2500,0.5m x 0.5m,0.63,IE_KAL,801.6,384.8,680,349,922,419,,,,,,Mostly Sunny,
2026-05-15 13:40:15,RPi_001,rpi_camera,6765,27,1,33.0,25.6,847,685,0.0847,0.0685,0.5,0.5,0.2500,0.5m x 0.5m,0.64,IE_KAL,801.5,384.8,680,349,922,419,,,,,,Mostly Sunny,
2026-05-15 13:40:15,RPi_001,rpi_camera,6766,27,1,33.0,25.6,847,683,0.0847,0.0683,0.5,0.5,0.2500,0.5m x 0.5m,0.70,IE_KAL,801.4,384.8,680,349,922,419,,,,,,Mostly Sunny,
2026-05-15 13:40:15,RPi_001,rpi_camera,6767,27,1,33.0,25.6,847,687,0.0847,0.0687,0.5,0.5,0.2500,0.5m x 0.5m,0.67,IE_KAL,801.6,384.8,680,349,922,419,,,,,,Mostly Sunny,
2026-05-15 13:40:15,RPi_001,rpi_camera,6768,27,1,33.0,25.6,847,690,0.0847,0.0690,0.5,0.5,0.2500,0.5m x 0.5m,0.71,IE_KAL,801.9,384.8,680,349,923,419,,,,,,Mostly Sunny,
2026-05-15 13:40:15,RPi_001,rpi_camera,6769,27,1,33.0,25.6,847,687,0.0847,0.0687,0.5,0.5,0.2500,0.5m x 0.5m,0.73,IE_KAL,801.4,384.8,680,349,922,419,,,,,,Mostly Sunny,
2026-05-15 13:40:15,RPi_001,rpi_camera,6770,27,1,33.0,25.6,847,687,0.0847,0.0687,0.5,0.5,0.2500,0.5m x 0.5m,0.63,IE_KAL,801.4,384.8,680,349,922,419,,,,,,Mostly Sunny,
2026-05-15 13:40:15,RPi_001,rpi_camera,6771,27,1,33.0,24.2,799,666,0.0799,0.0666,0.5,0.5,0.2500,0.5m x 0.5m,0.62,IE_KAL,801.3,385.3,680,350,922,420,,,,,,Mostly Sunny,
2026-05-15 13:40:15,RPi_001,rpi_camera,6772,27,1,33.0,25.6,847,689,0.0847,0.0689,0.5,0.5,0.2500,0.5m x 0.5m,0.65,IE_KAL,801.7,384.8,680,349,922,419,,,,,,Mostly Sunny,
2026-05-15 13:40:15,RPi_001,rpi_camera,6773,27,1,33.0,25.6,847,686,0.0847,0.0686,0.5,0.5,0.2500,0.5m x 0.5m,0.53,IE_KAL,801.2,384.8,679,349,922,419,,,,,,Mostly Sunny,
2026-05-15 13:40:15,RPi_001,rpi_camera,6774,27,1,33.0,24.2,799,673,0.0799,0.0673,0.5,0.5,0.2500,0.5m x 0.5m,0.69,IE_KAL,801.8,385.3,680,350,923,420,,,,,,Mostly Sunny,
2026-05-15 13:40:15,RPi_001,rpi_camera,6775,27,1,33.0,25.6,847,690,0.0847,0.0690,0.5,0.5,0.2500,0.5m x 0.5m,0.70,IE_KAL,801.5,384.8,680,349,922,419,,,,,,Mostly Sunny,
2026-05-15 13:40:15,RPi_001,rpi_camera,6776,27,1,33.0,24.2,799,667,0.0799,0.0667,0.5,0.5,0.2500,0.5m x 0.5m,0.69,IE_KAL,801.4,385.3,680,350,922,420,,,,,,Mostly Sunny,
2026-05-15 13:40:16,RPi_001,rpi_camera,6777,27,1,33.0,25.6,847,690,0.0847,0.0690,0.5,0.5,0.2500,0.5m x 0.5m,0.67,IE_KAL,801.7,384.8,680,349,922,419,,,,,,Mostly Sunny,
2026-05-15 13:40:16,RPi_001,rpi_camera,6778,27,1,33.0,25.6,847,688,0.0847,0.0688,0.5,0.5,0.2500,0.5m x 0.5m,0.75,IE_KAL,801.7,384.8,680,349,922,419,,,,,,Mostly Sunny,
2026-05-15 13:40:16,RPi_001,rpi_camera,6779,27,1,33.6,25.6,862,694,0.0862,0.0694,0.5,0.5,0.2500,0.5m x 0.5m,0.60,IE_KAL,800.5,384.8,679,349,921,419,,,,,,Mostly Sunny,
2026-05-15 13:40:16,RPi_001,rpi_camera,6780,27,1,33.0,24.2,799,671,0.0799,0.0671,0.5,0.5,0.2500,0.5m x 0.5m,0.72,IE_KAL,801.9,385.3,680,350,923,420,,,,,,Mostly Sunny,
2026-05-15 13:40:16,RPi_001,rpi_camera,6781,27,1,33.0,24.2,799,669,0.0799,0.0669,0.5,0.5,0.2500,0.5m x 0.5m,0.63,IE_KAL,801.7,385.4,680,350,923,420,,,,,,Mostly Sunny,
2026-05-15 13:40:16,RPi_001,rpi_camera,6782,27,1,33.0,24.2,799,670,0.0799,0.0670,0.5,0.5,0.2500,0.5m x 0.5m,0.74,IE_KAL,801.8,385.3,680,350,923,420,,,,,,Mostly Sunny,
2026-05-15 13:40:16,RPi_001,rpi_camera,6783,27,1,33.0,24.2,799,672,0.0799,0.0672,0.5,0.5,0.2500,0.5m x 0.5m,0.69,IE_KAL,801.6,385.3,680,350,922,420,,,,,,Mostly Sunny,
2026-05-15 13:40:16,RPi_001,rpi_camera,6784,27,1,33.0,25.6,847,687,0.0847,0.0687,0.5,0.5,0.2500,0.5m x 0.5m,0.70,IE_KAL,801.4,384.7,680,349,922,419,,,,,,Mostly Sunny,
2026-05-15 13:40:16,RPi_001,rpi_camera,6785,27,1,33.0,25.6,847,689,0.0847,0.0689,0.5,0.5,0.2500,0.5m x 0.5m,0.71,IE_KAL,801.7,384.8,680,349,922,419,,,,,,Mostly Sunny,
2026-05-15 13:40:16,RPi_001,rpi_camera,6786,27,1,33.0,25.6,847,693,0.0847,0.0693,0.5,0.5,0.2500,0.5m x 0.5m,0.68,IE_KAL,801.7,384.8,680,349,922,419,,,,,,Mostly Sunny,
2026-05-15 13:40:16,RPi_001,rpi_camera,6787,27,1,33.0,25.6,847,689,0.0847,0.0689,0.5,0.5,0.2500,0.5m x 0.5m,0.71,IE_KAL,801.5,384.8,680,349,922,419,,,,,,Mostly Sunny,
2026-05-15 13:40:16,RPi_001,rpi_camera,6788,27,1,33.0,24.2,799,668,0.0799,0.0668,0.5,0.5,0.2500,0.5m x 0.5m,0.71,IE_KAL,801.7,385.3,680,350,923,420,,,,,,Mostly Sunny,
2026-05-15 13:40:16,RPi_001,rpi_camera,6789,27,1,33.0,24.2,799,668,0.0799,0.0668,0.5,0.5,0.2500,0.5m x 0.5m,0.65,IE_KAL,801.5,385.4,680,350,922,420,,,,,,Mostly Sunny,
2026-05-15 13:40:16,RPi_001,rpi_camera,6790,27,1,33.0,24.2,799,667,0.0799,0.0667,0.5,0.5,0.2500,0.5m x 0.5m,0.75,IE_KAL,801.6,385.4,680,350,922,420,,,,,,Mostly Sunny,
2026-05-15 13:40:16,RPi_001,rpi_camera,6791,27,1,33.0,24.2,799,669,0.0799,0.0669,0.5,0.5,0.2500,0.5m x 0.5m,0.78,IE_KAL,802.2,385.3,680,350,923,420,,,,,,Mostly Sunny,
2026-05-15 13:40:16,RPi_001,rpi_camera,6792,27,1,33.0,24.2,799,671,0.0799,0.0671,0.5,0.5,0.2500,0.5m x 0.5m,0.75,IE_KAL,801.8,385.4,680,350,923,420,,,,,,Mostly Sunny,
2026-05-15 13:40:17,RPi_001,rpi_camera,6793,27,1,33.0,25.6,847,687,0.0847,0.0687,0.5,0.5,0.2500,0.5m x 0.5m,0.73,IE_KAL,801.6,384.8,680,349,922,419,,,,,,Mostly Sunny,
2026-05-15 13:40:17,RPi_001,rpi_camera,6794,27,1,33.0,24.2,799,670,0.0799,0.0670,0.5,0.5,0.2500,0.5m x 0.5m,0.76,IE_KAL,801.6,385.3,680,350,922,420,,,,,,Mostly Sunny,
2026-05-15 13:40:17,RPi_001,rpi_camera,6795,27,1,33.0,24.2,799,670,0.0799,0.0670,0.5,0.5,0.2500,0.5m x 0.5m,0.75,IE_KAL,801.7,385.3,680,350,923,420,,,,,,Mostly Sunny,
2026-05-15 13:40:17,RPi_001,rpi_camera,6796,27,1,33.0,24.2,799,669,0.0799,0.0669,0.5,0.5,0.2500,0.5m x 0.5m,0.76,IE_KAL,801.7,385.3,680,350,923,420,,,,,,Mostly Sunny,
2026-05-15 13:40:17,RPi_001,rpi_camera,6797,27,1,33.0,25.6,847,690,0.0847,0.0690,0.5,0.5,0.2500,0.5m x 0.5m,0.74,IE_KAL,801.5,384.8,680,349,922,419,,,,,,Mostly Sunny,
2026-05-15 13:40:17,RPi_001,rpi_camera,6798,27,1,33.0,24.2,799,670,0.0799,0.0670,0.5,0.5,0.2500,0.5m x 0.5m,0.76,IE_KAL,801.9,385.4,680,350,923,420,,,,,,Mostly Sunny,
2026-05-15 13:40:17,RPi_001,rpi_camera,6799,27,1,33.0,25.6,847,689,0.0847,0.0689,0.5,0.5,0.2500,0.5m x 0.5m,0.75,IE_KAL,801.7,384.8,680,349,922,419,,,,,,Mostly Sunny,
2026-05-15 13:40:17,RPi_001,rpi_camera,6800,27,1,33.0,25.6,847,689,0.0847,0.0689,0.5,0.5,0.2500,0.5m x 0.5m,0.70,IE_KAL,801.7,384.8,680,349,922,419,,,,,,Mostly Sunny,
2026-05-15 13:40:17,RPi_001,rpi_camera,6801,27,1,33.8,24.2,819,678,0.0819,0.0678,0.5,0.5,0.2500,0.5m x 0.5m,0.78,IE_KAL,801.0,385.3,679,350,922,420,,,,,,Mostly Sunny,
2026-05-15 13:40:17,RPi_001,rpi_camera,6802,27,1,33.0,25.6,847,688,0.0847,0.0688,0.5,0.5,0.2500,0.5m x 0.5m,0.79,IE_KAL,801.7,384.8,680,349,922,419,,,,,,Mostly Sunny,
2026-05-15 13:40:17,RPi_001,rpi_camera,6803,27,1,33.0,25.6,847,685,0.0847,0.0685,0.5,0.5,0.2500,0.5m x 0.5m,0.76,IE_KAL,801.6,384.8,680,349,922,419,,,,,,Mostly Sunny,
2026-05-15 13:40:17,RPi_001,rpi_camera,6804,27,1,33.0,24.2,799,665,0.0799,0.0665,0.5,0.5,0.2500,0.5m x 0.5m,0.75,IE_KAL,801.4,385.3,680,350,922,420,,,,,,Mostly Sunny,
2026-05-15 13:40:18,RPi_001,rpi_camera,6805,27,1,33.0,25.6,847,682,0.0847,0.0682,0.5,0.5,0.2500,0.5m x 0.5m,0.76,IE_KAL,801.5,384.8,680,349,922,419,,,,,,Mostly Sunny,
2026-05-15 13:40:18,RPi_001,rpi_camera,6806,27,1,33.0,25.6,847,682,0.0847,0.0682,0.5,0.5,0.2500,0.5m x 0.5m,0.76,IE_KAL,801.4,384.8,680,349,922,419,,,,,,Mostly Sunny,
2026-05-15 13:40:18,RPi_001,rpi_camera,6807,27,1,33.0,24.2,799,667,0.0799,0.0667,0.5,0.5,0.2500,0.5m x 0.5m,0.75,IE_KAL,801.7,385.3,680,350,922,420,,,,,,Mostly Sunny,
2026-05-15 13:40:18,RPi_001,rpi_camera,6808,27,1,33.0,24.2,799,663,0.0799,0.0663,0.5,0.5,0.2500,0.5m x 0.5m,0.76,IE_KAL,801.3,385.3,679,350,922,420,,,,,,Mostly Sunny,
2026-05-15 13:40:18,RPi_001,rpi_camera,6809,27,1,33.0,25.6,847,685,0.0847,0.0685,0.5,0.5,0.2500,0.5m x 0.5m,0.74,IE_KAL,801.6,384.8,680,349,922,419,,,,,,Mostly Sunny,
2026-05-15 13:40:18,RPi_001,rpi_camera,6810,27,1,32.8,25.6,841,686,0.0841,0.0686,0.5,0.5,0.2500,0.5m x 0.5m,0.55,IE_KAL,801.5,384.8,680,349,922,419,,,,,,Mostly Sunny,
2026-05-15 13:40:18,RPi_001,rpi_camera,6811,27,1,33.0,25.6,847,688,0.0847,0.0688,0.5,0.5,0.2500,0.5m x 0.5m,0.62,IE_KAL,801.6,384.8,680,349,922,419,,,,,,Mostly Sunny,
2026-05-15 13:40:18,RPi_001,rpi_camera,6812,27,1,33.0,25.6,847,685,0.0847,0.0685,0.5,0.5,0.2500,0.5m x 0.5m,0.51,IE_KAL,801.3,384.8,680,349,922,419,,,,,,Mostly Sunny,
2026-05-15 13:40:18,RPi_001,rpi_camera,6813,27,1,33.0,25.6,847,690,0.0847,0.0690,0.5,0.5,0.2500,0.5m x 0.5m,0.56,IE_KAL,801.6,384.8,680,349,922,419,,,,,,Mostly Sunny,
2026-05-15 13:40:18,RPi_001,rpi_camera,6814,27,1,33.0,24.2,799,667,0.0799,0.0667,0.5,0.5,0.2500,0.5m x 0.5m,0.71,IE_KAL,801.8,385.4,680,350,923,420,,,,,,Mostly Sunny,
2026-05-15 13:40:18,RPi_001,rpi_camera,6815,27,1,33.0,25.6,847,695,0.0847,0.0695,0.5,0.5,0.2500,0.5m x 0.5m,0.75,IE_KAL,801.8,384.8,680,349,922,419,,,,,,Mostly Sunny,
2026-05-15 13:40:18,RPi_001,rpi_camera,6816,27,1,33.0,24.2,799,672,0.0799,0.0672,0.5,0.5,0.2500,0.5m x 0.5m,0.72,IE_KAL,801.7,385.4,680,350,922,420,,,,,,Mostly Sunny,
2026-05-15 13:40:18,RPi_001,rpi_camera,6817,27,1,33.0,25.6,847,697,0.0847,0.0697,0.5,0.5,0.2500,0.5m x 0.5m,0.75,IE_KAL,801.9,384.8,680,349,923,419,,,,,,Mostly Sunny,
2026-05-15 13:40:18,RPi_001,rpi_camera,6818,27,1,33.0,24.2,799,668,0.0799,0.0668,0.5,0.5,0.2500,0.5m x 0.5m,0.50,IE_KAL,801.8,385.4,680,350,923,420,,,,,,Mostly Sunny,
2026-05-15 13:40:18,RPi_001,rpi_camera,6819,27,1,33.0,24.2,799,668,0.0799,0.0668,0.5,0.5,0.2500,0.5m x 0.5m,0.63,IE_KAL,802.2,385.4,680,350,923,420,,,,,,Mostly Sunny,
2026-05-15 13:40:18,RPi_001,rpi_camera,6820,27,1,33.0,24.2,799,667,0.0799,0.0667,0.5,0.5,0.2500,0.5m x 0.5m,0.51,IE_KAL,801.8,385.3,680,350,923,420,,,,,,Mostly Sunny,
2026-05-15 13:40:19,RPi_001,rpi_camera,6821,27,1,33.0,24.2,799,664,0.0799,0.0664,0.5,0.5,0.2500,0.5m x 0.5m,0.44,IE_KAL,802.0,385.4,680,350,923,420,,,,,,Mostly Sunny,
2026-05-15 13:40:19,RPi_001,rpi_camera,6822,27,1,33.0,24.2,799,666,0.0799,0.0666,0.5,0.5,0.2500,0.5m x 0.5m,0.54,IE_KAL,802.0,385.3,680,350,923,420,,,,,,Mostly Sunny,
2026-05-15 13:40:19,RPi_001,rpi_camera,6823,27,1,33.0,24.2,799,661,0.0799,0.0661,0.5,0.5,0.2500,0.5m x 0.5m,0.42,IE_KAL,801.5,385.3,680,350,922,420,,,,,,Mostly Sunny,
2026-05-15 13:40:19,RPi_001,rpi_camera,6828,27,1,33.0,24.2,799,667,0.0799,0.0667,0.5,0.5,0.2500,0.5m x 0.5m,0.36,IE_KAL,801.8,385.4,680,350,923,420,,,,,,Mostly Sunny,
2026-05-15 13:40:19,RPi_001,rpi_camera,6830,27,1,33.0,25.6,847,686,0.0847,0.0686,0.5,0.5,0.2500,0.5m x 0.5m,0.60,IE_KAL,802.1,384.7,680,349,923,419,,,,,,Mostly Sunny,
2026-05-15 13:40:19,RPi_001,rpi_camera,6831,27,1,33.0,25.6,847,692,0.0847,0.0692,0.5,0.5,0.2500,0.5m x 0.5m,0.44,IE_KAL,802.1,384.7,680,349,923,419,,,,,,Mostly Sunny,
2026-05-15 13:40:20,RPi_001,rpi_camera,6835,27,1,33.0,25.6,847,696,0.0847,0.0696,0.5,0.5,0.2500,0.5m x 0.5m,0.45,IE_KAL,802.3,384.6,681,349,923,419,,,,,,Mostly Sunny,
2026-05-15 13:40:20,RPi_001,rpi_camera,6836,27,1,33.0,25.6,847,696,0.0847,0.0696,0.5,0.5,0.2500,0.5m x 0.5m,0.48,IE_KAL,802.1,384.6,680,349,923,419,,,,,,Mostly Sunny,
2026-05-15 13:40:20,RPi_001,rpi_camera,6839,27,1,33.2,24.2,804,680,0.0804,0.0680,0.5,0.5,0.2500,0.5m x 0.5m,0.72,IE_KAL,802.9,385.3,681,350,924,420,,,,,,Mostly Sunny,
2026-05-15 13:40:20,RPi_001,rpi_camera,6840,27,1,33.2,25.6,852,699,0.0852,0.0699,0.5,0.5,0.2500,0.5m x 0.5m,0.57,IE_KAL,803.1,384.8,681,349,924,419,,,,,,Mostly Sunny,
2026-05-15 13:40:20,RPi_001,rpi_camera,6841,27,1,33.6,24.2,814,682,0.0814,0.0682,0.5,0.5,0.2500,0.5m x 0.5m,0.52,IE_KAL,801.8,385.3,680,350,923,420,,,,,,Mostly Sunny,
2026-05-15 13:40:20,RPi_001,rpi_camera,6842,27,1,33.8,24.2,819,685,0.0819,0.0685,0.5,0.5,0.2500,0.5m x 0.5m,0.70,IE_KAL,802.0,385.3,680,350,923,420,,,,,,Mostly Sunny,
2026-05-15 13:40:20,RPi_001,rpi_camera,6843,27,1,33.8,24.2,819,685,0.0819,0.0685,0.5,0.5,0.2500,0.5m x 0.5m,0.69,IE_KAL,802.1,385.4,680,350,923,420,,,,,,Mostly Sunny,
2026-05-15 13:40:20,RPi_001,rpi_camera,6844,27,1,33.8,24.2,819,682,0.0819,0.0682,0.5,0.5,0.2500,0.5m x 0.5m,0.64,IE_KAL,802.2,385.4,680,350,923,420,,,,,,Mostly Sunny,
2026-05-15 13:40:20,RPi_001,rpi_camera,6845,27,1,33.2,24.2,804,676,0.0804,0.0676,0.5,0.5,0.2500,0.5m x 0.5m,0.62,IE_KAL,802.9,385.3,681,350,924,420,,,,,,Mostly Sunny,
2026-05-15 13:40:20,RPi_001,rpi_camera,6846,27,1,33.0,25.6,847,703,0.0847,0.0703,0.5,0.5,0.2500,0.5m x 0.5m,0.45,IE_KAL,802.5,384.8,681,349,923,419,,,,,,Mostly Sunny,
2026-05-15 13:40:21,RPi_001,rpi_camera,6849,27,1,33.0,25.6,847,690,0.0847,0.0690,0.5,0.5,0.2500,0.5m x 0.5m,0.65,IE_KAL,802.8,384.9,681,349,923,419,,,,,,Mostly Sunny,
2026-05-15 13:40:21,RPi_001,rpi_camera,6850,27,1,32.6,24.2,789,657,0.0789,0.0657,0.5,0.5,0.2500,0.5m x 0.5m,0.42,IE_KAL,802.2,385.2,680,350,923,420,,,,,,Mostly Sunny,
2026-05-15 13:40:26,RPi_001,rpi_camera,6934,28,1,18.5,75.5,1396,901,0.1396,0.0901,0.5,1.0,0.5000,0.5m x 1.0m,0.62,IE_KAL,1863.3,606.7,1701,423,1919,790,,,,,,Mostly Sunny,/home/pi/pothole_crops_20260515_133308/pothole_track28.jpg
2026-05-15 13:41:05,RPi_001,rpi_camera,7603,29,1,33.6,23.3,784,627,0.0784,0.0627,0.5,0.5,0.2500,0.5m x 0.5m,0.36,IE_KAL,1092.7,373.1,972,338,1212,407,,,,,,Mostly Sunny,/home/pi/pothole_crops_20260515_133308/pothole_track29.jpg
2026-05-15 13:41:20,RPi_001,rpi_camera,7872,30,1,33.1,27.5,912,743,0.0912,0.0743,0.5,0.5,0.2500,0.5m x 0.5m,0.38,IE_KAL,489.1,387.3,367,351,610,422,,,,,,Mostly Sunny,/home/pi/pothole_crops_20260515_133308/pothole_track30.jpg
2026-05-15 13:41:21,RPi_001,rpi_camera,7873,30,1,33.3,26.8,893,712,0.0893,0.0712,0.5,0.5,0.2500,0.5m x 0.5m,0.51,IE_KAL,492.6,388.2,370,352,614,423,,,,,,Mostly Sunny,
2026-05-15 13:41:21,RPi_001,rpi_camera,7874,30,1,33.7,26.1,880,695,0.0880,0.0695,0.5,0.5,0.2500,0.5m x 0.5m,0.59,IE_KAL,493.7,388.8,372,353,615,424,,,,,,Mostly Sunny,
2026-05-15 13:41:21,RPi_001,rpi_camera,7875,30,1,33.9,26.8,910,715,0.0910,0.0715,0.5,0.5,0.2500,0.5m x 0.5m,0.71,IE_KAL,493.3,388.6,371,353,615,424,,,,,,Mostly Sunny,
2026-05-15 13:41:21,RPi_001,rpi_camera,7876,30,1,33.7,26.8,904,709,0.0904,0.0709,0.5,0.5,0.2500,0.5m x 0.5m,0.65,IE_KAL,493.9,388.6,372,353,615,424,,,,,,Mostly Sunny,
2026-05-15 13:41:21,RPi_001,rpi_camera,7877,30,1,33.9,26.8,910,712,0.0910,0.0712,0.5,0.5,0.2500,0.5m x 0.5m,0.60,IE_KAL,493.8,388.8,372,353,615,424,,,,,,Mostly Sunny,
2026-05-15 13:41:21,RPi_001,rpi_camera,7878,30,1,34.1,26.8,915,701,0.0915,0.0701,0.5,0.5,0.2500,0.5m x 0.5m,0.57,IE_KAL,493.2,388.5,371,353,614,423,,,,,,Mostly Sunny,
2026-05-15 13:41:21,RPi_001,rpi_camera,7879,30,1,34.1,25.5,871,690,0.0871,0.0690,0.5,0.5,0.2500,0.5m x 0.5m,0.71,IE_KAL,493.1,388.2,371,352,614,423,,,,,,Mostly Sunny,
2026-05-15 13:41:21,RPi_001,rpi_camera,7880,30,1,33.9,25.5,866,688,0.0866,0.0688,0.5,0.5,0.2500,0.5m x 0.5m,0.58,IE_KAL,493.3,388.2,371,352,614,423,,,,,,Mostly Sunny,
2026-05-15 13:41:21,RPi_001,rpi_camera,7881,30,1,33.9,25.5,866,692,0.0866,0.0692,0.5,0.5,0.2500,0.5m x 0.5m,0.39,IE_KAL,493.5,388.1,371,352,615,423,,,,,,Mostly Sunny,
2026-05-15 13:41:21,RPi_001,rpi_camera,7882,30,1,33.1,26.8,887,705,0.0887,0.0705,0.5,0.5,0.2500,0.5m x 0.5m,0.37,IE_KAL,494.2,388.3,372,352,615,423,,,,,,Mostly Sunny,
2026-05-15 13:41:21,RPi_001,rpi_camera,7883,30,1,33.9,25.5,866,695,0.0866,0.0695,0.5,0.5,0.2500,0.5m x 0.5m,0.38,IE_KAL,493.3,388.1,371,352,614,423,,,,,,Mostly Sunny,
2026-05-15 13:41:21,RPi_001,rpi_camera,7884,30,1,33.9,24.8,842,689,0.0842,0.0689,0.5,0.5,0.2500,0.5m x 0.5m,0.38,IE_KAL,493.0,388.2,371,352,614,423,,,,,,Mostly Sunny,
2026-05-15 13:41:35,RPi_001,rpi_camera,8111,31,1,37.6,29.2,1095,821,0.1095,0.0821,0.5,0.5,0.2500,0.5m x 0.5m,0.49,IE_KAL,469.2,641.6,300,573,637,710,,,,,,Mostly Sunny,/home/pi/pothole_crops_20260515_133308/pothole_track31.jpg
2026-05-15 13:41:35,RPi_001,rpi_camera,8112,31,1,37.8,29.5,1115,833,0.1115,0.0833,0.5,0.5,0.2500,0.5m x 0.5m,0.67,IE_KAL,469.4,641.5,301,572,637,710,,,,,,Mostly Sunny,
2026-05-15 13:41:35,RPi_001,rpi_camera,8113,31,1,38.1,29.5,1124,844,0.1124,0.0844,0.5,0.5,0.2500,0.5m x 0.5m,0.71,IE_KAL,468.4,641.4,300,572,636,709,,,,,,Mostly Sunny,
2026-05-15 13:41:35,RPi_001,rpi_camera,8114,31,1,37.8,29.5,1115,836,0.1115,0.0836,0.5,0.5,0.2500,0.5m x 0.5m,0.73,IE_KAL,468.8,641.4,300,572,636,709,,,,,,Mostly Sunny,
2026-05-15 13:41:35,RPi_001,rpi_camera,8115,31,1,38.1,29.6,1129,851,0.1129,0.0851,0.5,0.5,0.2500,0.5m x 0.5m,0.71,IE_KAL,468.5,641.0,300,572,636,709,,,,,,Mostly Sunny,
2026-05-15 13:41:35,RPi_001,rpi_camera,8116,31,1,38.3,30.3,1158,853,0.1158,0.0853,0.5,0.5,0.2500,0.5m x 0.5m,0.73,IE_KAL,468.1,641.1,300,572,636,709,,,,,,Mostly Sunny,
2026-05-15 13:41:36,RPi_001,rpi_camera,8117,31,1,37.5,30.5,1143,838,0.1143,0.0838,0.5,0.5,0.2500,0.5m x 0.5m,0.70,IE_KAL,467.0,641.1,298,572,635,709,,,,,,Mostly Sunny,
2026-05-15 13:41:36,RPi_001,rpi_camera,8118,31,1,38.1,29.9,1138,849,0.1138,0.0849,0.5,0.5,0.2500,0.5m x 0.5m,0.67,IE_KAL,468.1,641.1,299,572,636,709,,,,,,Mostly Sunny,
2026-05-15 13:41:36,RPi_001,rpi_camera,8119,31,1,37.9,29.5,1119,839,0.1119,0.0839,0.5,0.5,0.2500,0.5m x 0.5m,0.67,IE_KAL,467.8,641.3,299,572,635,709,,,,,,Mostly Sunny,
2026-05-15 13:41:36,RPi_001,rpi_camera,8120,31,1,37.6,29.5,1111,829,0.1111,0.0829,0.5,0.5,0.2500,0.5m x 0.5m,0.60,IE_KAL,467.8,641.3,299,572,635,709,,,,,,Mostly Sunny,
2026-05-15 13:41:36,RPi_001,rpi_camera,8121,31,1,37.6,29.8,1119,829,0.1119,0.0829,0.5,0.5,0.2500,0.5m x 0.5m,0.63,IE_KAL,467.9,641.3,299,572,636,710,,,,,,Mostly Sunny,
2026-05-15 13:41:36,RPi_001,rpi_camera,8122,31,1,38.0,29.8,1132,841,0.1132,0.0841,0.5,0.5,0.2500,0.5m x 0.5m,0.60,IE_KAL,467.7,641.4,299,572,636,710,,,,,,Mostly Sunny,
2026-05-15 13:41:36,RPi_001,rpi_camera,8123,31,1,37.1,29.4,1092,819,0.1092,0.0819,0.5,0.5,0.2500,0.5m x 0.5m,0.51,IE_KAL,466.2,641.6,297,572,634,710,,,,,,Mostly Sunny,
2026-05-15 13:41:36,RPi_001,rpi_camera,8124,31,1,37.9,29.8,1128,849,0.1128,0.0849,0.5,0.5,0.2500,0.5m x 0.5m,0.55,IE_KAL,467.0,641.5,298,572,635,710,,,,,,Mostly Sunny,
2026-05-15 13:41:36,RPi_001,rpi_camera,8125,31,1,37.8,30.1,1139,853,0.1139,0.0853,0.5,0.5,0.2500,0.5m x 0.5m,0.54,IE_KAL,467.1,640.9,298,572,635,709,,,,,,Mostly Sunny,
2026-05-15 13:41:36,RPi_001,rpi_camera,8126,31,1,37.9,29.8,1128,850,0.1128,0.0850,0.5,0.5,0.2500,0.5m x 0.5m,0.53,IE_KAL,467.3,641.5,298,572,635,710,,,,,,Mostly Sunny,
2026-05-15 13:41:36,RPi_001,rpi_camera,8127,31,1,37.7,29.8,1123,850,0.1123,0.0850,0.5,0.5,0.2500,0.5m x 0.5m,0.52,IE_KAL,467.1,641.4,298,572,635,710,,,,,,Mostly Sunny,
2026-05-15 13:41:36,RPi_001,rpi_camera,8128,31,1,37.9,30.1,1143,857,0.1143,0.0857,0.5,0.5,0.2500,0.5m x 0.5m,0.58,IE_KAL,467.0,641.1,298,572,635,709,,,,,,Mostly Sunny,
2026-05-15 13:41:37,RPi_001,rpi_camera,8129,31,1,37.9,30.1,1143,856,0.1143,0.0856,0.5,0.5,0.2500,0.5m x 0.5m,0.56,IE_KAL,466.8,641.0,298,572,634,709,,,,,,Mostly Sunny,
2026-05-15 13:41:37,RPi_001,rpi_camera,8130,31,1,37.6,29.8,1119,850,0.1119,0.0850,0.5,0.5,0.2500,0.5m x 0.5m,0.50,IE_KAL,467.0,641.4,298,572,635,710,,,,,,Mostly Sunny,
2026-05-15 13:41:37,RPi_001,rpi_camera,8131,31,1,37.9,30.1,1143,860,0.1143,0.0860,0.5,0.5,0.2500,0.5m x 0.5m,0.54,IE_KAL,467.2,641.0,299,572,635,709,,,,,,Mostly Sunny,
2026-05-15 13:41:37,RPi_001,rpi_camera,8132,31,1,37.9,30.1,1143,861,0.1143,0.0861,0.5,0.5,0.2500,0.5m x 0.5m,0.58,IE_KAL,467.4,641.0,299,572,635,709,,,,,,Mostly Sunny,
2026-05-15 13:41:37,RPi_001,rpi_camera,8133,31,1,37.9,29.8,1128,852,0.1128,0.0852,0.5,0.5,0.2500,0.5m x 0.5m,0.52,IE_KAL,467.1,641.2,298,572,635,710,,,,,,Mostly Sunny,
2026-05-15 13:41:37,RPi_001,rpi_camera,8134,31,1,38.0,29.8,1132,851,0.1132,0.0851,0.5,0.5,0.2500,0.5m x 0.5m,0.58,IE_KAL,467.7,641.4,299,572,636,710,,,,,,Mostly Sunny,
2026-05-15 13:41:37,RPi_001,rpi_camera,8135,31,1,37.9,30.5,1157,864,0.1157,0.0864,0.5,0.5,0.2500,0.5m x 0.5m,0.57,IE_KAL,467.4,640.8,299,572,635,709,,,,,,Mostly Sunny,
2026-05-15 13:41:37,RPi_001,rpi_camera,8136,31,1,37.8,30.1,1139,858,0.1139,0.0858,0.5,0.5,0.2500,0.5m x 0.5m,0.60,IE_KAL,468.3,641.0,300,572,636,709,,,,,,Mostly Sunny,
2026-05-15 13:41:37,RPi_001,rpi_camera,8137,31,1,37.9,29.8,1128,850,0.1128,0.0850,0.5,0.5,0.2500,0.5m x 0.5m,0.56,IE_KAL,467.3,641.3,298,572,635,710,,,,,,Mostly Sunny,
2026-05-15 13:41:37,RPi_001,rpi_camera,8138,31,1,38.2,30.1,1152,868,0.1152,0.0868,0.5,0.5,0.2500,0.5m x 0.5m,0.58,IE_KAL,467.8,641.1,299,572,635,709,,,,,,Mostly Sunny,
2026-05-15 13:41:37,RPi_001,rpi_camera,8139,31,1,37.9,30.1,1143,863,0.1143,0.0863,0.5,0.5,0.2500,0.5m x 0.5m,0.62,IE_KAL,467.8,641.2,299,572,635,709,,,,,,Mostly Sunny,
2026-05-15 13:41:37,RPi_001,rpi_camera,8140,31,1,38.1,30.1,1148,861,0.1148,0.0861,0.5,0.5,0.2500,0.5m x 0.5m,0.58,IE_KAL,467.9,641.1,299,572,636,709,,,,,,Mostly Sunny,
2026-05-15 13:41:37,RPi_001,rpi_camera,8141,31,1,38.1,30.1,1148,865,0.1148,0.0865,0.5,0.5,0.2500,0.5m x 0.5m,0.60,IE_KAL,467.9,641.2,299,572,636,709,,,,,,Mostly Sunny,
2026-05-15 13:41:37,RPi_001,rpi_camera,8142,31,1,38.1,30.1,1148,864,0.1148,0.0864,0.5,0.5,0.2500,0.5m x 0.5m,0.60,IE_KAL,467.7,641.1,299,572,635,709,,,,,,Mostly Sunny,
2026-05-15 13:41:37,RPi_001,rpi_camera,8143,31,1,38.0,30.0,1142,855,0.1142,0.0855,0.5,0.5,0.2500,0.5m x 0.5m,0.58,IE_KAL,467.4,641.5,299,572,635,710,,,,,,Mostly Sunny,
2026-05-15 13:41:37,RPi_001,rpi_camera,8144,31,1,38.0,29.8,1132,856,0.1132,0.0856,0.5,0.5,0.2500,0.5m x 0.5m,0.58,IE_KAL,467.8,641.4,299,572,636,710,,,,,,Mostly Sunny,
2026-05-15 13:41:38,RPi_001,rpi_camera,8145,31,1,38.1,30.1,1148,864,0.1148,0.0864,0.5,0.5,0.2500,0.5m x 0.5m,0.60,IE_KAL,467.3,641.1,299,572,635,709,,,,,,Mostly Sunny,
2026-05-15 13:41:38,RPi_001,rpi_camera,8146,31,1,38.0,30.0,1142,855,0.1142,0.0855,0.5,0.5,0.2500,0.5m x 0.5m,0.62,IE_KAL,467.4,641.4,299,572,635,710,,,,,,Mostly Sunny,
2026-05-15 13:41:38,RPi_001,rpi_camera,8147,31,1,37.9,29.8,1128,858,0.1128,0.0858,0.5,0.5,0.2500,0.5m x 0.5m,0.58,IE_KAL,467.2,641.4,298,572,635,710,,,,,,Mostly Sunny,
2026-05-15 13:41:38,RPi_001,rpi_camera,8148,31,1,37.8,30.1,1139,867,0.1139,0.0867,0.5,0.5,0.2500,0.5m x 0.5m,0.63,IE_KAL,468.2,641.1,300,572,636,709,,,,,,Mostly Sunny,
2026-05-15 13:41:38,RPi_001,rpi_camera,8149,31,1,37.9,29.8,1128,856,0.1128,0.0856,0.5,0.5,0.2500,0.5m x 0.5m,0.58,IE_KAL,467.3,641.3,298,572,635,710,,,,,,Mostly Sunny,
2026-05-15 13:41:38,RPi_001,rpi_camera,8150,31,1,37.9,30.1,1143,864,0.1143,0.0864,0.5,0.5,0.2500,0.5m x 0.5m,0.58,IE_KAL,467.8,641.1,299,572,635,709,,,,,,Mostly Sunny,
2026-05-15 13:41:38,RPi_001,rpi_camera,8151,31,1,38.1,30.1,1148,866,0.1148,0.0866,0.5,0.5,0.2500,0.5m x 0.5m,0.60,IE_KAL,467.7,640.9,299,572,635,709,,,,,,Mostly Sunny,
2026-05-15 13:41:38,RPi_001,rpi_camera,8152,31,1,37.7,29.8,1123,851,0.1123,0.0851,0.5,0.5,0.2500,0.5m x 0.5m,0.58,IE_KAL,467.0,641.4,298,572,635,710,,,,,,Mostly Sunny,
2026-05-15 13:41:38,RPi_001,rpi_camera,8153,31,1,38.2,30.1,1152,864,0.1152,0.0864,0.5,0.5,0.2500,0.5m x 0.5m,0.58,IE_KAL,467.5,641.2,299,572,635,710,,,,,,Mostly Sunny,
2026-05-15 13:41:38,RPi_001,rpi_camera,8154,31,1,38.2,30.4,1160,865,0.1160,0.0865,0.5,0.5,0.2500,0.5m x 0.5m,0.58,IE_KAL,467.7,641.1,299,572,636,710,,,,,,Mostly Sunny,
2026-05-15 13:41:38,RPi_001,rpi_camera,8155,31,1,37.6,30.1,1134,855,0.1134,0.0855,0.5,0.5,0.2500,0.5m x 0.5m,0.58,IE_KAL,468.0,641.1,299,572,636,709,,,,,,Mostly Sunny,
2026-05-15 13:41:38,RPi_001,rpi_camera,8156,31,1,37.9,29.8,1128,853,0.1128,0.0853,0.5,0.5,0.2500,0.5m x 0.5m,0.58,IE_KAL,467.6,641.3,299,572,635,710,,,,,,Mostly Sunny,
2026-05-15 13:41:39,RPi_001,rpi_camera,8157,31,1,37.9,30.1,1143,859,0.1143,0.0859,0.5,0.5,0.2500,0.5m x 0.5m,0.58,IE_KAL,467.5,641.1,299,572,635,709,,,,,,Mostly Sunny,
2026-05-15 13:41:39,RPi_001,rpi_camera,8158,31,1,38.1,30.1,1148,861,0.1148,0.0861,0.5,0.5,0.2500,0.5m x 0.5m,0.58,IE_KAL,467.9,641.1,299,572,635,709,,,,,,Mostly Sunny,
2026-05-15 13:41:39,RPi_001,rpi_camera,8159,31,1,37.9,30.1,1143,859,0.1143,0.0859,0.5,0.5,0.2500,0.5m x 0.5m,0.61,IE_KAL,467.9,641.0,299,572,636,709,,,,,,Mostly Sunny,
2026-05-15 13:41:39,RPi_001,rpi_camera,8160,31,1,38.1,30.1,1148,862,0.1148,0.0862,0.5,0.5,0.2500,0.5m x 0.5m,0.61,IE_KAL,468.0,641.2,299,572,636,710,,,,,,Mostly Sunny,
2026-05-15 13:41:39,RPi_001,rpi_camera,8161,31,1,38.0,29.8,1132,859,0.1132,0.0859,0.5,0.5,0.2500,0.5m x 0.5m,0.58,IE_KAL,467.8,641.4,299,572,636,710,,,,,,Mostly Sunny,
2026-05-15 13:41:39,RPi_001,rpi_camera,8162,31,1,38.1,30.1,1148,862,0.1148,0.0862,0.5,0.5,0.2500,0.5m x 0.5m,0.58,IE_KAL,467.9,641.1,299,572,636,709,,,,,,Mostly Sunny,
2026-05-15 13:41:39,RPi_001,rpi_camera,8163,31,1,38.1,30.1,1148,866,0.1148,0.0866,0.5,0.5,0.2500,0.5m x 0.5m,0.62,IE_KAL,468.3,641.1,300,572,636,709,,,,,,Mostly Sunny,
2026-05-15 13:41:39,RPi_001,rpi_camera,8164,31,1,37.9,30.1,1143,862,0.1143,0.0862,0.5,0.5,0.2500,0.5m x 0.5m,0.60,IE_KAL,467.8,641.2,299,572,635,710,,,,,,Mostly Sunny,
2026-05-15 13:41:39,RPi_001,rpi_camera,8165,31,1,37.9,30.1,1143,859,0.1143,0.0859,0.5,0.5,0.2500,0.5m x 0.5m,0.58,IE_KAL,467.9,641.3,299,572,635,710,,,,,,Mostly Sunny,
2026-05-15 13:41:39,RPi_001,rpi_camera,8166,31,1,37.9,29.8,1128,855,0.1128,0.0855,0.5,0.5,0.2500,0.5m x 0.5m,0.60,IE_KAL,467.8,641.6,299,572,636,710,,,,,,Mostly Sunny,
2026-05-15 13:41:39,RPi_001,rpi_camera,8167,31,1,38.0,29.8,1132,854,0.1132,0.0854,0.5,0.5,0.2500,0.5m x 0.5m,0.58,IE_KAL,467.9,641.4,299,572,636,710,,,,,,Mostly Sunny,
2026-05-15 13:41:39,RPi_001,rpi_camera,8168,31,1,37.9,30.1,1143,859,0.1143,0.0859,0.5,0.5,0.2500,0.5m x 0.5m,0.58,IE_KAL,467.7,641.2,299,572,635,710,,,,,,Mostly Sunny,
2026-05-15 13:41:39,RPi_001,rpi_camera,8169,31,1,38.0,29.8,1132,860,0.1132,0.0860,0.5,0.5,0.2500,0.5m x 0.5m,0.61,IE_KAL,467.3,641.4,298,572,635,710,,,,,,Mostly Sunny,
2026-05-15 13:41:39,RPi_001,rpi_camera,8170,31,1,37.9,30.1,1143,861,0.1143,0.0861,0.5,0.5,0.2500,0.5m x 0.5m,0.58,IE_KAL,467.7,641.1,299,572,635,709,,,,,,Mostly Sunny,
2026-05-15 13:41:39,RPi_001,rpi_camera,8171,31,1,37.6,29.8,1119,855,0.1119,0.0855,0.5,0.5,0.2500,0.5m x 0.5m,0.58,IE_KAL,468.4,641.3,300,572,636,710,,,,,,Mostly Sunny,
2026-05-15 13:41:39,RPi_001,rpi_camera,8172,31,1,37.9,30.1,1143,856,0.1143,0.0856,0.5,0.5,0.2500,0.5m x 0.5m,0.58,IE_KAL,467.5,641.1,299,572,635,709,,,,,,Mostly Sunny,
2026-05-15 13:41:40,RPi_001,rpi_camera,8173,31,1,38.1,30.1,1148,861,0.1148,0.0861,0.5,0.5,0.2500,0.5m x 0.5m,0.60,IE_KAL,468.2,641.1,300,572,636,709,,,,,,Mostly Sunny,
2026-05-15 13:41:40,RPi_001,rpi_camera,8174,31,1,37.9,30.1,1143,859,0.1143,0.0859,0.5,0.5,0.2500,0.5m x 0.5m,0.61,IE_KAL,467.7,641.2,299,572,635,710,,,,,,Mostly Sunny,
2026-05-15 13:41:40,RPi_001,rpi_camera,8175,31,1,38.2,29.8,1137,861,0.1137,0.0861,0.5,0.5,0.2500,0.5m x 0.5m,0.60,IE_KAL,467.7,641.3,299,572,636,710,,,,,,Mostly Sunny,
2026-05-15 13:41:40,RPi_001,rpi_camera,8176,31,1,38.0,29.8,1132,857,0.1132,0.0857,0.5,0.5,0.2500,0.5m x 0.5m,0.61,IE_KAL,467.9,641.3,299,572,636,710,,,,,,Mostly Sunny,
2026-05-15 13:41:40,RPi_001,rpi_camera,8177,31,1,38.0,29.8,1132,860,0.1132,0.0860,0.5,0.5,0.2500,0.5m x 0.5m,0.58,IE_KAL,467.8,641.3,299,572,636,710,,,,,,Mostly Sunny,
2026-05-15 13:41:40,RPi_001,rpi_camera,8178,31,1,38.1,30.1,1148,862,0.1148,0.0862,0.5,0.5,0.2500,0.5m x 0.5m,0.58,IE_KAL,467.6,641.1,299,572,635,709,,,,,,Mostly Sunny,
2026-05-15 13:41:40,RPi_001,rpi_camera,8179,31,1,38.0,29.8,1132,854,0.1132,0.0854,0.5,0.5,0.2500,0.5m x 0.5m,0.58,IE_KAL,467.7,641.4,299,572,636,710,,,,,,Mostly Sunny,
2026-05-15 13:41:40,RPi_001,rpi_camera,8180,31,1,37.9,29.8,1128,852,0.1128,0.0852,0.5,0.5,0.2500,0.5m x 0.5m,0.61,IE_KAL,467.7,641.5,299,572,636,710,,,,,,Mostly Sunny,
2026-05-15 13:41:40,RPi_001,rpi_camera,8181,31,1,37.9,30.1,1143,858,0.1143,0.0858,0.5,0.5,0.2500,0.5m x 0.5m,0.61,IE_KAL,467.7,641.2,299,572,635,710,,,,,,Mostly Sunny,
2026-05-15 13:41:40,RPi_001,rpi_camera,8182,31,1,37.9,29.8,1128,850,0.1128,0.0850,0.5,0.5,0.2500,0.5m x 0.5m,0.64,IE_KAL,467.3,641.6,298,572,635,710,,,,,,Mostly Sunny,
2026-05-15 13:41:40,RPi_001,rpi_camera,8183,31,1,37.9,30.1,1143,861,0.1143,0.0861,0.5,0.5,0.2500,0.5m x 0.5m,0.62,IE_KAL,467.8,641.1,299,572,635,709,,,,,,Mostly Sunny,
2026-05-15 13:41:40,RPi_001,rpi_camera,8184,31,1,38.2,30.1,1152,865,0.1152,0.0865,0.5,0.5,0.2500,0.5m x 0.5m,0.58,IE_KAL,468.0,641.1,299,572,636,709,,,,,,Mostly Sunny,
2026-05-15 13:41:41,RPi_001,rpi_camera,8185,31,1,38.1,30.1,1148,864,0.1148,0.0864,0.5,0.5,0.2500,0.5m x 0.5m,0.60,IE_KAL,468.1,641.2,299,572,636,710,,,,,,Mostly Sunny,
2026-05-15 13:41:41,RPi_001,rpi_camera,8186,31,1,38.0,29.8,1132,856,0.1132,0.0856,0.5,0.5,0.2500,0.5m x 0.5m,0.62,IE_KAL,467.9,641.4,299,572,636,710,,,,,,Mostly Sunny,
2026-05-15 13:41:41,RPi_001,rpi_camera,8187,31,1,38.2,30.1,1152,869,0.1152,0.0869,0.5,0.5,0.2500,0.5m x 0.5m,0.61,IE_KAL,467.8,641.1,299,572,635,709,,,,,,Mostly Sunny,
2026-05-15 13:41:41,RPi_001,rpi_camera,8188,31,1,38.5,30.1,1161,876,0.1161,0.0876,0.5,0.5,0.2500,0.5m x 0.5m,0.65,IE_KAL,467.8,641.0,299,572,635,709,,,,,,Mostly Sunny,
2026-05-15 13:41:41,RPi_001,rpi_camera,8189,31,1,38.1,30.1,1148,866,0.1148,0.0866,0.5,0.5,0.2500,0.5m x 0.5m,0.65,IE_KAL,468.1,641.0,299,572,636,709,,,,,,Mostly Sunny,
2026-05-15 13:41:41,RPi_001,rpi_camera,8190,31,1,38.1,30.5,1162,876,0.1162,0.0876,0.5,0.5,0.2500,0.5m x 0.5m,0.65,IE_KAL,467.9,640.9,299,572,636,709,,,,,,Mostly Sunny,
2026-05-15 13:41:41,RPi_001,rpi_camera,8191,31,1,38.0,30.4,1156,866,0.1156,0.0866,0.5,0.5,0.2500,0.5m x 0.5m,0.61,IE_KAL,468.0,641.0,299,571,636,710,,,,,,Mostly Sunny,
2026-05-15 13:41:41,RPi_001,rpi_camera,8192,31,1,38.2,30.1,1152,870,0.1152,0.0870,0.5,0.5,0.2500,0.5m x 0.5m,0.60,IE_KAL,467.8,641.1,299,572,635,709,,,,,,Mostly Sunny,
2026-05-15 13:41:41,RPi_001,rpi_camera,8193,31,1,38.1,30.1,1148,864,0.1148,0.0864,0.5,0.5,0.2500,0.5m x 0.5m,0.62,IE_KAL,468.0,641.2,299,572,636,710,,,,,,Mostly Sunny,
2026-05-15 13:41:41,RPi_001,rpi_camera,8194,31,1,38.2,29.8,1137,863,0.1137,0.0863,0.5,0.5,0.2500,0.5m x 0.5m,0.62,IE_KAL,467.8,641.4,299,572,636,710,,,,,,Mostly Sunny,
2026-05-15 13:41:41,RPi_001,rpi_camera,8195,31,1,38.0,29.8,1132,863,0.1132,0.0863,0.5,0.5,0.2500,0.5m x 0.5m,0.61,IE_KAL,467.9,641.5,299,572,636,710,,,,,,Mostly Sunny,
2026-05-15 13:41:41,RPi_001,rpi_camera,8196,31,1,38.0,29.8,1132,863,0.1132,0.0863,0.5,0.5,0.2500,0.5m x 0.5m,0.62,IE_KAL,468.0,641.3,299,572,636,710,,,,,,Mostly Sunny,
2026-05-15 13:41:41,RPi_001,rpi_camera,8197,31,1,38.2,30.4,1160,870,0.1160,0.0870,0.5,0.5,0.2500,0.5m x 0.5m,0.61,IE_KAL,467.9,641.0,299,571,636,710,,,,,,Mostly Sunny,
2026-05-15 13:41:41,RPi_001,rpi_camera,8198,31,1,38.1,30.1,1148,870,0.1148,0.0870,0.5,0.5,0.2500,0.5m x 0.5m,0.65,IE_KAL,468.2,641.0,300,572,636,709,,,,,,Mostly Sunny,
2026-05-15 13:41:41,RPi_001,rpi_camera,8199,31,1,38.2,29.8,1137,864,0.1137,0.0864,0.5,0.5,0.2500,0.5m x 0.5m,0.62,IE_KAL,467.9,641.3,299,572,636,710,,,,,,Mostly Sunny,
2026-05-15 13:41:41,RPi_001,rpi_camera,8200,31,1,38.4,30.1,1157,871,0.1157,0.0871,0.5,0.5,0.2500,0.5m x 0.5m,0.65,IE_KAL,468.1,641.0,300,572,636,709,,,,,,Mostly Sunny,
2026-05-15 13:41:42,RPi_001,rpi_camera,8201,31,1,38.0,30.4,1156,871,0.1156,0.0871,0.5,0.5,0.2500,0.5m x 0.5m,0.60,IE_KAL,468.2,641.1,299,572,636,710,,,,,,Mostly Sunny,
2026-05-15 13:41:42,RPi_001,rpi_camera,8202,31,1,38.0,29.8,1132,860,0.1132,0.0860,0.5,0.5,0.2500,0.5m x 0.5m,0.62,IE_KAL,467.2,641.4,298,572,635,710,,,,,,Mostly Sunny,
2026-05-15 13:41:42,RPi_001,rpi_camera,8203,31,1,38.2,30.1,1152,872,0.1152,0.0872,0.5,0.5,0.2500,0.5m x 0.5m,0.67,IE_KAL,467.7,641.0,299,572,635,709,,,,,,Mostly Sunny,
2026-05-15 13:41:42,RPi_001,rpi_camera,8204,31,1,38.1,30.1,1148,871,0.1148,0.0871,0.5,0.5,0.2500,0.5m x 0.5m,0.61,IE_KAL,468.0,641.0,299,572,636,709,,,,,,Mostly Sunny,
2026-05-15 13:41:42,RPi_001,rpi_camera,8205,31,1,38.1,30.1,1148,867,0.1148,0.0867,0.5,0.5,0.2500,0.5m x 0.5m,0.65,IE_KAL,467.9,641.0,299,572,636,709,,,,,,Mostly Sunny,
2026-05-15 13:41:42,RPi_001,rpi_camera,8206,31,1,38.5,30.1,1161,876,0.1161,0.0876,0.5,0.5,0.2500,0.5m x 0.5m,0.64,IE_KAL,467.7,641.0,299,572,635,709,,,,,,Mostly Sunny,
2026-05-15 13:41:42,RPi_001,rpi_camera,8207,31,1,38.2,30.1,1152,870,0.1152,0.0870,0.5,0.5,0.2500,0.5m x 0.5m,0.62,IE_KAL,467.7,641.0,299,572,635,709,,,,,,Mostly Sunny,
2026-05-15 13:41:42,RPi_001,rpi_camera,8208,31,1,38.2,30.1,1152,873,0.1152,0.0873,0.5,0.5,0.2500,0.5m x 0.5m,0.65,IE_KAL,468.0,641.0,299,572,636,709,,,,,,Mostly Sunny,
2026-05-15 13:41:42,RPi_001,rpi_camera,8209,31,1,38.2,30.1,1152,867,0.1152,0.0867,0.5,0.5,0.2500,0.5m x 0.5m,0.62,IE_KAL,467.7,641.1,299,572,635,709,,,,,,Mostly Sunny,
2026-05-15 13:41:42,RPi_001,rpi_camera,8210,31,1,38.2,30.1,1152,873,0.1152,0.0873,0.5,0.5,0.2500,0.5m x 0.5m,0.64,IE_KAL,467.8,641.0,299,572,635,709,,,,,,Mostly Sunny,
2026-05-15 13:41:42,RPi_001,rpi_camera,8211,31,1,38.1,30.1,1148,864,0.1148,0.0864,0.5,0.5,0.2500,0.5m x 0.5m,0.65,IE_KAL,467.8,641.1,299,572,635,709,,,,,,Mostly Sunny,
2026-05-15 13:41:42,RPi_001,rpi_camera,8212,31,1,37.9,30.0,1138,855,0.1138,0.0855,0.5,0.5,0.2500,0.5m x 0.5m,0.65,IE_KAL,467.4,641.4,299,572,635,710,,,,,,Mostly Sunny,
2026-05-15 13:41:43,RPi_001,rpi_camera,8213,31,1,37.9,29.8,1128,862,0.1128,0.0862,0.5,0.5,0.2500,0.5m x 0.5m,0.63,IE_KAL,467.7,641.4,299,572,636,710,,,,,,Mostly Sunny,
2026-05-15 13:41:43,RPi_001,rpi_camera,8214,31,1,38.5,29.8,1145,867,0.1145,0.0867,0.5,0.5,0.2500,0.5m x 0.5m,0.65,IE_KAL,467.4,641.4,299,572,635,710,,,,,,Mostly Sunny,
2026-05-15 13:41:43,RPi_001,rpi_camera,8215,31,1,38.0,30.0,1142,865,0.1142,0.0865,0.5,0.5,0.2500,0.5m x 0.5m,0.65,IE_KAL,467.8,641.3,299,572,636,710,,,,,,Mostly Sunny,
2026-05-15 13:41:43,RPi_001,rpi_camera,8216,31,1,38.5,30.1,1161,877,0.1161,0.0877,0.5,0.5,0.2500,0.5m x 0.5m,0.67,IE_KAL,467.4,641.2,299,572,635,709,,,,,,Mostly Sunny,
2026-05-15 13:41:43,RPi_001,rpi_camera,8217,31,1,38.0,29.8,1132,858,0.1132,0.0858,0.5,0.5,0.2500,0.5m x 0.5m,0.62,IE_KAL,467.7,641.3,299,572,636,710,,,,,,Mostly Sunny,
2026-05-15 13:41:43,RPi_001,rpi_camera,8218,31,1,38.2,29.8,1137,863,0.1137,0.0863,0.5,0.5,0.2500,0.5m x 0.5m,0.63,IE_KAL,467.5,641.3,299,572,635,710,,,,,,Mostly Sunny,
2026-05-15 13:41:43,RPi_001,rpi_camera,8219,31,1,37.9,30.0,1138,858,0.1138,0.0858,0.5,0.5,0.2500,0.5m x 0.5m,0.62,IE_KAL,467.3,641.6,298,572,635,710,,,,,,Mostly Sunny,
2026-05-15 13:41:43,RPi_001,rpi_camera,8220,31,1,38.0,30.0,1142,864,0.1142,0.0864,0.5,0.5,0.2500,0.5m x 0.5m,0.65,IE_KAL,467.7,641.5,299,572,636,710,,,,,,Mostly Sunny,
2026-05-15 13:41:43,RPi_001,rpi_camera,8221,31,1,38.2,29.8,1137,864,0.1137,0.0864,0.5,0.5,0.2500,0.5m x 0.5m,0.68,IE_KAL,467.7,641.4,299,572,636,710,,,,,,Mostly Sunny,
2026-05-15 13:41:43,RPi_001,rpi_camera,8222,31,1,38.2,30.1,1152,870,0.1152,0.0870,0.5,0.5,0.2500,0.5m x 0.5m,0.65,IE_KAL,468.0,641.1,299,572,636,709,,,,,,Mostly Sunny,
2026-05-15 13:41:43,RPi_001,rpi_camera,8223,31,1,38.2,30.1,1152,878,0.1152,0.0878,0.5,0.5,0.2500,0.5m x 0.5m,0.67,IE_KAL,468.1,641.1,299,572,636,709,,,,,,Mostly Sunny,
2026-05-15 13:41:43,RPi_001,rpi_camera,8224,31,1,38.1,30.1,1148,867,0.1148,0.0867,0.5,0.5,0.2500,0.5m x 0.5m,0.64,IE_KAL,467.6,641.1,299,572,635,709,,,,,,Mostly Sunny,
2026-05-15 13:41:44,RPi_001,rpi_camera,8225,31,1,38.2,30.4,1160,872,0.1160,0.0872,0.5,0.5,0.2500,0.5m x 0.5m,0.60,IE_KAL,467.8,641.3,299,572,636,710,,,,,,Mostly Sunny,
2026-05-15 13:41:44,RPi_001,rpi_camera,8226,31,1,38.1,30.1,1148,870,0.1148,0.0870,0.5,0.5,0.2500,0.5m x 0.5m,0.58,IE_KAL,467.8,641.1,299,572,635,709,,,,,,Mostly Sunny,
2026-05-15 13:41:44,RPi_001,rpi_camera,8227,31,1,38.2,30.0,1147,865,0.1147,0.0865,0.5,0.5,0.2500,0.5m x 0.5m,0.60,IE_KAL,467.5,641.6,299,572,635,710,,,,,,Mostly Sunny,
2026-05-15 13:41:44,RPi_001,rpi_camera,8228,31,1,38.1,30.1,1148,867,0.1148,0.0867,0.5,0.5,0.2500,0.5m x 0.5m,0.58,IE_KAL,467.8,641.2,299,572,635,709,,,,,,Mostly Sunny,
2026-05-15 13:41:44,RPi_001,rpi_camera,8229,31,1,38.0,30.0,1142,867,0.1142,0.0867,0.5,0.5,0.2500,0.5m x 0.5m,0.58,IE_KAL,467.8,641.3,299,572,636,710,,,,,,Mostly Sunny,
2026-05-15 13:41:44,RPi_001,rpi_camera,8230,31,1,38.2,30.0,1147,865,0.1147,0.0865,0.5,0.5,0.2500,0.5m x 0.5m,0.63,IE_KAL,468.1,641.5,299,572,636,710,,,,,,Mostly Sunny,
2026-05-15 13:41:44,RPi_001,rpi_camera,8231,31,1,38.3,29.8,1141,871,0.1141,0.0871,0.5,0.5,0.2500,0.5m x 0.5m,0.60,IE_KAL,468.6,641.2,300,572,636,710,,,,,,Mostly Sunny,
2026-05-15 13:41:44,RPi_001,rpi_camera,8232,31,1,38.5,30.8,1185,890,0.1185,0.0890,0.5,0.5,0.2500,0.5m x 0.5m,0.61,IE_KAL,468.9,640.7,300,571,637,709,,,,,,Mostly Sunny,
2026-05-15 13:41:44,RPi_001,rpi_camera,8233,31,1,38.3,30.0,1151,872,0.1151,0.0872,0.5,0.5,0.2500,0.5m x 0.5m,0.63,IE_KAL,468.4,641.4,300,572,636,710,,,,,,Mostly Sunny,
2026-05-15 13:41:44,RPi_001,rpi_camera,8234,31,1,38.0,29.8,1132,851,0.1132,0.0851,0.5,0.5,0.2500,0.5m x 0.5m,0.56,IE_KAL,467.7,641.3,299,572,636,710,,,,,,Mostly Sunny,
2026-05-15 13:41:44,RPi_001,rpi_camera,8235,31,1,37.9,29.8,1128,840,0.1128,0.0840,0.5,0.5,0.2500,0.5m x 0.5m,0.57,IE_KAL,467.5,641.5,299,572,635,710,,,,,,Mostly Sunny,
2026-05-15 13:41:44,RPi_001,rpi_camera,8236,31,1,37.4,29.4,1101,817,0.1101,0.0817,0.5,0.5,0.2500,0.5m x 0.5m,0.55,IE_KAL,465.9,642.4,297,573,634,711,,,,,,Mostly Sunny,
2026-05-15 13:41:44,RPi_001,rpi_camera,8237,31,1,37.4,29.4,1101,811,0.1101,0.0811,0.5,0.5,0.2500,0.5m x 0.5m,0.47,IE_KAL,466.2,642.6,297,573,634,711,,,,,,Mostly Sunny,
2026-05-15 13:41:45,RPi_001,rpi_camera,8242,32,1,36.4,33.0,1201,831,0.1201,0.0831,0.5,0.5,0.2500,0.5m x 0.5m,0.60,IE_KAL,579.2,682.4,402,601,755,763,,,,,,Mostly Sunny,/home/pi/pothole_crops_20260515_133308/pothole_track32.jpg
2026-05-15 13:41:45,RPi_001,rpi_camera,8243,32,1,35.5,39.2,1393,846,0.1393,0.0846,0.5,0.5,0.2500,0.5m x 0.5m,0.42,IE_KAL,623.3,702.2,443,609,803,794,,,,,,Mostly Sunny,
2026-05-15 13:41:45,RPi_001,rpi_camera,8245,32,1,35.4,36.7,1301,845,0.1301,0.0845,0.5,0.5,0.2500,0.5m x 0.5m,0.52,IE_KAL,647.7,720.2,461,624,834,816,,,,,,Mostly Sunny,
2026-05-15 13:41:47,RPi_001,rpi_camera,8270,33,1,35.4,23.2,824,599,0.0824,0.0599,0.5,0.5,0.2500,0.5m x 0.5m,0.46,IE_KAL,925.0,924.2,678,754,1171,1079,,,,,,Mostly Sunny,/home/pi/pothole_crops_20260515_133308/pothole_track33.jpg
2026-05-15 13:41:47,RPi_001,rpi_camera,8271,33,1,35.9,23.2,833,605,0.0833,0.0605,0.5,0.5,0.2500,0.5m x 0.5m,0.47,IE_KAL,924.2,922.8,677,752,1171,1079,,,,,,Mostly Sunny,
2026-05-15 13:41:47,RPi_001,rpi_camera,8272,33,1,35.7,23.4,835,622,0.0835,0.0622,0.5,0.5,0.2500,0.5m x 0.5m,0.46,IE_KAL,926.1,922.0,679,752,1172,1079,,,,,,Mostly Sunny,
2026-05-15 13:41:47,RPi_001,rpi_camera,8273,33,1,36.1,23.4,844,625,0.0844,0.0625,0.5,0.5,0.2500,0.5m x 0.5m,0.43,IE_KAL,926.1,921.8,679,751,1172,1079,,,,,,Mostly Sunny,
2026-05-15 13:41:47,RPi_001,rpi_camera,8274,33,1,35.7,23.4,835,630,0.0835,0.0630,0.5,0.5,0.2500,0.5m x 0.5m,0.48,IE_KAL,927.1,921.2,680,751,1173,1079,,,,,,Mostly Sunny,
2026-05-15 13:41:47,RPi_001,rpi_camera,8275,33,1,35.9,23.5,845,634,0.0845,0.0634,0.5,0.5,0.2500,0.5m x 0.5m,0.48,IE_KAL,927.6,921.0,681,751,1174,1079,,,,,,Mostly Sunny,
2026-05-15 13:41:47,RPi_001,rpi_camera,8276,33,1,35.9,23.4,840,636,0.0840,0.0636,0.5,0.5,0.2500,0.5m x 0.5m,0.48,IE_KAL,928.1,921.2,681,751,1174,1079,,,,,,Mostly Sunny,
2026-05-15 13:41:47,RPi_001,rpi_camera,8277,33,1,35.9,23.4,840,633,0.0840,0.0633,0.5,0.5,0.2500,0.5m x 0.5m,0.52,IE_KAL,927.9,921.2,681,751,1174,1079,,,,,,Mostly Sunny,
2026-05-15 13:41:47,RPi_001,rpi_camera,8278,33,1,35.9,23.4,840,632,0.0840,0.0632,0.5,0.5,0.2500,0.5m x 0.5m,0.53,IE_KAL,927.9,921.0,681,751,1174,1079,,,,,,Mostly Sunny,
2026-05-15 13:41:47,RPi_001,rpi_camera,8279,33,1,36.0,23.5,847,639,0.0847,0.0639,0.5,0.5,0.2500,0.5m x 0.5m,0.47,IE_KAL,928.7,920.9,682,750,1175,1079,,,,,,Mostly Sunny,
2026-05-15 13:41:47,RPi_001,rpi_camera,8280,33,1,35.8,23.5,843,640,0.0843,0.0640,0.5,0.5,0.2500,0.5m x 0.5m,0.42,IE_KAL,929.1,920.5,682,750,1175,1079,,,,,,Mostly Sunny,
2026-05-15 13:41:47,RPi_001,rpi_camera,8281,33,1,35.9,23.5,845,638,0.0845,0.0638,0.5,0.5,0.2500,0.5m x 0.5m,0.44,IE_KAL,928.5,920.7,681,750,1174,1079,,,,,,Mostly Sunny,
2026-05-15 13:41:47,RPi_001,rpi_camera,8282,33,1,35.8,23.4,837,636,0.0837,0.0636,0.5,0.5,0.2500,0.5m x 0.5m,0.43,IE_KAL,928.8,920.9,682,750,1175,1079,,,,,,Mostly Sunny,
2026-05-15 13:41:47,RPi_001,rpi_camera,8283,33,1,35.9,23.6,847,639,0.0847,0.0639,0.5,0.5,0.2500,0.5m x 0.5m,0.57,IE_KAL,928.6,920.6,682,750,1175,1079,,,,,,Mostly Sunny,
2026-05-15 13:41:47,RPi_001,rpi_camera,8284,33,1,35.9,23.4,840,633,0.0840,0.0633,0.5,0.5,0.2500,0.5m x 0.5m,0.56,IE_KAL,927.8,921.2,681,751,1174,1079,,,,,,Mostly Sunny,
2026-05-15 13:41:48,RPi_001,rpi_camera,8285,33,1,35.9,23.7,851,642,0.0851,0.0642,0.5,0.5,0.2500,0.5m x 0.5m,0.54,IE_KAL,928.3,920.5,682,750,1174,1079,,,,,,Mostly Sunny,
2026-05-15 13:41:48,RPi_001,rpi_camera,8286,33,1,35.9,23.4,840,637,0.0840,0.0637,0.5,0.5,0.2500,0.5m x 0.5m,0.52,IE_KAL,928.8,920.9,682,750,1175,1079,,,,,,Mostly Sunny,
2026-05-15 13:41:48,RPi_001,rpi_camera,8287,33,1,36.0,23.4,842,634,0.0842,0.0634,0.5,0.5,0.2500,0.5m x 0.5m,0.56,IE_KAL,928.1,921.1,681,751,1174,1079,,,,,,Mostly Sunny,
2026-05-15 13:41:48,RPi_001,rpi_camera,8288,33,1,36.1,23.2,838,632,0.0838,0.0632,0.5,0.5,0.2500,0.5m x 0.5m,0.53,IE_KAL,927.6,921.4,680,751,1174,1079,,,,,,Mostly Sunny,
2026-05-15 13:41:48,RPi_001,rpi_camera,8289,33,1,35.9,23.4,840,635,0.0840,0.0635,0.5,0.5,0.2500,0.5m x 0.5m,0.46,IE_KAL,928.7,921.0,682,751,1175,1079,,,,,,Mostly Sunny,
2026-05-15 13:41:48,RPi_001,rpi_camera,8290,33,1,35.9,23.4,840,637,0.0840,0.0637,0.5,0.5,0.2500,0.5m x 0.5m,0.55,IE_KAL,928.6,921.1,682,751,1175,1079,,,,,,Mostly Sunny,
2026-05-15 13:41:48,RPi_001,rpi_camera,8291,33,1,35.9,23.5,845,638,0.0845,0.0638,0.5,0.5,0.2500,0.5m x 0.5m,0.53,IE_KAL,928.6,920.7,682,750,1175,1079,,,,,,Mostly Sunny,
2026-05-15 13:41:48,RPi_001,rpi_camera,8292,33,1,35.9,23.2,833,633,0.0833,0.0633,0.5,0.5,0.2500,0.5m x 0.5m,0.56,IE_KAL,928.8,921.3,681,751,1175,1079,,,,,,Mostly Sunny,
2026-05-15 13:41:48,RPi_001,rpi_camera,8293,33,1,36.1,23.4,844,631,0.0844,0.0631,0.5,0.5,0.2500,0.5m x 0.5m,0.53,IE_KAL,927.7,921.6,681,751,1174,1079,,,,,,Mostly Sunny,
2026-05-15 13:41:48,RPi_001,rpi_camera,8294,33,1,35.9,23.4,840,635,0.0840,0.0635,0.5,0.5,0.2500,0.5m x 0.5m,0.61,IE_KAL,928.8,921.3,682,751,1175,1079,,,,,,Mostly Sunny,
2026-05-15 13:41:48,RPi_001,rpi_camera,8295,33,1,35.7,23.2,829,624,0.0829,0.0624,0.5,0.5,0.2500,0.5m x 0.5m,0.53,IE_KAL,927.5,921.8,680,751,1174,1079,,,,,,Mostly Sunny,
2026-05-15 13:41:48,RPi_001,rpi_camera,8296,33,1,36.0,23.4,842,635,0.0842,0.0635,0.5,0.5,0.2500,0.5m x 0.5m,0.53,IE_KAL,928.8,921.1,682,751,1175,1079,,,,,,Mostly Sunny,
2026-05-15 13:41:49,RPi_001,rpi_camera,8297,33,1,36.0,23.4,842,637,0.0842,0.0637,0.5,0.5,0.2500,0.5m x 0.5m,0.55,IE_KAL,928.7,921.1,682,751,1175,1079,,,,,,Mostly Sunny,
2026-05-15 13:41:49,RPi_001,rpi_camera,8298,33,1,36.1,23.2,838,635,0.0838,0.0635,0.5,0.5,0.2500,0.5m x 0.5m,0.55,IE_KAL,928.5,921.3,681,751,1175,1079,,,,,,Mostly Sunny,
2026-05-15 13:41:49,RPi_001,rpi_camera,8299,33,1,36.0,23.4,842,637,0.0842,0.0637,0.5,0.5,0.2500,0.5m x 0.5m,0.57,IE_KAL,928.6,921.2,682,751,1175,1079,,,,,,Mostly Sunny,
2026-05-15 13:41:49,RPi_001,rpi_camera,8300,33,1,35.9,23.4,840,636,0.0840,0.0636,0.5,0.5,0.2500,0.5m x 0.5m,0.58,IE_KAL,928.5,921.0,682,751,1175,1079,,,,,,Mostly Sunny,
2026-05-15 13:41:49,RPi_001,rpi_camera,8301,33,1,35.9,23.4,840,635,0.0840,0.0635,0.5,0.5,0.2500,0.5m x 0.5m,0.53,IE_KAL,928.3,921.2,681,751,1174,1079,,,,,,Mostly Sunny,
2026-05-15 13:41:49,RPi_001,rpi_camera,8302,33,1,36.0,23.4,842,634,0.0842,0.0634,0.5,0.5,0.2500,0.5m x 0.5m,0.53,IE_KAL,928.4,921.1,681,751,1174,1079,,,,,,Mostly Sunny,
2026-05-15 13:41:49,RPi_001,rpi_camera,8303,33,1,35.9,23.4,840,638,0.0840,0.0638,0.5,0.5,0.2500,0.5m x 0.5m,0.55,IE_KAL,928.6,921.0,682,751,1175,1079,,,,,,Mostly Sunny,
2026-05-15 13:41:49,RPi_001,rpi_camera,8304,33,1,35.9,23.4,840,638,0.0840,0.0638,0.5,0.5,0.2500,0.5m x 0.5m,0.55,IE_KAL,928.4,920.9,681,750,1174,1079,,,,,,Mostly Sunny,
2026-05-15 13:41:49,RPi_001,rpi_camera,8305,33,1,35.9,23.4,840,636,0.0840,0.0636,0.5,0.5,0.2500,0.5m x 0.5m,0.53,IE_KAL,928.5,921.1,681,751,1174,1079,,,,,,Mostly Sunny,
2026-05-15 13:41:49,RPi_001,rpi_camera,8306,33,1,36.0,23.4,842,635,0.0842,0.0635,0.5,0.5,0.2500,0.5m x 0.5m,0.57,IE_KAL,928.7,921.1,682,751,1175,1079,,,,,,Mostly Sunny,
2026-05-15 13:41:49,RPi_001,rpi_camera,8307,33,1,36.0,23.4,842,637,0.0842,0.0637,0.5,0.5,0.2500,0.5m x 0.5m,0.55,IE_KAL,928.6,921.1,682,751,1175,1079,,,,,,Mostly Sunny,
2026-05-15 13:41:49,RPi_001,rpi_camera,8308,33,1,35.9,23.4,840,635,0.0840,0.0635,0.5,0.5,0.2500,0.5m x 0.5m,0.55,IE_KAL,928.3,920.9,681,750,1174,1079,,,,,,Mostly Sunny,
2026-05-15 13:41:49,RPi_001,rpi_camera,8309,33,1,35.9,23.4,840,635,0.0840,0.0635,0.5,0.5,0.2500,0.5m x 0.5m,0.55,IE_KAL,928.5,921.1,681,751,1175,1079,,,,,,Mostly Sunny,
2026-05-15 13:41:49,RPi_001,rpi_camera,8310,33,1,36.0,23.4,842,636,0.0842,0.0636,0.5,0.5,0.2500,0.5m x 0.5m,0.56,IE_KAL,928.8,921.1,682,751,1175,1079,,,,,,Mostly Sunny,
2026-05-15 13:41:49,RPi_001,rpi_camera,8311,33,1,36.0,23.5,843,638,0.0843,0.0638,0.5,0.5,0.2500,0.5m x 0.5m,0.58,IE_KAL,929.2,920.7,682,750,1176,1079,,,,,,Mostly Sunny,
2026-05-15 13:41:49,RPi_001,rpi_camera,8312,33,1,36.0,23.4,842,634,0.0842,0.0634,0.5,0.5,0.2500,0.5m x 0.5m,0.56,IE_KAL,928.3,921.1,681,751,1174,1079,,,,,,Mostly Sunny,
2026-05-15 13:41:50,RPi_001,rpi_camera,8313,33,1,36.0,23.4,842,635,0.0842,0.0635,0.5,0.5,0.2500,0.5m x 0.5m,0.55,IE_KAL,928.6,921.2,682,751,1175,1079,,,,,,Mostly Sunny,
2026-05-15 13:41:50,RPi_001,rpi_camera,8314,33,1,36.1,23.4,844,641,0.0844,0.0641,0.5,0.5,0.2500,0.5m x 0.5m,0.56,IE_KAL,928.5,921.0,682,751,1175,1079,,,,,,Mostly Sunny,
2026-05-15 13:41:50,RPi_001,rpi_camera,8315,33,1,36.0,23.4,842,637,0.0842,0.0637,0.5,0.5,0.2500,0.5m x 0.5m,0.53,IE_KAL,928.8,921.2,682,751,1175,1079,,,,,,Mostly Sunny,
2026-05-15 13:41:50,RPi_001,rpi_camera,8316,33,1,35.9,23.4,840,637,0.0840,0.0637,0.5,0.5,0.2500,0.5m x 0.5m,0.55,IE_KAL,928.7,920.9,682,750,1175,1079,,,,,,Mostly Sunny,
2026-05-15 13:41:50,RPi_001,rpi_camera,8317,33,1,35.9,23.4,840,638,0.0840,0.0638,0.5,0.5,0.2500,0.5m x 0.5m,0.59,IE_KAL,928.9,920.9,682,751,1175,1079,,,,,,Mostly Sunny,
2026-05-15 13:41:50,RPi_001,rpi_camera,8318,33,1,35.9,23.4,840,637,0.0840,0.0637,0.5,0.5,0.2500,0.5m x 0.5m,0.56,IE_KAL,928.7,920.8,682,750,1175,1079,,,,,,Mostly Sunny,
2026-05-15 13:41:50,RPi_001,rpi_camera,8319,33,1,36.0,23.4,842,637,0.0842,0.0637,0.5,0.5,0.2500,0.5m x 0.5m,0.55,IE_KAL,928.6,920.9,682,750,1175,1079,,,,,,Mostly Sunny,
2026-05-15 13:41:50,RPi_001,rpi_camera,8320,33,1,36.0,23.4,842,636,0.0842,0.0636,0.5,0.5,0.2500,0.5m x 0.5m,0.56,IE_KAL,928.5,920.9,682,751,1175,1079,,,,,,Mostly Sunny,
2026-05-15 13:41:50,RPi_001,rpi_camera,8321,33,1,36.0,23.4,842,641,0.0842,0.0641,0.5,0.5,0.2500,0.5m x 0.5m,0.56,IE_KAL,929.1,921.0,682,751,1175,1079,,,,,,Mostly Sunny,
2026-05-15 13:41:50,RPi_001,rpi_camera,8322,33,1,36.2,23.4,847,640,0.0847,0.0640,0.5,0.5,0.2500,0.5m x 0.5m,0.58,IE_KAL,928.8,920.8,682,750,1175,1079,,,,,,Mostly Sunny,
2026-05-15 13:41:50,RPi_001,rpi_camera,8323,33,1,36.0,23.4,842,639,0.0842,0.0639,0.5,0.5,0.2500,0.5m x 0.5m,0.55,IE_KAL,929.0,920.6,682,750,1175,1079,,,,,,Mostly Sunny,
2026-05-15 13:41:50,RPi_001,rpi_camera,8324,33,1,35.9,23.2,833,634,0.0833,0.0634,0.5,0.5,0.2500,0.5m x 0.5m,0.53,IE_KAL,928.7,921.3,681,751,1175,1079,,,,,,Mostly Sunny,
2026-05-15 13:41:51,RPi_001,rpi_camera,8325,33,1,35.9,23.4,840,636,0.0840,0.0636,0.5,0.5,0.2500,0.5m x 0.5m,0.55,IE_KAL,928.5,920.9,681,750,1175,1079,,,,,,Mostly Sunny,
2026-05-15 13:41:51,RPi_001,rpi_camera,8326,33,1,36.0,23.5,847,639,0.0847,0.0639,0.5,0.5,0.2500,0.5m x 0.5m,0.53,IE_KAL,928.8,920.7,682,750,1175,1079,,,,,,Mostly Sunny,
2026-05-15 13:41:51,RPi_001,rpi_camera,8327,33,1,36.0,23.4,842,638,0.0842,0.0638,0.5,0.5,0.2500,0.5m x 0.5m,0.57,IE_KAL,928.9,920.8,682,750,1175,1079,,,,,,Mostly Sunny,
2026-05-15 13:41:51,RPi_001,rpi_camera,8328,33,1,35.9,23.5,845,637,0.0845,0.0637,0.5,0.5,0.2500,0.5m x 0.5m,0.53,IE_KAL,928.4,920.6,681,750,1174,1079,,,,,,Mostly Sunny,
2026-05-15 13:41:51,RPi_001,rpi_camera,8329,33,1,35.9,23.4,840,635,0.0840,0.0635,0.5,0.5,0.2500,0.5m x 0.5m,0.56,IE_KAL,928.3,921.0,681,751,1174,1079,,,,,,Mostly Sunny,
2026-05-15 13:41:51,RPi_001,rpi_camera,8330,33,1,36.1,23.4,844,639,0.0844,0.0639,0.5,0.5,0.2500,0.5m x 0.5m,0.56,IE_KAL,928.4,920.9,681,750,1174,1079,,,,,,Mostly Sunny,
2026-05-15 13:41:51,RPi_001,rpi_camera,8331,33,1,36.1,23.5,850,641,0.0850,0.0641,0.5,0.5,0.2500,0.5m x 0.5m,0.55,IE_KAL,928.0,920.7,681,750,1174,1079,,,,,,Mostly Sunny,
2026-05-15 13:41:51,RPi_001,rpi_camera,8332,33,1,35.9,23.4,840,637,0.0840,0.0637,0.5,0.5,0.2500,0.5m x 0.5m,0.52,IE_KAL,928.6,920.8,682,750,1175,1079,,,,,,Mostly Sunny,
2026-05-15 13:41:51,RPi_001,rpi_camera,8333,33,1,36.1,23.4,844,637,0.0844,0.0637,0.5,0.5,0.2500,0.5m x 0.5m,0.56,IE_KAL,928.0,921.0,681,751,1174,1079,,,,,,Mostly Sunny,
2026-05-15 13:41:51,RPi_001,rpi_camera,8334,33,1,35.9,23.4,840,638,0.0840,0.0638,0.5,0.5,0.2500,0.5m x 0.5m,0.56,IE_KAL,928.7,920.9,682,750,1175,1079,,,,,,Mostly Sunny,
2026-05-15 13:41:51,RPi_001,rpi_camera,8335,33,1,35.9,23.4,840,633,0.0840,0.0633,0.5,0.5,0.2500,0.5m x 0.5m,0.56,IE_KAL,927.9,921.3,681,751,1174,1079,,,,,,Mostly Sunny,
2026-05-15 13:41:51,RPi_001,rpi_camera,8336,33,1,36.1,23.4,844,636,0.0844,0.0636,0.5,0.5,0.2500,0.5m x 0.5m,0.50,IE_KAL,928.0,921.1,681,751,1174,1079,,,,,,Mostly Sunny,
2026-05-15 13:41:52,RPi_001,rpi_camera,8337,33,1,36.1,23.4,844,639,0.0844,0.0639,0.5,0.5,0.2500,0.5m x 0.5m,0.47,IE_KAL,928.1,921.0,681,751,1174,1079,,,,,,Mostly Sunny,
2026-05-15 13:41:52,RPi_001,rpi_camera,8338,33,1,35.8,23.5,843,640,0.0843,0.0640,0.5,0.5,0.2500,0.5m x 0.5m,0.47,IE_KAL,929.0,920.4,682,750,1175,1079,,,,,,Mostly Sunny,
2026-05-15 13:41:52,RPi_001,rpi_camera,8339,33,1,35.8,23.4,837,637,0.0837,0.0637,0.5,0.5,0.2500,0.5m x 0.5m,0.48,IE_KAL,928.3,920.8,681,750,1174,1079,,,,,,Mostly Sunny,
2026-05-15 13:41:52,RPi_001,rpi_camera,8340,33,1,35.7,23.4,835,634,0.0835,0.0634,0.5,0.5,0.2500,0.5m x 0.5m,0.45,IE_KAL,927.7,920.7,681,750,1174,1079,,,,,,Mostly Sunny,
2026-05-15 13:41:52,RPi_001,rpi_camera,8341,33,1,35.8,23.2,831,629,0.0831,0.0629,0.5,0.5,0.2500,0.5m x 0.5m,0.53,IE_KAL,928.0,921.4,681,751,1174,1079,,,,,,Mostly Sunny,
2026-05-15 13:41:52,RPi_001,rpi_camera,8342,33,1,35.7,23.2,829,629,0.0829,0.0629,0.5,0.5,0.2500,0.5m x 0.5m,0.60,IE_KAL,927.8,921.2,680,751,1174,1079,,,,,,Mostly Sunny,
2026-05-15 13:41:52,RPi_001,rpi_camera,8343,33,1,35.5,23.4,830,603,0.0830,0.0603,0.5,0.5,0.2500,0.5m x 0.5m,0.49,IE_KAL,925.9,922.3,679,752,1172,1079,,,,,,Mostly Sunny,
2026-05-15 13:41:52,RPi_001,rpi_camera,8344,33,1,35.4,23.2,824,611,0.0824,0.0611,0.5,0.5,0.2500,0.5m x 0.5m,0.60,IE_KAL,926.4,922.7,679,752,1173,1079,,,,,,Mostly Sunny,
2026-05-15 13:41:52,RPi_001,rpi_camera,8345,33,1,35.1,23.1,812,551,0.0812,0.0551,0.5,0.5,0.2500,0.5m x 0.5m,0.48,IE_KAL,917.6,927.7,670,757,1164,1079,,,,,,Mostly Sunny,
2026-05-15 13:41:53,RPi_001,rpi_camera,8358,33,1,36.8,22.4,826,566,0.0826,0.0566,0.5,0.5,0.2500,0.5m x 0.5m,0.37,IE_KAL,891.2,937.8,641,761,1141,1079,,,,,,Mostly Sunny,
2026-05-15 13:41:53,RPi_001,rpi_camera,8359,33,1,35.3,22.7,801,533,0.0801,0.0533,0.5,0.5,0.2500,0.5m x 0.5m,0.47,IE_KAL,884.9,938.7,634,760,1135,1079,,,,,,Mostly Sunny,
2026-05-15 13:41:53,RPi_001,rpi_camera,8360,33,1,35.6,22.7,807,533,0.0807,0.0533,0.5,0.5,0.2500,0.5m x 0.5m,0.41,IE_KAL,884.9,938.1,634,759,1135,1079,,,,,,Mostly Sunny,
2026-05-15 13:41:53,RPi_001,rpi_camera,8366,33,1,24.4,21.3,521,373,0.0521,0.0373,0.5,0.5,0.2500,0.5m x 0.5m,0.44,IE_KAL,840.8,919.8,594,755,1087,1079,,,,,,Mostly Sunny,
2026-05-15 13:41:53,RPi_001,rpi_camera,8367,33,1,24.6,21.2,522,374,0.0522,0.0374,0.5,0.5,0.2500,0.5m x 0.5m,0.50,IE_KAL,839.8,919.6,593,755,1086,1079,,,,,,Mostly Sunny,
2026-05-15 13:41:53,RPi_001,rpi_camera,8368,33,1,24.4,21.3,520,368,0.0520,0.0368,0.5,0.5,0.2500,0.5m x 0.5m,0.44,IE_KAL,839.3,920.7,592,755,1086,1079,,,,,,Mostly Sunny,
2026-05-15 13:41:54,RPi_001,rpi_camera,8369,33,1,24.4,21.4,522,368,0.0522,0.0368,0.5,0.5,0.2500,0.5m x 0.5m,0.46,IE_KAL,839.6,920.9,592,754,1086,1079,,,,,,Mostly Sunny,
2026-05-15 13:41:54,RPi_001,rpi_camera,8370,33,1,24.7,21.5,531,368,0.0531,0.0368,0.5,0.5,0.2500,0.5m x 0.5m,0.49,IE_KAL,838.1,920.4,591,754,1084,1079,,,,,,Mostly Sunny,
2026-05-15 13:41:54,RPi_001,rpi_camera,8371,33,1,24.5,21.5,526,361,0.0526,0.0361,0.5,0.5,0.2500,0.5m x 0.5m,0.52,IE_KAL,836.5,920.2,589,754,1083,1079,,,,,,Mostly Sunny,
2026-05-15 13:41:54,RPi_001,rpi_camera,8372,33,1,24.2,21.3,516,358,0.0516,0.0358,0.5,0.5,0.2500,0.5m x 0.5m,0.48,IE_KAL,835.9,919.6,589,755,1082,1079,,,,,,Mostly Sunny,
2026-05-15 13:41:54,RPi_001,rpi_camera,8373,33,1,23.6,21.1,498,351,0.0498,0.0351,0.5,0.5,0.2500,0.5m x 0.5m,0.55,IE_KAL,834.7,919.8,588,756,1081,1079,,,,,,Mostly Sunny,
2026-05-15 13:41:54,RPi_001,rpi_camera,8374,33,1,23.8,21.5,511,350,0.0511,0.0350,0.5,0.5,0.2500,0.5m x 0.5m,0.51,IE_KAL,834.0,920.4,587,755,1080,1079,,,,,,Mostly Sunny,
2026-05-15 13:41:54,RPi_001,rpi_camera,8375,33,1,24.0,21.6,518,347,0.0518,0.0347,0.5,0.5,0.2500,0.5m x 0.5m,0.37,IE_KAL,834.1,921.6,586,754,1081,1079,,,,,,Mostly Sunny,
2026-05-15 13:41:54,RPi_001,rpi_camera,8378,33,1,23.6,21.7,511,346,0.0511,0.0346,0.5,0.5,0.2500,0.5m x 0.5m,0.48,IE_KAL,832.6,921.5,585,754,1079,1079,,,,,,Mostly Sunny,
2026-05-15 13:41:54,RPi_001,rpi_camera,8379,33,1,22.3,22.0,490,346,0.0490,0.0346,0.5,0.5,0.2500,0.5m x 0.5m,0.56,IE_KAL,833.0,924.9,585,755,1080,1079,,,,,,Mostly Sunny,
2026-05-15 13:41:54,RPi_001,rpi_camera,8380,33,1,22.2,21.8,484,365,0.0484,0.0365,0.5,0.5,0.2500,0.5m x 0.5m,0.44,IE_KAL,837.9,929.0,589,759,1086,1079,,,,,,Mostly Sunny,
2026-05-15 13:41:55,RPi_001,rpi_camera,8383,33,1,33.9,22.1,747,572,0.0747,0.0572,0.5,0.5,0.2500,0.5m x 0.5m,0.38,IE_KAL,885.9,929.7,637,759,1133,1079,,,,,,Mostly Sunny,
2026-05-15 13:41:55,RPi_001,rpi_camera,8384,33,1,33.8,22.2,751,577,0.0751,0.0577,0.5,0.5,0.2500,0.5m x 0.5m,0.40,IE_KAL,886.8,928.6,639,758,1134,1079,,,,,,Mostly Sunny,
2026-05-15 13:41:55,RPi_001,rpi_camera,8385,33,1,35.3,22.3,786,588,0.0786,0.0588,0.5,0.5,0.2500,0.5m x 0.5m,0.49,IE_KAL,892.0,929.7,644,760,1139,1079,,,,,,Mostly Sunny,
2026-05-15 13:41:55,RPi_001,rpi_camera,8386,33,1,35.3,22.3,786,592,0.0786,0.0592,0.5,0.5,0.2500,0.5m x 0.5m,0.55,IE_KAL,891.8,929.2,644,759,1139,1079,,,,,,Mostly Sunny,
2026-05-15 13:41:55,RPi_001,rpi_camera,8387,33,1,35.3,22.1,782,581,0.0782,0.0581,0.5,0.5,0.2500,0.5m x 0.5m,0.53,IE_KAL,888.0,929.6,640,761,1135,1079,,,,,,Mostly Sunny,
2026-05-15 13:41:55,RPi_001,rpi_camera,8388,33,1,35.2,22.1,780,574,0.0780,0.0574,0.5,0.5,0.2500,0.5m x 0.5m,0.57,IE_KAL,890.0,928.6,642,760,1137,1079,,,,,,Mostly Sunny,
2026-05-15 13:41:55,RPi_001,rpi_camera,8389,33,1,35.3,22.1,779,572,0.0779,0.0572,0.5,0.5,0.2500,0.5m x 0.5m,0.57,IE_KAL,887.0,929.8,639,762,1134,1079,,,,,,Mostly Sunny,
2026-05-15 13:41:55,RPi_001,rpi_camera,8390,33,1,35.1,22.2,780,588,0.0780,0.0588,0.5,0.5,0.2500,0.5m x 0.5m,0.49,IE_KAL,890.4,932.2,642,762,1138,1079,,,,,,Mostly Sunny,
2026-05-15 13:41:56,RPi_001,rpi_camera,8406,33,1,35.0,22.4,783,576,0.0783,0.0576,0.5,0.5,0.2500,0.5m x 0.5m,0.63,IE_KAL,889.9,928.6,642,758,1137,1079,,,,,,Mostly Sunny,
2026-05-15 13:41:56,RPi_001,rpi_camera,8407,33,1,34.8,22.1,771,559,0.0771,0.0559,0.5,0.5,0.2500,0.5m x 0.5m,0.56,IE_KAL,885.5,930.7,638,762,1132,1079,,,,,,Mostly Sunny,
2026-05-15 13:41:56,RPi_001,rpi_camera,8408,33,1,35.1,22.1,777,560,0.0777,0.0560,0.5,0.5,0.2500,0.5m x 0.5m,0.53,IE_KAL,884.4,930.9,637,762,1131,1079,,,,,,Mostly Sunny,
2026-05-15 13:41:56,RPi_001,rpi_camera,8409,33,1,35.2,22.1,777,565,0.0777,0.0565,0.5,0.5,0.2500,0.5m x 0.5m,0.48,IE_KAL,885.9,931.2,638,763,1133,1079,,,,,,Mostly Sunny,
2026-05-15 13:41:56,RPi_001,rpi_camera,8410,33,1,34.9,22.1,770,556,0.0770,0.0556,0.5,0.5,0.2500,0.5m x 0.5m,0.51,IE_KAL,884.9,931.2,637,763,1132,1079,,,,,,Mostly Sunny,
2026-05-15 13:41:56,RPi_001,rpi_camera,8411,33,1,35.2,22.1,777,569,0.0777,0.0569,0.5,0.5,0.2500,0.5m x 0.5m,0.41,IE_KAL,887.1,930.7,639,763,1134,1079,,,,,,Mostly Sunny,
2026-05-15 13:41:56,RPi_001,rpi_camera,8412,33,1,35.2,22.1,777,561,0.0777,0.0561,0.5,0.5,0.2500,0.5m x 0.5m,0.44,IE_KAL,885.3,931.2,638,763,1132,1079,,,,,,Mostly Sunny,
2026-05-15 13:41:57,RPi_001,rpi_camera,8413,33,1,35.2,22.1,777,567,0.0777,0.0567,0.5,0.5,0.2500,0.5m x 0.5m,0.44,IE_KAL,886.8,931.0,639,763,1133,1079,,,,,,Mostly Sunny,
2026-05-15 13:41:57,RPi_001,rpi_camera,8414,33,1,35.1,22.3,781,574,0.0781,0.0574,0.5,0.5,0.2500,0.5m x 0.5m,0.36,IE_KAL,888.1,931.3,640,761,1135,1079,,,,,,Mostly Sunny,
2026-05-15 13:41:57,RPi_001,rpi_camera,8415,33,1,35.1,22.6,793,572,0.0793,0.0572,0.5,0.5,0.2500,0.5m x 0.5m,0.37,IE_KAL,888.4,933.0,639,759,1137,1079,,,,,,Mostly Sunny,
2026-05-15 13:41:57,RPi_001,rpi_camera,8416,33,1,35.2,22.9,806,589,0.0806,0.0589,0.5,0.5,0.2500,0.5m x 0.5m,0.52,IE_KAL,891.9,931.6,642,756,1141,1079,,,,,,Mostly Sunny,
2026-05-15 13:41:57,RPi_001,rpi_camera,8417,33,1,35.1,22.8,798,589,0.0798,0.0589,0.5,0.5,0.2500,0.5m x 0.5m,0.55,IE_KAL,891.7,931.3,642,757,1140,1079,,,,,,Mostly Sunny,
2026-05-15 13:41:57,RPi_001,rpi_camera,8418,33,1,35.2,22.1,780,572,0.0780,0.0572,0.5,0.5,0.2500,0.5m x 0.5m,0.63,IE_KAL,885.6,929.8,638,761,1132,1079,,,,,,Mostly Sunny,
2026-05-15 13:41:57,RPi_001,rpi_camera,8419,33,1,34.9,21.9,765,553,0.0765,0.0553,0.5,0.5,0.2500,0.5m x 0.5m,0.49,IE_KAL,884.5,930.9,637,763,1131,1079,,,,,,Mostly Sunny,
2026-05-15 13:41:57,RPi_001,rpi_camera,8420,33,1,35.2,21.7,764,563,0.0764,0.0563,0.5,0.5,0.2500,0.5m x 0.5m,0.49,IE_KAL,884.5,929.1,638,764,1130,1079,,,,,,Mostly Sunny,
2026-05-15 13:41:57,RPi_001,rpi_camera,8421,33,1,35.4,21.5,759,567,0.0759,0.0567,0.5,0.5,0.2500,0.5m x 0.5m,0.45,IE_KAL,885.9,927.3,640,764,1131,1079,,,,,,Mostly Sunny,
2026-05-15 13:41:57,RPi_001,rpi_camera,8422,33,1,35.0,22.0,771,558,0.0771,0.0558,0.5,0.5,0.2500,0.5m x 0.5m,0.54,IE_KAL,884.1,929.9,637,762,1130,1079,,,,,,Mostly Sunny,
2026-05-15 13:41:57,RPi_001,rpi_camera,8423,33,1,35.3,22.1,782,565,0.0782,0.0565,0.5,0.5,0.2500,0.5m x 0.5m,0.59,IE_KAL,885.4,930.6,638,762,1132,1079,,,,,,Mostly Sunny,
2026-05-15 13:41:57,RPi_001,rpi_camera,8424,33,1,35.2,22.4,787,580,0.0787,0.0580,0.5,0.5,0.2500,0.5m x 0.5m,0.51,IE_KAL,891.4,929.4,643,759,1139,1079,,,,,,Mostly Sunny,
2026-05-15 13:41:57,RPi_001,rpi_camera,8425,33,1,35.2,22.4,787,570,0.0787,0.0570,0.5,0.5,0.2500,0.5m x 0.5m,0.36,IE_KAL,887.3,930.7,639,760,1135,1079,,,,,,Mostly Sunny,
2026-05-15 13:41:57,RPi_001,rpi_camera,8426,33,1,35.3,22.4,792,572,0.0792,0.0572,0.5,0.5,0.2500,0.5m x 0.5m,0.40,IE_KAL,887.7,931.8,639,761,1135,1079,,,,,,Mostly Sunny,
2026-05-15 13:41:58,RPi_001,rpi_camera,8430,33,1,35.1,22.6,791,573,0.0791,0.0573,0.5,0.5,0.2500,0.5m x 0.5m,0.42,IE_KAL,888.4,933.4,639,760,1137,1079,,,,,,Mostly Sunny,
2026-05-15 13:41:58,RPi_001,rpi_camera,8433,33,1,35.2,22.7,799,593,0.0799,0.0593,0.5,0.5,0.2500,0.5m x 0.5m,0.43,IE_KAL,893.3,930.8,645,759,1141,1079,,,,,,Mostly Sunny,
2026-05-15 13:41:58,RPi_001,rpi_camera,8434,33,1,35.4,22.0,780,566,0.0780,0.0566,0.5,0.5,0.2500,0.5m x 0.5m,0.56,IE_KAL,884.8,931.1,637,764,1131,1079,,,,,,Mostly Sunny,
2026-05-15 13:42:02,RPi_001,rpi_camera,8495,34,1,34.9,22.6,789,577,0.0789,0.0577,0.5,0.5,0.2500,0.5m x 0.5m,0.39,IE_KAL,888.5,934.1,639,760,1137,1079,,,,,,Mostly Sunny,/home/pi/pothole_crops_20260515_133308/pothole_track34.jpg
2026-05-15 13:42:02,RPi_001,rpi_camera,8503,34,1,34.6,22.6,780,581,0.0780,0.0581,0.5,0.5,0.2500,0.5m x 0.5m,0.38,IE_KAL,889.6,933.7,640,760,1138,1079,,,,,,Mostly Sunny,
2026-05-15 13:42:02,RPi_001,rpi_camera,8507,34,1,35.3,22.7,802,621,0.0802,0.0621,0.5,0.5,0.2500,0.5m x 0.5m,0.36,IE_KAL,895.5,931.5,647,758,1143,1079,,,,,,Mostly Sunny,
2026-05-15 13:42:02,RPi_001,rpi_camera,8508,34,1,34.9,22.8,794,616,0.0794,0.0616,0.5,0.5,0.2500,0.5m x 0.5m,0.35,IE_KAL,895.6,931.8,646,758,1144,1079,,,,,,Mostly Sunny,
2026-05-15 13:42:03,RPi_001,rpi_camera,8509,34,1,35.2,22.7,799,620,0.0799,0.0620,0.5,0.5,0.2500,0.5m x 0.5m,0.40,IE_KAL,895.3,931.6,646,758,1143,1079,,,,,,Mostly Sunny,
2026-05-15 13:42:03,RPi_001,rpi_camera,8511,34,1,35.3,22.9,809,624,0.0809,0.0624,0.5,0.5,0.2500,0.5m x 0.5m,0.45,IE_KAL,895.8,931.4,647,757,1144,1079,,,,,,Mostly Sunny,
2026-05-15 13:42:03,RPi_001,rpi_camera,8512,34,1,35.3,22.7,802,624,0.0802,0.0624,0.5,0.5,0.2500,0.5m x 0.5m,0.42,IE_KAL,896.2,931.6,647,758,1144,1079,,,,,,Mostly Sunny,
2026-05-15 13:42:03,RPi_001,rpi_camera,8513,34,1,35.3,22.7,802,625,0.0802,0.0625,0.5,0.5,0.2500,0.5m x 0.5m,0.42,IE_KAL,896.0,931.5,647,758,1144,1079,,,,,,Mostly Sunny,
2026-05-15 13:42:03,RPi_001,rpi_camera,8514,34,1,35.2,22.7,799,621,0.0799,0.0621,0.5,0.5,0.2500,0.5m x 0.5m,0.49,IE_KAL,895.3,931.6,646,758,1143,1079,,,,,,Mostly Sunny,
2026-05-15 13:42:03,RPi_001,rpi_camera,8515,34,1,35.3,22.9,809,626,0.0809,0.0626,0.5,0.5,0.2500,0.5m x 0.5m,0.42,IE_KAL,896.0,931.4,647,757,1144,1079,,,,,,Mostly Sunny,
2026-05-15 13:42:03,RPi_001,rpi_camera,8517,34,1,35.3,22.9,809,625,0.0809,0.0625,0.5,0.5,0.2500,0.5m x 0.5m,0.45,IE_KAL,895.8,931.7,647,758,1144,1079,,,,,,Mostly Sunny,
2026-05-15 13:42:03,RPi_001,rpi_camera,8518,34,1,35.3,22.8,807,629,0.0807,0.0629,0.5,0.5,0.2500,0.5m x 0.5m,0.46,IE_KAL,896.3,931.4,647,758,1144,1079,,,,,,Mostly Sunny,
2026-05-15 13:42:03,RPi_001,rpi_camera,8519,34,1,35.6,22.5,800,632,0.0800,0.0632,0.5,0.5,0.2500,0.5m x 0.5m,0.54,IE_KAL,896.7,930.2,649,760,1144,1079,,,,,,Mostly Sunny,
2026-05-15 13:42:03,RPi_001,rpi_camera,8520,34,1,35.6,22.5,800,630,0.0800,0.0630,0.5,0.5,0.2500,0.5m x 0.5m,0.60,IE_KAL,897.0,930.2,649,760,1144,1079,,,,,,Mostly Sunny,
2026-05-15 13:42:03,RPi_001,rpi_camera,8521,34,1,35.8,22.5,805,633,0.0805,0.0633,0.5,0.5,0.2500,0.5m x 0.5m,0.58,IE_KAL,896.4,930.2,648,760,1143,1079,,,,,,Mostly Sunny,
2026-05-15 13:42:03,RPi_001,rpi_camera,8522,34,1,35.5,22.6,802,628,0.0802,0.0628,0.5,0.5,0.2500,0.5m x 0.5m,0.53,IE_KAL,896.8,930.2,648,759,1144,1079,,,,,,Mostly Sunny,
2026-05-15 13:42:03,RPi_001,rpi_camera,8523,34,1,35.5,22.5,798,630,0.0798,0.0630,0.5,0.5,0.2500,0.5m x 0.5m,0.53,IE_KAL,896.4,930.2,648,760,1143,1079,,,,,,Mostly Sunny,
2026-05-15 13:42:03,RPi_001,rpi_camera,8524,34,1,35.5,22.6,802,631,0.0802,0.0631,0.5,0.5,0.2500,0.5m x 0.5m,0.53,IE_KAL,896.7,930.1,648,759,1144,1079,,,,,,Mostly Sunny,
2026-05-15 13:42:04,RPi_001,rpi_camera,8525,34,1,35.5,22.6,802,629,0.0802,0.0629,0.5,0.5,0.2500,0.5m x 0.5m,0.52,IE_KAL,896.6,930.4,648,759,1144,1079,,,,,,Mostly Sunny,
2026-05-15 13:42:04,RPi_001,rpi_camera,8526,34,1,35.5,22.6,804,629,0.0804,0.0629,0.5,0.5,0.2500,0.5m x 0.5m,0.53,IE_KAL,896.9,930.5,649,759,1144,1079,,,,,,Mostly Sunny,
2026-05-15 13:42:04,RPi_001,rpi_camera,8527,34,1,35.4,22.6,802,626,0.0802,0.0626,0.5,0.5,0.2500,0.5m x 0.5m,0.53,IE_KAL,896.3,930.8,648,759,1144,1079,,,,,,Mostly Sunny,
2026-05-15 13:42:04,RPi_001,rpi_camera,8528,34,1,35.5,22.6,804,628,0.0804,0.0628,0.5,0.5,0.2500,0.5m x 0.5m,0.52,IE_KAL,896.5,930.5,648,759,1144,1079,,,,,,Mostly Sunny,
2026-05-15 13:42:04,RPi_001,rpi_camera,8529,34,1,35.5,22.6,802,629,0.0802,0.0629,0.5,0.5,0.2500,0.5m x 0.5m,0.52,IE_KAL,896.7,930.4,648,759,1144,1079,,,,,,Mostly Sunny,
2026-05-15 13:42:04,RPi_001,rpi_camera,8530,34,1,35.3,22.6,800,629,0.0800,0.0629,0.5,0.5,0.2500,0.5m x 0.5m,0.55,IE_KAL,896.8,930.4,648,759,1144,1079,,,,,,Mostly Sunny,
2026-05-15 13:42:04,RPi_001,rpi_camera,8531,34,1,35.5,22.6,804,626,0.0804,0.0626,0.5,0.5,0.2500,0.5m x 0.5m,0.52,IE_KAL,896.4,930.7,648,759,1144,1079,,,,,,Mostly Sunny,
2026-05-15 13:42:04,RPi_001,rpi_camera,8532,34,1,35.4,22.5,796,626,0.0796,0.0626,0.5,0.5,0.2500,0.5m x 0.5m,0.52,IE_KAL,896.5,930.8,648,759,1144,1079,,,,,,Mostly Sunny,
2026-05-15 13:42:04,RPi_001,rpi_camera,8533,34,1,35.7,22.6,806,631,0.0806,0.0631,0.5,0.5,0.2500,0.5m x 0.5m,0.52,IE_KAL,896.5,930.4,648,759,1144,1079,,,,,,Mostly Sunny,
2026-05-15 13:42:04,RPi_001,rpi_camera,8534,34,1,35.4,22.6,802,628,0.0802,0.0628,0.5,0.5,0.2500,0.5m x 0.5m,0.52,IE_KAL,896.4,930.7,648,759,1144,1079,,,,,,Mostly Sunny,
2026-05-15 13:42:04,RPi_001,rpi_camera,8535,34,1,35.5,22.6,802,630,0.0802,0.0630,0.5,0.5,0.2500,0.5m x 0.5m,0.50,IE_KAL,896.6,930.4,648,759,1144,1079,,,,,,Mostly Sunny,
2026-05-15 13:42:04,RPi_001,rpi_camera,8536,34,1,35.6,22.5,800,627,0.0800,0.0627,0.5,0.5,0.2500,0.5m x 0.5m,0.54,IE_KAL,896.0,930.9,647,759,1144,1079,,,,,,Mostly Sunny,
2026-05-15 13:42:05,RPi_001,rpi_camera,8537,34,1,35.4,22.6,800,631,0.0800,0.0631,0.5,0.5,0.2500,0.5m x 0.5m,0.53,IE_KAL,896.5,930.3,648,759,1144,1079,,,,,,Mostly Sunny,
2026-05-15 13:42:05,RPi_001,rpi_camera,8538,34,1,35.5,22.4,797,630,0.0797,0.0630,0.5,0.5,0.2500,0.5m x 0.5m,0.53,IE_KAL,896.8,930.7,648,760,1144,1079,,,,,,Mostly Sunny,
2026-05-15 13:42:05,RPi_001,rpi_camera,8539,34,1,35.5,22.6,802,628,0.0802,0.0628,0.5,0.5,0.2500,0.5m x 0.5m,0.55,IE_KAL,896.7,930.6,648,760,1144,1079,,,,,,Mostly Sunny,
2026-05-15 13:42:05,RPi_001,rpi_camera,8540,34,1,35.7,22.6,806,633,0.0806,0.0633,0.5,0.5,0.2500,0.5m x 0.5m,0.55,IE_KAL,896.5,930.4,648,759,1144,1079,,,,,,Mostly Sunny,
2026-05-15 13:42:05,RPi_001,rpi_camera,8541,34,1,35.4,22.6,800,629,0.0800,0.0629,0.5,0.5,0.2500,0.5m x 0.5m,0.52,IE_KAL,896.5,930.5,648,759,1144,1079,,,,,,Mostly Sunny,
2026-05-15 13:42:05,RPi_001,rpi_camera,8542,34,1,35.4,22.6,802,628,0.0802,0.0628,0.5,0.5,0.2500,0.5m x 0.5m,0.52,IE_KAL,896.3,930.5,648,759,1144,1079,,,,,,Mostly Sunny,
2026-05-15 13:42:05,RPi_001,rpi_camera,8543,34,1,35.5,22.6,802,631,0.0802,0.0631,0.5,0.5,0.2500,0.5m x 0.5m,0.55,IE_KAL,896.7,930.3,648,759,1144,1079,,,,,,Mostly Sunny,
2026-05-15 13:42:05,RPi_001,rpi_camera,8544,34,1,35.5,22.6,802,630,0.0802,0.0630,0.5,0.5,0.2500,0.5m x 0.5m,0.54,IE_KAL,896.6,930.4,648,759,1144,1079,,,,,,Mostly Sunny,
2026-05-15 13:42:05,RPi_001,rpi_camera,8545,34,1,35.4,22.6,800,628,0.0800,0.0628,0.5,0.5,0.2500,0.5m x 0.5m,0.52,IE_KAL,896.8,930.5,649,760,1144,1079,,,,,,Mostly Sunny,
2026-05-15 13:42:05,RPi_001,rpi_camera,8546,34,1,35.7,22.6,806,633,0.0806,0.0633,0.5,0.5,0.2500,0.5m x 0.5m,0.52,IE_KAL,896.4,930.5,648,759,1144,1079,,,,,,Mostly Sunny,
2026-05-15 13:42:05,RPi_001,rpi_camera,8547,34,1,35.5,22.4,797,627,0.0797,0.0627,0.5,0.5,0.2500,0.5m x 0.5m,0.53,IE_KAL,896.6,930.7,648,760,1144,1079,,,,,,Mostly Sunny,
2026-05-15 13:42:05,RPi_001,rpi_camera,8548,34,1,35.6,22.6,804,631,0.0804,0.0631,0.5,0.5,0.2500,0.5m x 0.5m,0.52,IE_KAL,896.1,930.2,648,759,1143,1079,,,,,,Mostly Sunny,
2026-05-15 13:42:05,RPi_001,rpi_camera,8549,34,1,35.4,22.6,800,630,0.0800,0.0630,0.5,0.5,0.2500,0.5m x 0.5m,0.53,IE_KAL,896.4,930.3,648,759,1144,1079,,,,,,Mostly Sunny,
2026-05-15 13:42:05,RPi_001,rpi_camera,8550,34,1,35.5,22.6,804,630,0.0804,0.0630,0.5,0.5,0.2500,0.5m x 0.5m,0.53,IE_KAL,896.9,930.3,649,759,1144,1079,,,,,,Mostly Sunny,
2026-05-15 13:42:05,RPi_001,rpi_camera,8551,34,1,35.7,22.6,806,631,0.0806,0.0631,0.5,0.5,0.2500,0.5m x 0.5m,0.56,IE_KAL,896.6,930.5,648,759,1144,1079,,,,,,Mostly Sunny,
2026-05-15 13:42:05,RPi_001,rpi_camera,8552,34,1,35.4,22.6,800,630,0.0800,0.0630,0.5,0.5,0.2500,0.5m x 0.5m,0.57,IE_KAL,896.6,930.4,648,759,1144,1079,,,,,,Mostly Sunny,
2026-05-15 13:42:06,RPi_001,rpi_camera,8553,34,1,35.4,22.6,800,628,0.0800,0.0628,0.5,0.5,0.2500,0.5m x 0.5m,0.53,IE_KAL,896.7,930.5,648,760,1144,1079,,,,,,Mostly Sunny,
2026-05-15 13:42:06,RPi_001,rpi_camera,8554,34,1,35.6,22.6,804,631,0.0804,0.0631,0.5,0.5,0.2500,0.5m x 0.5m,0.58,IE_KAL,896.0,930.5,648,759,1143,1079,,,,,,Mostly Sunny,
2026-05-15 13:42:06,RPi_001,rpi_camera,8555,34,1,35.5,22.4,797,629,0.0797,0.0629,0.5,0.5,0.2500,0.5m x 0.5m,0.54,IE_KAL,896.8,930.6,648,760,1144,1079,,,,,,Mostly Sunny,
2026-05-15 13:42:06,RPi_001,rpi_camera,8556,34,1,35.4,22.6,800,628,0.0800,0.0628,0.5,0.5,0.2500,0.5m x 0.5m,0.54,IE_KAL,896.5,930.5,648,759,1144,1079,,,,,,Mostly Sunny,
2026-05-15 13:42:06,RPi_001,rpi_camera,8557,34,1,35.5,22.6,802,629,0.0802,0.0629,0.5,0.5,0.2500,0.5m x 0.5m,0.60,IE_KAL,896.5,930.4,648,759,1144,1079,,,,,,Mostly Sunny,
2026-05-15 13:42:06,RPi_001,rpi_camera,8558,34,1,35.7,22.6,806,629,0.0806,0.0629,0.5,0.5,0.2500,0.5m x 0.5m,0.53,IE_KAL,896.0,930.4,648,759,1143,1079,,,,,,Mostly Sunny,
2026-05-15 13:42:06,RPi_001,rpi_camera,8559,34,1,35.4,22.5,796,621,0.0796,0.0621,0.5,0.5,0.2500,0.5m x 0.5m,0.53,IE_KAL,895.8,930.8,647,759,1143,1079,,,,,,Mostly Sunny,
2026-05-15 13:42:06,RPi_001,rpi_camera,8560,34,1,35.3,22.5,793,615,0.0793,0.0615,0.5,0.5,0.2500,0.5m x 0.5m,0.46,IE_KAL,895.3,931.1,647,759,1143,1079,,,,,,Mostly Sunny,
2026-05-15 13:42:06,RPi_001,rpi_camera,8561,34,1,35.0,22.3,779,611,0.0779,0.0611,0.5,0.5,0.2500,0.5m x 0.5m,0.42,IE_KAL,895.3,931.2,647,760,1143,1079,,,,,,Mostly Sunny,
2026-05-15 13:42:06,RPi_001,rpi_camera,8563,34,1,35.6,22.6,804,631,0.0804,0.0631,0.5,0.5,0.2500,0.5m x 0.5m,0.45,IE_KAL,895.8,930.0,648,759,1143,1079,,,,,,Mostly Sunny,
2026-05-15 13:42:06,RPi_001,rpi_camera,8564,34,1,35.6,22.4,799,630,0.0799,0.0630,0.5,0.5,0.2500,0.5m x 0.5m,0.54,IE_KAL,895.9,930.2,648,759,1143,1079,,,,,,Mostly Sunny,
2026-05-15 13:42:07,RPi_001,rpi_camera,8565,34,1,35.6,22.7,808,639,0.0808,0.0639,0.5,0.5,0.2500,0.5m x 0.5m,0.58,IE_KAL,896.1,929.6,648,759,1143,1079,,,,,,Mostly Sunny,
2026-05-15 13:42:07,RPi_001,rpi_camera,8566,34,1,35.6,22.7,808,642,0.0808,0.0642,0.5,0.5,0.2500,0.5m x 0.5m,0.60,IE_KAL,897.3,929.8,649,759,1144,1079,,,,,,Mostly Sunny,
2026-05-15 13:42:07,RPi_001,rpi_camera,8567,34,1,35.8,22.7,813,640,0.0813,0.0640,0.5,0.5,0.2500,0.5m x 0.5m,0.52,IE_KAL,896.4,930.0,648,759,1143,1079,,,,,,Mostly Sunny,
2026-05-15 13:42:07,RPi_001,rpi_camera,8568,34,1,35.5,22.6,802,635,0.0802,0.0635,0.5,0.5,0.2500,0.5m x 0.5m,0.53,IE_KAL,896.7,930.2,648,759,1144,1079,,,,,,Mostly Sunny,
2026-05-15 13:42:07,RPi_001,rpi_camera,8569,34,1,35.5,22.4,794,631,0.0794,0.0631,0.5,0.5,0.2500,0.5m x 0.5m,0.55,IE_KAL,896.8,930.7,649,760,1144,1079,,,,,,Mostly Sunny,
2026-05-15 13:42:07,RPi_001,rpi_camera,8570,34,1,35.7,22.6,806,633,0.0806,0.0633,0.5,0.5,0.2500,0.5m x 0.5m,0.54,IE_KAL,896.5,930.7,648,760,1144,1079,,,,,,Mostly Sunny,
2026-05-15 13:42:07,RPi_001,rpi_camera,8571,34,1,35.6,22.4,796,629,0.0796,0.0629,0.5,0.5,0.2500,0.5m x 0.5m,0.53,IE_KAL,896.4,930.8,648,760,1144,1079,,,,,,Mostly Sunny,
2026-05-15 13:42:07,RPi_001,rpi_camera,8572,34,1,35.7,22.7,810,637,0.0810,0.0637,0.5,0.5,0.2500,0.5m x 0.5m,0.58,IE_KAL,896.8,930.0,649,759,1144,1079,,,,,,Mostly Sunny,
2026-05-15 13:42:07,RPi_001,rpi_camera,8573,34,1,35.7,22.7,810,641,0.0810,0.0641,0.5,0.5,0.2500,0.5m x 0.5m,0.52,IE_KAL,897.0,929.7,649,759,1144,1079,,,,,,Mostly Sunny,
2026-05-15 13:42:07,RPi_001,rpi_camera,8574,34,1,35.6,22.7,808,637,0.0808,0.0637,0.5,0.5,0.2500,0.5m x 0.5m,0.50,IE_KAL,896.3,929.9,648,759,1143,1079,,,,,,Mostly Sunny,
2026-05-15 13:42:07,RPi_001,rpi_camera,8575,34,1,35.7,22.7,810,637,0.0810,0.0637,0.5,0.5,0.2500,0.5m x 0.5m,0.52,IE_KAL,896.9,929.9,649,759,1144,1079,,,,,,Mostly Sunny,
2026-05-15 13:42:07,RPi_001,rpi_camera,8576,34,1,35.8,22.5,805,635,0.0805,0.0635,0.5,0.5,0.2500,0.5m x 0.5m,0.53,IE_KAL,896.3,930.3,648,760,1143,1079,,,,,,Mostly Sunny,
2026-05-15 13:42:08,RPi_001,rpi_camera,8577,34,1,35.8,22.6,809,635,0.0809,0.0635,0.5,0.5,0.2500,0.5m x 0.5m,0.51,IE_KAL,896.1,930.4,648,759,1143,1079,,,,,,Mostly Sunny,
2026-05-15 13:42:08,RPi_001,rpi_camera,8578,34,1,35.7,22.6,806,635,0.0806,0.0635,0.5,0.5,0.2500,0.5m x 0.5m,0.53,IE_KAL,896.3,930.2,648,759,1144,1079,,,,,,Mostly Sunny,
2026-05-15 13:42:08,RPi_001,rpi_camera,8579,34,1,35.7,22.6,806,633,0.0806,0.0633,0.5,0.5,0.2500,0.5m x 0.5m,0.51,IE_KAL,896.2,930.3,648,759,1144,1079,,,,,,Mostly Sunny,
2026-05-15 13:42:08,RPi_001,rpi_camera,8580,34,1,35.7,22.5,803,635,0.0803,0.0635,0.5,0.5,0.2500,0.5m x 0.5m,0.53,IE_KAL,896.7,930.1,649,760,1144,1079,,,,,,Mostly Sunny,
2026-05-15 13:42:08,RPi_001,rpi_camera,8581,34,1,35.7,22.6,806,631,0.0806,0.0631,0.5,0.5,0.2500,0.5m x 0.5m,0.54,IE_KAL,895.9,930.6,648,760,1143,1079,,,,,,Mostly Sunny,
2026-05-15 13:42:08,RPi_001,rpi_camera,8582,34,1,35.6,22.7,808,637,0.0808,0.0637,0.5,0.5,0.2500,0.5m x 0.5m,0.53,IE_KAL,896.5,929.9,649,759,1143,1079,,,,,,Mostly Sunny,
2026-05-15 13:42:08,RPi_001,rpi_camera,8583,34,1,35.5,22.7,806,637,0.0806,0.0637,0.5,0.5,0.2500,0.5m x 0.5m,0.54,IE_KAL,897.1,929.9,649,759,1144,1079,,,,,,Mostly Sunny,
2026-05-15 13:42:08,RPi_001,rpi_camera,8584,34,1,35.6,22.6,804,635,0.0804,0.0635,0.5,0.5,0.2500,0.5m x 0.5m,0.53,IE_KAL,896.3,930.0,648,759,1144,1079,,,,,,Mostly Sunny,
2026-05-15 13:42:08,RPi_001,rpi_camera,8585,34,1,35.7,22.7,810,635,0.0810,0.0635,0.5,0.5,0.2500,0.5m x 0.5m,0.50,IE_KAL,896.0,929.5,648,758,1143,1079,,,,,,Mostly Sunny,
2026-05-15 13:42:08,RPi_001,rpi_camera,8586,34,1,35.5,22.7,806,637,0.0806,0.0637,0.5,0.5,0.2500,0.5m x 0.5m,0.51,IE_KAL,896.4,929.3,648,758,1143,1079,,,,,,Mostly Sunny,
2026-05-15 13:42:08,RPi_001,rpi_camera,8587,34,1,35.7,22.7,810,637,0.0810,0.0637,0.5,0.5,0.2500,0.5m x 0.5m,0.50,IE_KAL,896.0,929.5,648,759,1143,1079,,,,,,Mostly Sunny,
2026-05-15 13:42:08,RPi_001,rpi_camera,8588,34,1,35.7,22.7,808,634,0.0808,0.0634,0.5,0.5,0.2500,0.5m x 0.5m,0.51,IE_KAL,895.8,929.9,648,760,1143,1079,,,,,,Mostly Sunny,
2026-05-15 13:42:08,RPi_001,rpi_camera,8589,34,1,35.5,22.7,803,636,0.0803,0.0636,0.5,0.5,0.2500,0.5m x 0.5m,0.53,IE_KAL,896.6,929.9,649,760,1144,1079,,,,,,Mostly Sunny,
2026-05-15 13:42:08,RPi_001,rpi_camera,8590,34,1,35.7,22.7,810,634,0.0810,0.0634,0.5,0.5,0.2500,0.5m x 0.5m,0.51,IE_KAL,895.9,929.9,648,759,1143,1079,,,,,,Mostly Sunny,
2026-05-15 13:42:08,RPi_001,rpi_camera,8591,34,1,35.5,22.7,806,634,0.0806,0.0634,0.5,0.5,0.2500,0.5m x 0.5m,0.51,IE_KAL,896.3,929.5,648,758,1143,1079,,,,,,Mostly Sunny,
2026-05-15 13:42:08,RPi_001,rpi_camera,8592,34,1,35.7,22.7,810,636,0.0810,0.0636,0.5,0.5,0.2500,0.5m x 0.5m,0.52,IE_KAL,895.8,929.8,648,759,1143,1079,,,,,,Mostly Sunny,
2026-05-15 13:42:09,RPi_001,rpi_camera,8593,34,1,35.7,22.7,808,638,0.0808,0.0638,0.5,0.5,0.2500,0.5m x 0.5m,0.51,IE_KAL,896.0,929.6,648,759,1143,1079,,,,,,Mostly Sunny,
2026-05-15 13:42:09,RPi_001,rpi_camera,8594,34,1,35.7,22.7,810,637,0.0810,0.0637,0.5,0.5,0.2500,0.5m x 0.5m,0.51,IE_KAL,896.0,929.7,648,759,1143,1079,,,,,,Mostly Sunny,
2026-05-15 13:42:09,RPi_001,rpi_camera,8595,34,1,35.7,22.7,808,639,0.0808,0.0639,0.5,0.5,0.2500,0.5m x 0.5m,0.51,IE_KAL,896.1,929.4,648,759,1143,1079,,,,,,Mostly Sunny,
2026-05-15 13:42:09,RPi_001,rpi_camera,8596,34,1,35.8,22.7,810,637,0.0810,0.0637,0.5,0.5,0.2500,0.5m x 0.5m,0.53,IE_KAL,896.2,929.7,648,759,1143,1079,,,,,,Mostly Sunny,
2026-05-15 13:42:09,RPi_001,rpi_camera,8597,34,1,35.7,22.7,810,633,0.0810,0.0633,0.5,0.5,0.2500,0.5m x 0.5m,0.51,IE_KAL,895.8,929.9,648,759,1143,1079,,,,,,Mostly Sunny,
2026-05-15 13:42:09,RPi_001,rpi_camera,8598,34,1,35.7,22.7,810,634,0.0810,0.0634,0.5,0.5,0.2500,0.5m x 0.5m,0.49,IE_KAL,895.6,929.7,648,759,1143,1079,,,,,,Mostly Sunny,
2026-05-15 13:42:09,RPi_001,rpi_camera,8599,34,1,35.5,22.6,802,630,0.0802,0.0630,0.5,0.5,0.2500,0.5m x 0.5m,0.51,IE_KAL,896.1,929.9,648,759,1143,1079,,,,,,Mostly Sunny,
2026-05-15 13:42:09,RPi_001,rpi_camera,8600,34,1,35.5,22.7,803,635,0.0803,0.0635,0.5,0.5,0.2500,0.5m x 0.5m,0.46,IE_KAL,896.4,929.6,648,759,1143,1079,,,,,,Mostly Sunny,
2026-05-15 13:42:09,RPi_001,rpi_camera,8601,34,1,35.8,22.7,813,637,0.0813,0.0637,0.5,0.5,0.2500,0.5m x 0.5m,0.52,IE_KAL,896.2,929.8,648,759,1143,1079,,,,,,Mostly Sunny,
2026-05-15 13:42:09,RPi_001,rpi_camera,8602,34,1,35.6,22.9,813,640,0.0813,0.0640,0.5,0.5,0.2500,0.5m x 0.5m,0.52,IE_KAL,896.7,929.2,649,758,1144,1079,,,,,,Mostly Sunny,
2026-05-15 13:42:09,RPi_001,rpi_camera,8603,34,1,35.5,22.9,811,638,0.0811,0.0638,0.5,0.5,0.2500,0.5m x 0.5m,0.51,IE_KAL,896.2,929.4,648,758,1143,1079,,,,,,Mostly Sunny,
2026-05-15 13:42:09,RPi_001,rpi_camera,8604,34,1,35.7,22.9,819,643,0.0819,0.0643,0.5,0.5,0.2500,0.5m x 0.5m,0.50,IE_KAL,896.1,929.1,648,759,1143,1079,,,,,,Mostly Sunny,
2026-05-15 13:42:10,RPi_001,rpi_camera,8605,34,1,35.8,22.7,813,639,0.0813,0.0639,0.5,0.5,0.2500,0.5m x 0.5m,0.53,IE_KAL,896.4,929.7,648,759,1143,1079,,,,,,Mostly Sunny,
2026-05-15 13:42:10,RPi_001,rpi_camera,8606,34,1,35.8,22.7,813,636,0.0813,0.0636,0.5,0.5,0.2500,0.5m x 0.5m,0.51,IE_KAL,896.0,929.9,648,759,1143,1079,,,,,,Mostly Sunny,
2026-05-15 13:42:10,RPi_001,rpi_camera,8607,34,1,35.5,22.6,802,632,0.0802,0.0632,0.5,0.5,0.2500,0.5m x 0.5m,0.50,IE_KAL,896.3,930.1,648,759,1144,1079,,,,,,Mostly Sunny,
2026-05-15 13:42:10,RPi_001,rpi_camera,8608,34,1,35.7,22.7,810,638,0.0810,0.0638,0.5,0.5,0.2500,0.5m x 0.5m,0.53,IE_KAL,896.2,929.8,648,759,1143,1079,,,,,,Mostly Sunny,
2026-05-15 13:42:10,RPi_001,rpi_camera,8609,34,1,35.6,22.7,808,638,0.0808,0.0638,0.5,0.5,0.2500,0.5m x 0.5m,0.53,IE_KAL,896.7,929.6,649,759,1144,1079,,,,,,Mostly Sunny,
2026-05-15 13:42:10,RPi_001,rpi_camera,8610,34,1,35.7,22.5,803,633,0.0803,0.0633,0.5,0.5,0.2500,0.5m x 0.5m,0.50,IE_KAL,895.8,930.1,648,760,1143,1079,,,,,,Mostly Sunny,
2026-05-15 13:42:10,RPi_001,rpi_camera,8611,34,1,35.6,22.7,808,636,0.0808,0.0636,0.5,0.5,0.2500,0.5m x 0.5m,0.53,IE_KAL,896.5,929.7,649,759,1143,1079,,,,,,Mostly Sunny,
2026-05-15 13:42:10,RPi_001,rpi_camera,8612,34,1,35.8,22.7,810,638,0.0810,0.0638,0.5,0.5,0.2500,0.5m x 0.5m,0.53,IE_KAL,896.5,929.8,649,759,1143,1079,,,,,,Mostly Sunny,
2026-05-15 13:42:10,RPi_001,rpi_camera,8613,34,1,35.8,22.8,816,642,0.0816,0.0642,0.5,0.5,0.2500,0.5m x 0.5m,0.53,IE_KAL,896.3,929.4,649,759,1143,1079,,,,,,Mostly Sunny,
2026-05-15 13:42:10,RPi_001,rpi_camera,8614,34,1,35.4,22.4,792,622,0.0792,0.0622,0.5,0.5,0.2500,0.5m x 0.5m,0.51,IE_KAL,895.4,930.4,647,760,1143,1079,,,,,,Mostly Sunny,
2026-05-15 13:42:10,RPi_001,rpi_camera,8615,34,1,35.5,22.5,798,636,0.0798,0.0636,0.5,0.5,0.2500,0.5m x 0.5m,0.36,IE_KAL,896.2,928.7,648,758,1143,1079,,,,,,Mostly Sunny,
2026-05-15 13:42:10,RPi_001,rpi_camera,8616,34,1,35.2,22.5,791,626,0.0791,0.0626,0.5,0.5,0.2500,0.5m x 0.5m,0.47,IE_KAL,895.6,930.0,648,760,1143,1079,,,,,,Mostly Sunny,
2026-05-15 13:42:10,RPi_001,rpi_camera,8617,34,1,35.4,22.6,800,620,0.0800,0.0620,0.5,0.5,0.2500,0.5m x 0.5m,0.48,IE_KAL,895.7,930.7,647,760,1143,1079,,,,,,Mostly Sunny,
2026-05-15 13:42:10,RPi_001,rpi_camera,8618,34,1,35.5,22.5,798,628,0.0798,0.0628,0.5,0.5,0.2500,0.5m x 0.5m,0.51,IE_KAL,896.0,930.0,648,760,1143,1079,,,,,,Mostly Sunny,
2026-05-15 13:42:10,RPi_001,rpi_camera,8619,34,1,35.5,22.5,798,627,0.0798,0.0627,0.5,0.5,0.2500,0.5m x 0.5m,0.47,IE_KAL,896.2,930.2,648,760,1143,1079,,,,,,Mostly Sunny,
2026-05-15 13:42:10,RPi_001,rpi_camera,8620,34,1,35.5,22.5,798,629,0.0798,0.0629,0.5,0.5,0.2500,0.5m x 0.5m,0.50,IE_KAL,896.3,930.3,648,760,1143,1079,,,,,,Mostly Sunny,
2026-05-15 13:42:11,RPi_001,rpi_camera,8621,34,1,35.4,22.4,794,624,0.0794,0.0624,0.5,0.5,0.2500,0.5m x 0.5m,0.53,IE_KAL,896.1,930.5,648,759,1143,1079,,,,,,Mostly Sunny,
2026-05-15 13:42:11,RPi_001,rpi_camera,8622,34,1,35.6,22.4,799,623,0.0799,0.0623,0.5,0.5,0.2500,0.5m x 0.5m,0.51,IE_KAL,895.7,930.9,647,760,1143,1079,,,,,,Mostly Sunny,
2026-05-15 13:42:11,RPi_001,rpi_camera,8623,34,1,35.2,22.6,797,621,0.0797,0.0621,0.5,0.5,0.2500,0.5m x 0.5m,0.45,IE_KAL,896.2,931.6,647,759,1144,1079,,,,,,Mostly Sunny,
2026-05-15 13:42:11,RPi_001,rpi_camera,8625,34,1,35.3,22.9,809,616,0.0809,0.0616,0.5,0.5,0.2500,0.5m x 0.5m,0.42,IE_KAL,896.0,932.1,646,757,1145,1079,,,,,,Mostly Sunny,
2026-05-15 13:42:11,RPi_001,rpi_camera,8626,34,1,35.1,23.0,807,612,0.0807,0.0612,0.5,0.5,0.2500,0.5m x 0.5m,0.56,IE_KAL,895.1,932.2,645,756,1144,1079,,,,,,Mostly Sunny,
2026-05-15 13:42:11,RPi_001,rpi_camera,8627,34,1,35.4,23.0,814,594,0.0814,0.0594,0.5,0.5,0.2500,0.5m x 0.5m,0.56,IE_KAL,890.3,929.5,640,753,1139,1079,,,,,,Mostly Sunny,
2026-05-15 13:42:11,RPi_001,rpi_camera,8628,34,1,35.3,23.0,812,584,0.0812,0.0584,0.5,0.5,0.2500,0.5m x 0.5m,0.45,IE_KAL,888.8,928.1,639,752,1138,1079,,,,,,Mostly Sunny,
2026-05-15 13:42:11,RPi_001,rpi_camera,8629,34,1,34.9,23.2,810,582,0.0810,0.0582,0.5,0.5,0.2500,0.5m x 0.5m,0.48,IE_KAL,887.0,928.3,637,751,1136,1079,,,,,,Mostly Sunny,
2026-05-15 13:42:11,RPi_001,rpi_camera,8630,34,1,35.2,22.9,808,598,0.0808,0.0598,0.5,0.5,0.2500,0.5m x 0.5m,0.61,IE_KAL,893.0,933.2,643,756,1142,1079,,,,,,Mostly Sunny,
2026-05-15 13:42:11,RPi_001,rpi_camera,8631,34,1,35.1,23.1,809,600,0.0809,0.0600,0.5,0.5,0.2500,0.5m x 0.5m,0.67,IE_KAL,892.8,932.9,643,756,1142,1079,,,,,,Mostly Sunny,
2026-05-15 13:42:11,RPi_001,rpi_camera,8632,34,1,35.2,23.1,812,597,0.0812,0.0597,0.5,0.5,0.2500,0.5m x 0.5m,0.66,IE_KAL,891.7,933.1,642,756,1141,1079,,,,,,Mostly Sunny,
2026-05-15 13:42:12,RPi_001,rpi_camera,8633,34,1,34.9,23.1,805,602,0.0805,0.0602,0.5,0.5,0.2500,0.5m x 0.5m,0.66,IE_KAL,892.4,932.9,642,756,1141,1079,,,,,,Mostly Sunny,
2026-05-15 13:42:12,RPi_001,rpi_camera,8634,34,1,35.3,23.2,819,614,0.0819,0.0614,0.5,0.5,0.2500,0.5m x 0.5m,0.62,IE_KAL,893.1,932.3,643,755,1142,1079,,,,,,Mostly Sunny,
2026-05-15 13:42:12,RPi_001,rpi_camera,8635,34,1,35.2,23.1,812,610,0.0812,0.0610,0.5,0.5,0.2500,0.5m x 0.5m,0.66,IE_KAL,892.8,932.5,643,755,1142,1079,,,,,,Mostly Sunny,
2026-05-15 13:42:12,RPi_001,rpi_camera,8636,34,1,35.2,23.2,817,614,0.0817,0.0614,0.5,0.5,0.2500,0.5m x 0.5m,0.61,IE_KAL,893.9,932.4,644,755,1143,1079,,,,,,Mostly Sunny,
2026-05-15 13:42:12,RPi_001,rpi_camera,8637,34,1,34.9,22.9,801,604,0.0801,0.0604,0.5,0.5,0.2500,0.5m x 0.5m,0.65,IE_KAL,893.4,933.1,643,756,1143,1079,,,,,,Mostly Sunny,
2026-05-15 13:42:12,RPi_001,rpi_camera,8638,34,1,35.2,23.3,819,615,0.0819,0.0615,0.5,0.5,0.2500,0.5m x 0.5m,0.62,IE_KAL,893.9,932.5,644,755,1143,1079,,,,,,Mostly Sunny,
2026-05-15 13:42:12,RPi_001,rpi_camera,8639,34,1,34.8,23.1,806,608,0.0806,0.0608,0.5,0.5,0.2500,0.5m x 0.5m,0.65,IE_KAL,894.3,933.1,644,755,1144,1079,,,,,,Mostly Sunny,
2026-05-15 13:42:12,RPi_001,rpi_camera,8640,34,1,34.9,23.1,808,597,0.0808,0.0597,0.5,0.5,0.2500,0.5m x 0.5m,0.65,IE_KAL,892.5,933.3,642,755,1142,1079,,,,,,Mostly Sunny,
2026-05-15 13:42:12,RPi_001,rpi_camera,8641,34,1,35.1,23.1,809,587,0.0809,0.0587,0.5,0.5,0.2500,0.5m x 0.5m,0.65,IE_KAL,888.2,934.2,638,757,1137,1079,,,,,,Mostly Sunny,
2026-05-15 13:42:12,RPi_001,rpi_camera,8642,34,1,35.1,23.1,809,610,0.0809,0.0610,0.5,0.5,0.2500,0.5m x 0.5m,0.64,IE_KAL,892.9,932.5,643,755,1142,1079,,,,,,Mostly Sunny,
2026-05-15 13:42:12,RPi_001,rpi_camera,8643,34,1,34.9,23.1,805,599,0.0805,0.0599,0.5,0.5,0.2500,0.5m x 0.5m,0.60,IE_KAL,892.0,932.8,642,756,1141,1079,,,,,,Mostly Sunny,
2026-05-15 13:42:12,RPi_001,rpi_camera,8644,34,1,34.9,23.1,805,607,0.0805,0.0607,0.5,0.5,0.2500,0.5m x 0.5m,0.61,IE_KAL,892.0,932.6,642,755,1141,1079,,,,,,Mostly Sunny,
2026-05-15 13:42:13,RPi_001,rpi_camera,8645,34,1,34.8,23.1,802,602,0.0802,0.0602,0.5,0.5,0.2500,0.5m x 0.5m,0.62,IE_KAL,893.0,932.8,643,756,1142,1079,,,,,,Mostly Sunny,
2026-05-15 13:42:13,RPi_001,rpi_camera,8646,34,1,35.1,23.1,809,601,0.0809,0.0601,0.5,0.5,0.2500,0.5m x 0.5m,0.64,IE_KAL,893.4,932.9,644,756,1142,1079,,,,,,Mostly Sunny,
2026-05-15 13:42:13,RPi_001,rpi_camera,8647,34,1,35.1,22.9,806,604,0.0806,0.0604,0.5,0.5,0.2500,0.5m x 0.5m,0.59,IE_KAL,893.7,933.0,643,756,1143,1079,,,,,,Mostly Sunny,
2026-05-15 13:42:13,RPi_001,rpi_camera,8648,34,1,35.0,22.9,803,603,0.0803,0.0603,0.5,0.5,0.2500,0.5m x 0.5m,0.66,IE_KAL,894.6,933.1,644,756,1144,1079,,,,,,Mostly Sunny,
2026-05-15 13:42:13,RPi_001,rpi_camera,8649,34,1,35.2,22.9,808,611,0.0808,0.0611,0.5,0.5,0.2500,0.5m x 0.5m,0.66,IE_KAL,894.8,933.1,645,756,1144,1079,,,,,,Mostly Sunny,
2026-05-15 13:42:13,RPi_001,rpi_camera,8650,34,1,34.8,22.9,799,604,0.0799,0.0604,0.5,0.5,0.2500,0.5m x 0.5m,0.62,IE_KAL,894.3,932.9,644,756,1144,1079,,,,,,Mostly Sunny,
2026-05-15 13:42:13,RPi_001,rpi_camera,8651,34,1,34.9,22.9,801,610,0.0801,0.0610,0.5,0.5,0.2500,0.5m x 0.5m,0.66,IE_KAL,894.7,932.9,644,756,1144,1079,,,,,,Mostly Sunny,
2026-05-15 13:42:13,RPi_001,rpi_camera,8652,34,1,35.2,22.9,808,606,0.0808,0.0606,0.5,0.5,0.2500,0.5m x 0.5m,0.67,IE_KAL,895.1,933.0,645,756,1144,1079,,,,,,Mostly Sunny,
2026-05-15 13:42:13,RPi_001,rpi_camera,8653,34,1,35.5,22.9,815,609,0.0815,0.0609,0.5,0.5,0.2500,0.5m x 0.5m,0.66,IE_KAL,895.5,933.2,645,756,1145,1079,,,,,,Mostly Sunny,
2026-05-15 13:42:13,RPi_001,rpi_camera,8654,34,1,35.6,22.9,817,614,0.0817,0.0614,0.5,0.5,0.2500,0.5m x 0.5m,0.67,IE_KAL,895.0,932.9,645,756,1144,1079,,,,,,Mostly Sunny,
2026-05-15 13:42:13,RPi_001,rpi_camera,8655,34,1,35.4,22.9,812,614,0.0812,0.0614,0.5,0.5,0.2500,0.5m x 0.5m,0.66,IE_KAL,895.3,933.0,645,756,1145,1079,,,,,,Mostly Sunny,
2026-05-15 13:42:13,RPi_001,rpi_camera,8656,34,1,35.5,22.9,815,613,0.0815,0.0613,0.5,0.5,0.2500,0.5m x 0.5m,0.67,IE_KAL,895.1,933.3,645,756,1144,1079,,,,,,Mostly Sunny,
2026-05-15 13:42:13,RPi_001,rpi_camera,8657,34,1,35.6,22.9,817,615,0.0817,0.0615,0.5,0.5,0.2500,0.5m x 0.5m,0.65,IE_KAL,895.1,933.2,645,756,1144,1079,,,,,,Mostly Sunny,
2026-05-15 13:42:13,RPi_001,rpi_camera,8658,34,1,35.4,22.9,812,613,0.0812,0.0613,0.5,0.5,0.2500,0.5m x 0.5m,0.66,IE_KAL,895.2,933.3,645,756,1144,1079,,,,,,Mostly Sunny,
2026-05-15 13:42:13,RPi_001,rpi_camera,8659,34,1,35.4,22.8,807,599,0.0807,0.0599,0.5,0.5,0.2500,0.5m x 0.5m,0.62,IE_KAL,894.7,933.4,644,756,1144,1079,,,,,,Mostly Sunny,
2026-05-15 13:42:13,RPi_001,rpi_camera,8660,34,1,35.4,22.8,807,602,0.0807,0.0602,0.5,0.5,0.2500,0.5m x 0.5m,0.66,IE_KAL,894.9,933.4,645,756,1144,1079,,,,,,Mostly Sunny,
2026-05-15 13:42:14,RPi_001,rpi_camera,8661,34,1,35.4,22.8,807,598,0.0807,0.0598,0.5,0.5,0.2500,0.5m x 0.5m,0.65,IE_KAL,894.6,933.6,644,756,1144,1079,,,,,,Mostly Sunny,
2026-05-15 13:42:14,RPi_001,rpi_camera,8662,34,1,35.3,22.9,810,610,0.0810,0.0610,0.5,0.5,0.2500,0.5m x 0.5m,0.66,IE_KAL,895.1,933.4,645,756,1144,1079,,,,,,Mostly Sunny,
2026-05-15 13:42:14,RPi_001,rpi_camera,8663,34,1,35.2,22.9,808,610,0.0808,0.0610,0.5,0.5,0.2500,0.5m x 0.5m,0.67,IE_KAL,895.4,933.3,645,756,1145,1079,,,,,,Mostly Sunny,
2026-05-15 13:42:14,RPi_001,rpi_camera,8664,34,1,35.2,22.8,803,600,0.0803,0.0600,0.5,0.5,0.2500,0.5m x 0.5m,0.66,IE_KAL,894.9,933.6,645,756,1144,1079,,,,,,Mostly Sunny,
2026-05-15 13:42:14,RPi_001,rpi_camera,8665,34,1,35.2,22.9,808,606,0.0808,0.0606,0.5,0.5,0.2500,0.5m x 0.5m,0.67,IE_KAL,895.0,933.2,645,756,1144,1079,,,,,,Mostly Sunny,
2026-05-15 13:42:14,RPi_001,rpi_camera,8666,34,1,35.2,22.9,808,609,0.0808,0.0609,0.5,0.5,0.2500,0.5m x 0.5m,0.67,IE_KAL,895.0,933.3,645,756,1144,1079,,,,,,Mostly Sunny,
2026-05-15 13:42:14,RPi_001,rpi_camera,8667,34,1,35.2,22.9,808,604,0.0808,0.0604,0.5,0.5,0.2500,0.5m x 0.5m,0.67,IE_KAL,894.9,933.3,645,756,1144,1079,,,,,,Mostly Sunny,
2026-05-15 13:42:14,RPi_001,rpi_camera,8668,34,1,35.4,22.9,812,610,0.0812,0.0610,0.5,0.5,0.2500,0.5m x 0.5m,0.66,IE_KAL,894.4,933.1,644,756,1144,1079,,,,,,Mostly Sunny,
2026-05-15 13:42:14,RPi_001,rpi_camera,8669,34,1,35.1,22.9,806,610,0.0806,0.0610,0.5,0.5,0.2500,0.5m x 0.5m,0.66,IE_KAL,894.5,933.2,644,756,1144,1079,,,,,,Mostly Sunny,
2026-05-15 13:42:14,RPi_001,rpi_camera,8670,34,1,35.3,22.9,810,606,0.0810,0.0606,0.5,0.5,0.2500,0.5m x 0.5m,0.67,IE_KAL,894.3,933.2,644,756,1144,1079,,,,,,Mostly Sunny,
2026-05-15 13:42:14,RPi_001,rpi_camera,8671,34,1,35.1,22.9,806,609,0.0806,0.0609,0.5,0.5,0.2500,0.5m x 0.5m,0.67,IE_KAL,894.8,933.1,645,756,1144,1079,,,,,,Mostly Sunny,
2026-05-15 13:42:14,RPi_001,rpi_camera,8672,34,1,34.9,22.8,796,606,0.0796,0.0606,0.5,0.5,0.2500,0.5m x 0.5m,0.67,IE_KAL,895.3,933.4,645,756,1145,1079,,,,,,Mostly Sunny,
2026-05-15 13:42:15,RPi_001,rpi_camera,8673,34,1,35.0,22.9,803,610,0.0803,0.0610,0.5,0.5,0.2500,0.5m x 0.5m,0.67,IE_KAL,895.1,933.0,645,756,1144,1079,,,,,,Mostly Sunny,
2026-05-15 13:42:15,RPi_001,rpi_camera,8674,34,1,35.0,22.9,803,603,0.0803,0.0603,0.5,0.5,0.2500,0.5m x 0.5m,0.62,IE_KAL,894.3,933.1,644,756,1144,1079,,,,,,Mostly Sunny,
2026-05-15 13:42:15,RPi_001,rpi_camera,8675,34,1,35.1,23.0,808,611,0.0808,0.0611,0.5,0.5,0.2500,0.5m x 0.5m,0.62,IE_KAL,894.1,933.2,644,755,1143,1079,,,,,,Mostly Sunny,
2026-05-15 13:42:15,RPi_001,rpi_camera,8676,34,1,35.0,22.9,803,599,0.0803,0.0599,0.5,0.5,0.2500,0.5m x 0.5m,0.65,IE_KAL,894.2,933.2,644,756,1143,1079,,,,,,Mostly Sunny,
2026-05-15 13:42:15,RPi_001,rpi_camera,8677,34,1,34.8,22.9,799,606,0.0799,0.0606,0.5,0.5,0.2500,0.5m x 0.5m,0.67,IE_KAL,894.6,932.9,644,756,1144,1079,,,,,,Mostly Sunny,
2026-05-15 13:42:15,RPi_001,rpi_camera,8678,34,1,35.0,22.9,803,607,0.0803,0.0607,0.5,0.5,0.2500,0.5m x 0.5m,0.66,IE_KAL,894.2,933.1,644,756,1143,1079,,,,,,Mostly Sunny,
2026-05-15 13:42:15,RPi_001,rpi_camera,8679,34,1,35.0,22.9,803,606,0.0803,0.0606,0.5,0.5,0.2500,0.5m x 0.5m,0.64,IE_KAL,894.3,933.1,644,756,1143,1079,,,,,,Mostly Sunny,
2026-05-15 13:42:15,RPi_001,rpi_camera,8680,34,1,35.1,22.9,806,611,0.0806,0.0611,0.5,0.5,0.2500,0.5m x 0.5m,0.67,IE_KAL,894.5,933.0,644,756,1144,1079,,,,,,Mostly Sunny,
2026-05-15 13:42:15,RPi_001,rpi_camera,8681,34,1,35.1,22.9,806,605,0.0806,0.0605,0.5,0.5,0.2500,0.5m x 0.5m,0.67,IE_KAL,894.2,933.2,644,756,1143,1079,,,,,,Mostly Sunny,
2026-05-15 13:42:15,RPi_001,rpi_camera,8682,34,1,35.0,22.9,803,604,0.0803,0.0604,0.5,0.5,0.2500,0.5m x 0.5m,0.67,IE_KAL,894.3,933.2,644,756,1144,1079,,,,,,Mostly Sunny,
2026-05-15 13:42:15,RPi_001,rpi_camera,8683,34,1,35.1,22.9,806,608,0.0806,0.0608,0.5,0.5,0.2500,0.5m x 0.5m,0.62,IE_KAL,893.9,933.1,644,756,1143,1079,,,,,,Mostly Sunny,
2026-05-15 13:42:15,RPi_001,rpi_camera,8684,34,1,34.9,22.9,801,604,0.0801,0.0604,0.5,0.5,0.2500,0.5m x 0.5m,0.64,IE_KAL,894.7,933.3,645,756,1144,1079,,,,,,Mostly Sunny,
2026-05-15 13:42:15,RPi_001,rpi_camera,8685,34,1,35.1,22.9,806,605,0.0806,0.0605,0.5,0.5,0.2500,0.5m x 0.5m,0.67,IE_KAL,894.3,933.2,644,756,1144,1079,,,,,,Mostly Sunny,
2026-05-15 13:42:15,RPi_001,rpi_camera,8686,34,1,35.0,22.9,803,610,0.0803,0.0610,0.5,0.5,0.2500,0.5m x 0.5m,0.67,IE_KAL,894.8,933.0,645,756,1144,1079,,,,,,Mostly Sunny,
2026-05-15 13:42:15,RPi_001,rpi_camera,8687,34,1,35.1,22.9,806,606,0.0806,0.0606,0.5,0.5,0.2500,0.5m x 0.5m,0.66,IE_KAL,894.6,933.2,644,756,1144,1079,,,,,,Mostly Sunny,
2026-05-15 13:42:15,RPi_001,rpi_camera,8688,34,1,35.2,22.9,808,609,0.0808,0.0609,0.5,0.5,0.2500,0.5m x 0.5m,0.67,IE_KAL,894.2,933.2,644,756,1143,1079,,,,,,Mostly Sunny,
2026-05-15 13:42:16,RPi_001,rpi_camera,8689,34,1,35.1,22.9,806,607,0.0806,0.0607,0.5,0.5,0.2500,0.5m x 0.5m,0.65,IE_KAL,894.7,933.3,644,756,1144,1079,,,,,,Mostly Sunny,
2026-05-15 13:42:16,RPi_001,rpi_camera,8690,34,1,35.2,22.9,808,609,0.0808,0.0609,0.5,0.5,0.2500,0.5m x 0.5m,0.64,IE_KAL,894.9,933.4,645,756,1144,1079,,,,,,Mostly Sunny,
2026-05-15 13:42:16,RPi_001,rpi_camera,8691,34,1,35.0,22.8,799,608,0.0799,0.0608,0.5,0.5,0.2500,0.5m x 0.5m,0.63,IE_KAL,895.0,933.4,644,756,1145,1079,,,,,,Mostly Sunny,
2026-05-15 13:42:16,RPi_001,rpi_camera,8692,34,1,35.1,22.9,806,605,0.0806,0.0605,0.5,0.5,0.2500,0.5m x 0.5m,0.61,IE_KAL,894.8,933.3,645,756,1144,1079,,,,,,Mostly Sunny,
2026-05-15 13:42:16,RPi_001,rpi_camera,8693,34,1,35.1,22.9,806,606,0.0806,0.0606,0.5,0.5,0.2500,0.5m x 0.5m,0.64,IE_KAL,894.7,933.3,644,756,1144,1079,,,,,,Mostly Sunny,
2026-05-15 13:42:16,RPi_001,rpi_camera,8694,34,1,35.1,22.8,801,597,0.0801,0.0597,0.5,0.5,0.2500,0.5m x 0.5m,0.67,IE_KAL,894.3,933.7,644,757,1144,1079,,,,,,Mostly Sunny,
2026-05-15 13:42:16,RPi_001,rpi_camera,8695,34,1,35.1,22.8,801,599,0.0801,0.0599,0.5,0.5,0.2500,0.5m x 0.5m,0.66,IE_KAL,894.3,933.6,644,756,1144,1079,,,,,,Mostly Sunny,
2026-05-15 13:42:16,RPi_001,rpi_camera,8696,34,1,35.1,22.9,806,610,0.0806,0.0610,0.5,0.5,0.2500,0.5m x 0.5m,0.64,IE_KAL,894.9,933.2,645,756,1144,1079,,,,,,Mostly Sunny,
2026-05-15 13:42:16,RPi_001,rpi_camera,8697,34,1,35.1,22.9,806,597,0.0806,0.0597,0.5,0.5,0.2500,0.5m x 0.5m,0.64,IE_KAL,894.1,933.5,644,756,1143,1079,,,,,,Mostly Sunny,
2026-05-15 13:42:16,RPi_001,rpi_camera,8698,34,1,35.1,22.9,806,597,0.0806,0.0597,0.5,0.5,0.2500,0.5m x 0.5m,0.65,IE_KAL,894.2,933.5,644,756,1143,1079,,,,,,Mostly Sunny,
2026-05-15 13:42:16,RPi_001,rpi_camera,8699,34,1,35.1,22.9,806,608,0.0806,0.0608,0.5,0.5,0.2500,0.5m x 0.5m,0.64,IE_KAL,894.4,933.3,644,756,1144,1079,,,,,,Mostly Sunny,
2026-05-15 13:42:16,RPi_001,rpi_camera,8700,34,1,35.1,22.9,806,610,0.0806,0.0610,0.5,0.5,0.2500,0.5m x 0.5m,0.64,IE_KAL,895.1,933.1,645,756,1144,1079,,,,,,Mostly Sunny,
2026-05-15 13:42:17,RPi_001,rpi_camera,8701,34,1,35.3,22.9,810,611,0.0810,0.0611,0.5,0.5,0.2500,0.5m x 0.5m,0.67,IE_KAL,894.4,933.3,644,756,1144,1079,,,,,,Mostly Sunny,
2026-05-15 13:42:17,RPi_001,rpi_camera,8702,34,1,35.2,22.9,808,610,0.0808,0.0610,0.5,0.5,0.2500,0.5m x 0.5m,0.67,IE_KAL,895.0,933.2,645,756,1144,1079,,,,,,Mostly Sunny,
2026-05-15 13:42:17,RPi_001,rpi_camera,8703,34,1,35.2,22.9,808,612,0.0808,0.0612,0.5,0.5,0.2500,0.5m x 0.5m,0.67,IE_KAL,895.3,933.4,645,756,1145,1079,,,,,,Mostly Sunny,
2026-05-15 13:42:17,RPi_001,rpi_camera,8704,34,1,35.2,22.9,808,610,0.0808,0.0610,0.5,0.5,0.2500,0.5m x 0.5m,0.67,IE_KAL,895.1,933.4,645,756,1144,1079,,,,,,Mostly Sunny,
2026-05-15 13:42:17,RPi_001,rpi_camera,8705,34,1,35.2,22.9,808,609,0.0808,0.0609,0.5,0.5,0.2500,0.5m x 0.5m,0.62,IE_KAL,895.0,933.3,645,756,1144,1079,,,,,,Mostly Sunny,
2026-05-15 13:42:17,RPi_001,rpi_camera,8706,34,1,35.1,22.9,806,604,0.0806,0.0604,0.5,0.5,0.2500,0.5m x 0.5m,0.67,IE_KAL,894.3,933.6,644,756,1144,1079,,,,,,Mostly Sunny,
2026-05-15 13:42:17,RPi_001,rpi_camera,8707,34,1,34.9,22.9,801,604,0.0801,0.0604,0.5,0.5,0.2500,0.5m x 0.5m,0.67,IE_KAL,894.4,933.7,644,757,1144,1079,,,,,,Mostly Sunny,
2026-05-15 13:42:17,RPi_001,rpi_camera,8708,34,1,34.9,22.9,801,603,0.0801,0.0603,0.5,0.5,0.2500,0.5m x 0.5m,0.67,IE_KAL,894.4,933.5,644,756,1144,1079,,,,,,Mostly Sunny,
2026-05-15 13:42:17,RPi_001,rpi_camera,8709,34,1,35.1,22.9,806,605,0.0806,0.0605,0.5,0.5,0.2500,0.5m x 0.5m,0.67,IE_KAL,894.2,933.5,644,756,1143,1079,,,,,,Mostly Sunny,
2026-05-15 13:42:17,RPi_001,rpi_camera,8710,34,1,35.1,22.9,806,607,0.0806,0.0607,0.5,0.5,0.2500,0.5m x 0.5m,0.67,IE_KAL,894.3,933.4,644,756,1144,1079,,,,,,Mostly Sunny,
2026-05-15 13:42:17,RPi_001,rpi_camera,8711,34,1,35.3,22.8,806,607,0.0806,0.0607,0.5,0.5,0.2500,0.5m x 0.5m,0.68,IE_KAL,894.4,933.8,644,756,1144,1079,,,,,,Mostly Sunny,
2026-05-15 13:42:17,RPi_001,rpi_camera,8712,34,1,35.1,22.9,806,605,0.0806,0.0605,0.5,0.5,0.2500,0.5m x 0.5m,0.67,IE_KAL,894.0,933.5,644,756,1143,1079,,,,,,Mostly Sunny,
2026-05-15 13:42:17,RPi_001,rpi_camera,8713,34,1,35.2,22.9,808,604,0.0808,0.0604,0.5,0.5,0.2500,0.5m x 0.5m,0.67,IE_KAL,894.1,933.5,644,756,1143,1079,,,,,,Mostly Sunny,
2026-05-15 13:42:17,RPi_001,rpi_camera,8714,34,1,35.2,22.9,808,610,0.0808,0.0610,0.5,0.5,0.2500,0.5m x 0.5m,0.69,IE_KAL,895.0,933.2,645,756,1144,1079,,,,,,Mostly Sunny,
2026-05-15 13:42:17,RPi_001,rpi_camera,8715,34,1,35.2,23.0,810,612,0.0810,0.0612,0.5,0.5,0.2500,0.5m x 0.5m,0.67,IE_KAL,895.0,933.3,645,756,1144,1079,,,,,,Mostly Sunny,
2026-05-15 13:42:17,RPi_001,rpi_camera,8716,34,1,35.2,22.9,808,608,0.0808,0.0608,0.5,0.5,0.2500,0.5m x 0.5m,0.67,IE_KAL,895.0,933.2,645,756,1144,1079,,,,,,Mostly Sunny,
2026-05-15 13:42:18,RPi_001,rpi_camera,8717,34,1,35.3,22.9,810,607,0.0810,0.0607,0.5,0.5,0.2500,0.5m x 0.5m,0.67,IE_KAL,894.8,933.1,645,756,1144,1079,,,,,,Mostly Sunny,
2026-05-15 13:42:18,RPi_001,rpi_camera,8718,34,1,35.5,22.9,815,609,0.0815,0.0609,0.5,0.5,0.2500,0.5m x 0.5m,0.67,IE_KAL,895.0,933.2,645,756,1144,1079,,,,,,Mostly Sunny,
2026-05-15 13:42:18,RPi_001,rpi_camera,8719,34,1,35.2,22.9,808,610,0.0808,0.0610,0.5,0.5,0.2500,0.5m x 0.5m,0.67,IE_KAL,895.0,933.3,645,756,1144,1079,,,,,,Mostly Sunny,
2026-05-15 13:42:18,RPi_001,rpi_camera,8720,34,1,35.2,22.9,808,608,0.0808,0.0608,0.5,0.5,0.2500,0.5m x 0.5m,0.67,IE_KAL,894.6,933.4,644,756,1144,1079,,,,,,Mostly Sunny,
2026-05-15 13:42:18,RPi_001,rpi_camera,8721,34,1,35.1,22.9,806,609,0.0806,0.0609,0.5,0.5,0.2500,0.5m x 0.5m,0.67,IE_KAL,895.1,933.3,645,756,1144,1079,,,,,,Mostly Sunny,
2026-05-15 13:42:18,RPi_001,rpi_camera,8722,34,1,35.2,22.9,808,610,0.0808,0.0610,0.5,0.5,0.2500,0.5m x 0.5m,0.67,IE_KAL,895.0,933.3,645,756,1144,1079,,,,,,Mostly Sunny,
2026-05-15 13:42:18,RPi_001,rpi_camera,8723,34,1,35.2,22.9,808,608,0.0808,0.0608,0.5,0.5,0.2500,0.5m x 0.5m,0.67,IE_KAL,894.5,933.2,644,756,1144,1079,,,,,,Mostly Sunny,
2026-05-15 13:42:18,RPi_001,rpi_camera,8724,34,1,35.3,22.9,810,610,0.0810,0.0610,0.5,0.5,0.2500,0.5m x 0.5m,0.67,IE_KAL,895.2,933.2,645,756,1144,1079,,,,,,Mostly Sunny,
2026-05-15 13:42:18,RPi_001,rpi_camera,8725,34,1,35.2,22.9,808,611,0.0808,0.0611,0.5,0.5,0.2500,0.5m x 0.5m,0.67,IE_KAL,895.0,933.1,645,756,1144,1079,,,,,,Mostly Sunny,
2026-05-15 13:42:18,RPi_001,rpi_camera,8726,34,1,35.0,22.9,803,606,0.0803,0.0606,0.5,0.5,0.2500,0.5m x 0.5m,0.67,IE_KAL,894.7,933.3,645,756,1144,1079,,,,,,Mostly Sunny,
2026-05-15 13:42:18,RPi_001,rpi_camera,8727,34,1,35.4,22.9,812,609,0.0812,0.0609,0.5,0.5,0.2500,0.5m x 0.5m,0.67,IE_KAL,894.4,933.2,644,756,1144,1079,,,,,,Mostly Sunny,
2026-05-15 13:42:18,RPi_001,rpi_camera,8728,34,1,35.2,22.9,808,608,0.0808,0.0608,0.5,0.5,0.2500,0.5m x 0.5m,0.67,IE_KAL,894.8,933.4,645,756,1144,1079,,,,,,Mostly Sunny,
2026-05-15 13:42:19,RPi_001,rpi_camera,8729,34,1,35.2,22.9,808,609,0.0808,0.0609,0.5,0.5,0.2500,0.5m x 0.5m,0.67,IE_KAL,894.8,933.4,645,756,1144,1079,,,,,,Mostly Sunny,
2026-05-15 13:42:19,RPi_001,rpi_camera,8730,34,1,35.2,22.9,808,610,0.0808,0.0610,0.5,0.5,0.2500,0.5m x 0.5m,0.67,IE_KAL,894.8,933.3,645,756,1144,1079,,,,,,Mostly Sunny,
2026-05-15 13:42:19,RPi_001,rpi_camera,8731,34,1,34.9,22.9,801,606,0.0801,0.0606,0.5,0.5,0.2500,0.5m x 0.5m,0.67,IE_KAL,894.9,933.2,645,756,1144,1079,,,,,,Mostly Sunny,
2026-05-15 13:42:19,RPi_001,rpi_camera,8732,34,1,35.2,22.8,803,609,0.0803,0.0609,0.5,0.5,0.2500,0.5m x 0.5m,0.68,IE_KAL,894.4,933.5,644,756,1144,1079,,,,,,Mostly Sunny,
2026-05-15 13:42:19,RPi_001,rpi_camera,8733,34,1,35.2,22.9,808,607,0.0808,0.0607,0.5,0.5,0.2500,0.5m x 0.5m,0.67,IE_KAL,894.7,933.4,644,756,1144,1079,,,,,,Mostly Sunny,
2026-05-15 13:42:19,RPi_001,rpi_camera,8734,34,1,35.2,22.9,808,608,0.0808,0.0608,0.5,0.5,0.2500,0.5m x 0.5m,0.67,IE_KAL,894.5,933.1,644,756,1144,1079,,,,,,Mostly Sunny,
2026-05-15 13:42:19,RPi_001,rpi_camera,8735,34,1,35.4,22.9,812,611,0.0812,0.0611,0.5,0.5,0.2500,0.5m x 0.5m,0.67,IE_KAL,894.4,933.1,644,756,1144,1079,,,,,,Mostly Sunny,
2026-05-15 13:42:19,RPi_001,rpi_camera,8736,34,1,35.2,22.9,808,610,0.0808,0.0610,0.5,0.5,0.2500,0.5m x 0.5m,0.67,IE_KAL,895.0,933.3,645,756,1144,1079,,,,,,Mostly Sunny,
2026-05-15 13:42:19,RPi_001,rpi_camera,8737,34,1,35.2,22.9,808,606,0.0808,0.0606,0.5,0.5,0.2500,0.5m x 0.5m,0.67,IE_KAL,895.0,933.3,645,756,1144,1079,,,,,,Mostly Sunny,
2026-05-15 13:42:19,RPi_001,rpi_camera,8738,34,1,35.0,22.8,798,605,0.0798,0.0605,0.5,0.5,0.2500,0.5m x 0.5m,0.67,IE_KAL,895.1,933.4,645,756,1144,1079,,,,,,Mostly Sunny,
2026-05-15 13:42:19,RPi_001,rpi_camera,8739,34,1,35.2,22.8,803,607,0.0803,0.0607,0.5,0.5,0.2500,0.5m x 0.5m,0.67,IE_KAL,894.7,933.5,644,756,1144,1079,,,,,,Mostly Sunny,
2026-05-15 13:42:19,RPi_001,rpi_camera,8740,34,1,35.1,22.9,806,606,0.0806,0.0606,0.5,0.5,0.2500,0.5m x 0.5m,0.64,IE_KAL,894.6,933.3,644,756,1144,1079,,,,,,Mostly Sunny,
2026-05-15 13:42:20,RPi_001,rpi_camera,8741,34,1,35.1,22.9,806,609,0.0806,0.0609,0.5,0.5,0.2500,0.5m x 0.5m,0.67,IE_KAL,894.9,933.2,645,756,1144,1079,,,,,,Mostly Sunny,
2026-05-15 13:42:20,RPi_001,rpi_camera,8742,34,1,35.3,22.9,810,610,0.0810,0.0610,0.5,0.5,0.2500,0.5m x 0.5m,0.67,IE_KAL,895.3,933.3,645,756,1145,1079,,,,,,Mostly Sunny,
2026-05-15 13:42:20,RPi_001,rpi_camera,8743,34,1,35.0,22.9,803,609,0.0803,0.0609,0.5,0.5,0.2500,0.5m x 0.5m,0.67,IE_KAL,895.2,933.1,645,756,1144,1079,,,,,,Mostly Sunny,
2026-05-15 13:42:20,RPi_001,rpi_camera,8744,34,1,35.2,22.9,808,609,0.0808,0.0609,0.5,0.5,0.2500,0.5m x 0.5m,0.67,IE_KAL,895.0,933.4,645,756,1144,1079,,,,,,Mostly Sunny,
2026-05-15 13:42:20,RPi_001,rpi_camera,8745,34,1,35.4,22.8,808,609,0.0808,0.0609,0.5,0.5,0.2500,0.5m x 0.5m,0.67,IE_KAL,894.8,933.7,644,756,1144,1079,,,,,,Mostly Sunny,
2026-05-15 13:42:20,RPi_001,rpi_camera,8746,34,1,35.0,22.8,798,604,0.0798,0.0604,0.5,0.5,0.2500,0.5m x 0.5m,0.67,IE_KAL,895.2,933.5,645,756,1144,1079,,,,,,Mostly Sunny,
2026-05-15 13:42:20,RPi_001,rpi_camera,8747,34,1,35.4,22.8,808,609,0.0808,0.0609,0.5,0.5,0.2500,0.5m x 0.5m,0.70,IE_KAL,895.1,933.8,645,756,1145,1079,,,,,,Mostly Sunny,
2026-05-15 13:42:20,RPi_001,rpi_camera,8748,34,1,35.4,22.8,808,609,0.0808,0.0609,0.5,0.5,0.2500,0.5m x 0.5m,0.69,IE_KAL,895.0,933.7,644,756,1145,1079,,,,,,Mostly Sunny,
2026-05-15 13:42:20,RPi_001,rpi_camera,8749,34,1,35.2,22.9,808,606,0.0808,0.0606,0.5,0.5,0.2500,0.5m x 0.5m,0.67,IE_KAL,894.6,933.3,644,756,1144,1079,,,,,,Mostly Sunny,
2026-05-15 13:42:20,RPi_001,rpi_camera,8750,34,1,35.0,22.9,803,605,0.0803,0.0605,0.5,0.5,0.2500,0.5m x 0.5m,0.67,IE_KAL,894.9,933.5,645,756,1144,1079,,,,,,Mostly Sunny,
2026-05-15 13:42:20,RPi_001,rpi_camera,8751,34,1,35.2,22.8,803,599,0.0803,0.0599,0.5,0.5,0.2500,0.5m x 0.5m,0.67,IE_KAL,894.0,933.7,644,757,1143,1079,,,,,,Mostly Sunny,
2026-05-15 13:42:20,RPi_001,rpi_camera,8752,34,1,35.3,22.8,805,604,0.0805,0.0604,0.5,0.5,0.2500,0.5m x 0.5m,0.67,IE_KAL,894.4,933.8,644,757,1144,1079,,,,,,Mostly Sunny,
2026-05-15 13:42:20,RPi_001,rpi_camera,8753,34,1,35.2,22.8,803,604,0.0803,0.0604,0.5,0.5,0.2500,0.5m x 0.5m,0.67,IE_KAL,894.6,933.8,644,757,1144,1079,,,,,,Mostly Sunny,
2026-05-15 13:42:20,RPi_001,rpi_camera,8754,34,1,35.4,22.9,812,611,0.0812,0.0611,0.5,0.5,0.2500,0.5m x 0.5m,0.67,IE_KAL,894.5,933.2,644,756,1144,1079,,,,,,Mostly Sunny,
2026-05-15 13:42:20,RPi_001,rpi_camera,8755,34,1,35.2,22.8,803,607,0.0803,0.0607,0.5,0.5,0.2500,0.5m x 0.5m,0.67,IE_KAL,894.8,933.3,645,756,1144,1079,,,,,,Mostly Sunny,
2026-05-15 13:42:20,RPi_001,rpi_camera,8756,34,1,35.2,22.8,804,604,0.0804,0.0604,0.5,0.5,0.2500,0.5m x 0.5m,0.68,IE_KAL,895.0,933.7,644,756,1145,1079,,,,,,Mostly Sunny,
2026-05-15 13:42:21,RPi_001,rpi_camera,8757,34,1,35.2,22.9,808,607,0.0808,0.0607,0.5,0.5,0.2500,0.5m x 0.5m,0.67,IE_KAL,894.5,933.3,644,756,1144,1079,,,,,,Mostly Sunny,
2026-05-15 13:42:21,RPi_001,rpi_camera,8758,34,1,35.5,22.9,815,611,0.0815,0.0611,0.5,0.5,0.2500,0.5m x 0.5m,0.67,IE_KAL,894.7,933.1,644,756,1144,1079,,,,,,Mostly Sunny,
2026-05-15 13:42:21,RPi_001,rpi_camera,8759,34,1,35.2,22.8,803,604,0.0803,0.0604,0.5,0.5,0.2500,0.5m x 0.5m,0.66,IE_KAL,894.7,933.6,644,756,1144,1079,,,,,,Mostly Sunny,
2026-05-15 13:42:21,RPi_001,rpi_camera,8760,34,1,35.5,22.9,815,611,0.0815,0.0611,0.5,0.5,0.2500,0.5m x 0.5m,0.67,IE_KAL,894.4,933.4,644,756,1144,1079,,,,,,Mostly Sunny,
2026-05-15 13:42:21,RPi_001,rpi_camera,8761,34,1,35.5,22.9,815,610,0.0815,0.0610,0.5,0.5,0.2500,0.5m x 0.5m,0.67,IE_KAL,894.6,933.3,644,756,1144,1079,,,,,,Mostly Sunny,
2026-05-15 13:42:21,RPi_001,rpi_camera,8762,34,1,35.2,22.9,808,612,0.0808,0.0612,0.5,0.5,0.2500,0.5m x 0.5m,0.67,IE_KAL,895.5,933.3,645,756,1145,1079,,,,,,Mostly Sunny,
2026-05-15 13:42:21,RPi_001,rpi_camera,8763,34,1,35.3,22.9,810,616,0.0810,0.0616,0.5,0.5,0.2500,0.5m x 0.5m,0.61,IE_KAL,896.0,933.3,646,756,1145,1079,,,,,,Mostly Sunny,
2026-05-15 13:42:21,RPi_001,rpi_camera,8764,34,1,35.5,22.9,815,617,0.0815,0.0617,0.5,0.5,0.2500,0.5m x 0.5m,0.61,IE_KAL,896.0,933.3,646,756,1145,1079,,,,,,Mostly Sunny,
2026-05-15 13:42:21,RPi_001,rpi_camera,8765,34,1,35.4,22.9,812,615,0.0812,0.0615,0.5,0.5,0.2500,0.5m x 0.5m,0.61,IE_KAL,896.0,933.4,646,756,1145,1079,,,,,,Mostly Sunny,
2026-05-15 13:42:21,RPi_001,rpi_camera,8766,34,1,35.6,23.1,821,625,0.0821,0.0625,0.5,0.5,0.2500,0.5m x 0.5m,0.62,IE_KAL,895.8,932.8,646,756,1145,1079,,,,,,Mostly Sunny,
2026-05-15 13:42:21,RPi_001,rpi_camera,8767,34,1,35.4,23.3,823,624,0.0823,0.0624,0.5,0.5,0.2500,0.5m x 0.5m,0.52,IE_KAL,895.6,932.7,646,755,1144,1079,,,,,,Mostly Sunny,
2026-05-15 13:42:21,RPi_001,rpi_camera,8768,34,1,35.5,23.1,819,624,0.0819,0.0624,0.5,0.5,0.2500,0.5m x 0.5m,0.56,IE_KAL,896.2,932.9,646,756,1145,1079,,,,,,Mostly Sunny,
2026-05-15 13:42:22,RPi_001,rpi_camera,8769,34,1,35.5,23.1,822,624,0.0822,0.0624,0.5,0.5,0.2500,0.5m x 0.5m,0.54,IE_KAL,896.6,933.1,646,755,1146,1079,,,,,,Mostly Sunny,
2026-05-15 13:42:22,RPi_001,rpi_camera,8770,34,1,35.4,23.3,823,609,0.0823,0.0609,0.5,0.5,0.2500,0.5m x 0.5m,0.49,IE_KAL,894.2,933.4,644,756,1143,1079,,,,,,Mostly Sunny,
2026-05-15 13:42:22,RPi_001,rpi_camera,8771,34,1,35.4,23.2,822,623,0.0822,0.0623,0.5,0.5,0.2500,0.5m x 0.5m,0.43,IE_KAL,895.9,933.2,646,755,1145,1079,,,,,,Mostly Sunny,
2026-05-15 13:42:22,RPi_001,rpi_camera,8772,34,1,35.5,23.3,826,625,0.0826,0.0625,0.5,0.5,0.2500,0.5m x 0.5m,0.47,IE_KAL,895.8,932.8,646,755,1145,1079,,,,,,Mostly Sunny,
2026-05-15 13:42:22,RPi_001,rpi_camera,8773,34,1,35.5,23.2,824,625,0.0824,0.0625,0.5,0.5,0.2500,0.5m x 0.5m,0.48,IE_KAL,895.6,932.8,645,754,1145,1079,,,,,,Mostly Sunny,
2026-05-15 13:42:22,RPi_001,rpi_camera,8774,34,1,35.5,23.5,833,627,0.0833,0.0627,0.5,0.5,0.2500,0.5m x 0.5m,0.40,IE_KAL,895.5,932.0,646,754,1144,1079,,,,,,Mostly Sunny,
2026-05-15 13:42:22,RPi_001,rpi_camera,8775,34,1,35.3,23.4,826,629,0.0826,0.0629,0.5,0.5,0.2500,0.5m x 0.5m,0.46,IE_KAL,895.9,932.4,646,755,1145,1079,,,,,,Mostly Sunny,
2026-05-15 13:42:22,RPi_001,rpi_camera,8776,34,1,35.3,23.3,821,622,0.0821,0.0622,0.5,0.5,0.2500,0.5m x 0.5m,0.50,IE_KAL,896.1,933.1,646,755,1145,1079,,,,,,Mostly Sunny,
2026-05-15 13:42:22,RPi_001,rpi_camera,8777,34,1,35.5,23.2,824,624,0.0824,0.0624,0.5,0.5,0.2500,0.5m x 0.5m,0.54,IE_KAL,895.2,933.3,645,755,1144,1079,,,,,,Mostly Sunny,
2026-05-15 13:42:22,RPi_001,rpi_camera,8778,34,1,35.4,23.0,815,621,0.0815,0.0621,0.5,0.5,0.2500,0.5m x 0.5m,0.56,IE_KAL,895.1,933.6,645,756,1144,1079,,,,,,Mostly Sunny,
2026-05-15 13:42:22,RPi_001,rpi_camera,8779,34,1,35.5,23.0,817,619,0.0817,0.0619,0.5,0.5,0.2500,0.5m x 0.5m,0.55,IE_KAL,895.2,933.8,645,756,1144,1079,,,,,,Mostly Sunny,
2026-05-15 13:42:22,RPi_001,rpi_camera,8780,34,1,35.4,23.0,815,614,0.0815,0.0614,0.5,0.5,0.2500,0.5m x 0.5m,0.51,IE_KAL,894.3,934.0,644,756,1144,1079,,,,,,Mostly Sunny,
2026-05-15 13:42:22,RPi_001,rpi_camera,8781,34,1,35.3,23.0,812,616,0.0812,0.0616,0.5,0.5,0.2500,0.5m x 0.5m,0.49,IE_KAL,895.1,933.9,645,756,1144,1079,,,,,,Mostly Sunny,
2026-05-15 13:42:22,RPi_001,rpi_camera,8782,34,1,35.3,23.3,824,626,0.0824,0.0626,0.5,0.5,0.2500,0.5m x 0.5m,0.49,IE_KAL,896.4,933.1,646,755,1146,1079,,,,,,Mostly Sunny,
2026-05-15 13:42:22,RPi_001,rpi_camera,8783,34,1,35.5,23.0,818,619,0.0818,0.0619,0.5,0.5,0.2500,0.5m x 0.5m,0.45,IE_KAL,895.4,933.5,645,755,1145,1079,,,,,,Mostly Sunny,
2026-05-15 13:42:22,RPi_001,rpi_camera,8784,34,1,35.5,23.0,818,620,0.0818,0.0620,0.5,0.5,0.2500,0.5m x 0.5m,0.47,IE_KAL,895.2,933.6,645,755,1145,1079,,,,,,Mostly Sunny,
2026-05-15 13:42:23,RPi_001,rpi_camera,8785,34,1,35.3,23.3,824,624,0.0824,0.0624,0.5,0.5,0.2500,0.5m x 0.5m,0.49,IE_KAL,894.6,933.0,644,755,1144,1079,,,,,,Mostly Sunny,
2026-05-15 13:42:23,RPi_001,rpi_camera,8790,34,1,35.6,23.4,833,632,0.0833,0.0632,0.5,0.5,0.2500,0.5m x 0.5m,0.42,IE_KAL,895.9,932.4,646,755,1145,1079,,,,,,Mostly Sunny,
2026-05-15 13:42:23,RPi_001,rpi_camera,8791,34,1,35.4,23.3,827,627,0.0827,0.0627,0.5,0.5,0.2500,0.5m x 0.5m,0.42,IE_KAL,895.7,932.8,645,754,1145,1079,,,,,,Mostly Sunny,
2026-05-15 13:42:23,RPi_001,rpi_camera,8792,34,1,35.6,23.4,833,634,0.0833,0.0634,0.5,0.5,0.2500,0.5m x 0.5m,0.40,IE_KAL,896.0,932.0,646,754,1145,1079,,,,,,Mostly Sunny,
2026-05-15 13:42:23,RPi_001,rpi_camera,8793,34,1,35.4,23.3,823,630,0.0823,0.0630,0.5,0.5,0.2500,0.5m x 0.5m,0.40,IE_KAL,896.0,932.4,646,755,1145,1079,,,,,,Mostly Sunny,
2026-05-15 13:42:23,RPi_001,rpi_camera,8794,34,1,35.3,23.3,821,629,0.0821,0.0629,0.5,0.5,0.2500,0.5m x 0.5m,0.42,IE_KAL,896.1,932.4,646,755,1145,1079,,,,,,Mostly Sunny,
2026-05-15 13:42:23,RPi_001,rpi_camera,8795,34,1,35.4,23.5,830,633,0.0830,0.0633,0.5,0.5,0.2500,0.5m x 0.5m,0.40,IE_KAL,896.5,932.1,647,754,1145,1079,,,,,,Mostly Sunny,
2026-05-15 13:42:23,RPi_001,rpi_camera,8796,34,1,35.4,23.4,828,633,0.0828,0.0633,0.5,0.5,0.2500,0.5m x 0.5m,0.42,IE_KAL,896.2,932.1,646,754,1145,1079,,,,,,Mostly Sunny,
2026-05-15 13:42:24,RPi_001,rpi_camera,8797,34,1,35.6,23.5,835,631,0.0835,0.0631,0.5,0.5,0.2500,0.5m x 0.5m,0.40,IE_KAL,895.7,932.4,646,754,1145,1079,,,,,,Mostly Sunny,
2026-05-15 13:42:24,RPi_001,rpi_camera,8798,34,1,35.6,23.6,840,637,0.0840,0.0637,0.5,0.5,0.2500,0.5m x 0.5m,0.42,IE_KAL,896.0,931.7,646,753,1145,1079,,,,,,Mostly Sunny,
2026-05-15 13:42:24,RPi_001,rpi_camera,8799,34,1,35.6,23.7,846,638,0.0846,0.0638,0.5,0.5,0.2500,0.5m x 0.5m,0.39,IE_KAL,895.5,931.6,646,753,1144,1079,,,,,,Mostly Sunny,
2026-05-15 13:42:24,RPi_001,rpi_camera,8800,34,1,35.7,23.5,837,637,0.0837,0.0637,0.5,0.5,0.2500,0.5m x 0.5m,0.39,IE_KAL,895.9,932.1,646,754,1145,1079,,,,,,Mostly Sunny,
2026-05-15 13:42:24,RPi_001,rpi_camera,8802,34,1,35.3,23.3,824,628,0.0824,0.0628,0.5,0.5,0.2500,0.5m x 0.5m,0.45,IE_KAL,896.2,932.6,646,754,1145,1079,,,,,,Mostly Sunny,
2026-05-15 13:42:24,RPi_001,rpi_camera,8803,34,1,35.7,23.8,850,638,0.0850,0.0638,0.5,0.5,0.2500,0.5m x 0.5m,0.39,IE_KAL,895.3,931.2,646,753,1144,1079,,,,,,Mostly Sunny,
2026-05-15 13:42:24,RPi_001,rpi_camera,8804,34,1,35.3,23.6,833,631,0.0833,0.0631,0.5,0.5,0.2500,0.5m x 0.5m,0.37,IE_KAL,895.9,931.8,646,753,1145,1079,,,,,,Mostly Sunny,
2026-05-15 13:42:24,RPi_001,rpi_camera,8807,34,1,35.4,23.3,823,623,0.0823,0.0623,0.5,0.5,0.2500,0.5m x 0.5m,0.49,IE_KAL,895.3,932.4,645,755,1144,1079,,,,,,Mostly Sunny,
2026-05-15 13:42:24,RPi_001,rpi_camera,8808,34,1,35.5,23.1,819,621,0.0819,0.0621,0.5,0.5,0.2500,0.5m x 0.5m,0.55,IE_KAL,895.0,932.7,645,756,1144,1079,,,,,,Mostly Sunny,
2026-05-15 13:42:24,RPi_001,rpi_camera,8809,34,1,35.6,23.2,826,626,0.0826,0.0626,0.5,0.5,0.2500,0.5m x 0.5m,0.55,IE_KAL,895.1,932.2,645,755,1144,1079,,,,,,Mostly Sunny,
2026-05-15 13:42:24,RPi_001,rpi_camera,8810,34,1,35.4,23.4,828,629,0.0828,0.0629,0.5,0.5,0.2500,0.5m x 0.5m,0.47,IE_KAL,895.4,931.8,646,754,1144,1079,,,,,,Mostly Sunny,
2026-05-15 13:42:24,RPi_001,rpi_camera,8812,34,1,35.5,23.7,842,636,0.0842,0.0636,0.5,0.5,0.2500,0.5m x 0.5m,0.39,IE_KAL,895.1,931.2,646,753,1144,1079,,,,,,Mostly Sunny,
2026-05-15 13:42:25,RPi_001,rpi_camera,8815,34,1,35.6,23.5,835,629,0.0835,0.0629,0.5,0.5,0.2500,0.5m x 0.5m,0.39,IE_KAL,895.4,932.0,645,754,1144,1079,,,,,,Mostly Sunny,
2026-05-15 13:42:25,RPi_001,rpi_camera,8816,34,1,35.3,23.5,832,631,0.0832,0.0631,0.5,0.5,0.2500,0.5m x 0.5m,0.36,IE_KAL,895.5,931.3,646,754,1144,1079,,,,,,Mostly Sunny,
2026-05-15 13:42:25,RPi_001,rpi_camera,8817,34,1,35.6,23.5,835,631,0.0835,0.0631,0.5,0.5,0.2500,0.5m x 0.5m,0.37,IE_KAL,895.9,932.1,646,754,1145,1079,,,,,,Mostly Sunny,
2026-05-15 13:42:25,RPi_001,rpi_camera,8823,34,1,35.4,23.2,821,626,0.0821,0.0626,0.5,0.5,0.2500,0.5m x 0.5m,0.49,IE_KAL,895.8,932.2,646,755,1145,1079,,,,,,Mostly Sunny,
2026-05-15 13:42:25,RPi_001,rpi_camera,8824,34,1,35.5,23.2,824,629,0.0824,0.0629,0.5,0.5,0.2500,0.5m x 0.5m,0.50,IE_KAL,895.7,932.4,646,755,1145,1079,,,,,,Mostly Sunny,
2026-05-15 13:42:25,RPi_001,rpi_camera,8825,34,1,35.6,23.2,826,627,0.0826,0.0627,0.5,0.5,0.2500,0.5m x 0.5m,0.48,IE_KAL,895.4,932.4,645,755,1144,1079,,,,,,Mostly Sunny,
2026-05-15 13:42:25,RPi_001,rpi_camera,8826,34,1,35.4,23.3,823,627,0.0823,0.0627,0.5,0.5,0.2500,0.5m x 0.5m,0.48,IE_KAL,896.4,932.4,646,755,1145,1079,,,,,,Mostly Sunny,
2026-05-15 13:42:25,RPi_001,rpi_camera,8827,34,1,35.4,23.3,823,623,0.0823,0.0623,0.5,0.5,0.2500,0.5m x 0.5m,0.56,IE_KAL,896.0,932.8,646,755,1145,1079,,,,,,Mostly Sunny,
2026-05-15 13:42:25,RPi_001,rpi_camera,8828,34,1,35.6,23.1,824,625,0.0824,0.0625,0.5,0.5,0.2500,0.5m x 0.5m,0.56,IE_KAL,896.4,933.1,646,755,1146,1079,,,,,,Mostly Sunny,
2026-05-15 13:42:26,RPi_001,rpi_camera,8829,34,1,35.5,23.1,822,619,0.0822,0.0619,0.5,0.5,0.2500,0.5m x 0.5m,0.56,IE_KAL,895.3,933.0,645,755,1144,1079,,,,,,Mostly Sunny,
2026-05-15 13:42:26,RPi_001,rpi_camera,8830,34,1,34.7,23.1,800,611,0.0800,0.0611,0.5,0.5,0.2500,0.5m x 0.5m,0.58,IE_KAL,893.7,932.6,644,755,1143,1079,,,,,,Mostly Sunny,
2026-05-15 13:42:26,RPi_001,rpi_camera,8831,34,1,35.1,23.1,809,615,0.0809,0.0615,0.5,0.5,0.2500,0.5m x 0.5m,0.62,IE_KAL,894.2,932.5,644,755,1143,1079,,,,,,Mostly Sunny,
2026-05-15 13:42:26,RPi_001,rpi_camera,8832,34,1,34.9,23.1,805,615,0.0805,0.0615,0.5,0.5,0.2500,0.5m x 0.5m,0.62,IE_KAL,894.3,932.4,644,755,1143,1079,,,,,,Mostly Sunny,
2026-05-15 13:42:26,RPi_001,rpi_camera,8833,34,1,35.0,23.1,810,614,0.0810,0.0614,0.5,0.5,0.2500,0.5m x 0.5m,0.62,IE_KAL,894.3,932.4,644,755,1144,1079,,,,,,Mostly Sunny,
2026-05-15 13:42:26,RPi_001,rpi_camera,8834,34,1,35.0,23.1,807,617,0.0807,0.0617,0.5,0.5,0.2500,0.5m x 0.5m,0.62,IE_KAL,894.8,932.6,645,755,1144,1079,,,,,,Mostly Sunny,
2026-05-15 13:42:26,RPi_001,rpi_camera,8835,34,1,35.5,23.1,819,612,0.0819,0.0612,0.5,0.5,0.2500,0.5m x 0.5m,0.61,IE_KAL,894.9,933.1,645,756,1144,1079,,,,,,Mostly Sunny,
2026-05-15 13:42:26,RPi_001,rpi_camera,8836,34,1,35.3,23.1,814,613,0.0814,0.0613,0.5,0.5,0.2500,0.5m x 0.5m,0.61,IE_KAL,894.0,932.9,644,756,1143,1079,,,,,,Mostly Sunny,
2026-05-15 13:42:26,RPi_001,rpi_camera,8837,34,1,35.1,23.1,813,614,0.0813,0.0614,0.5,0.5,0.2500,0.5m x 0.5m,0.61,IE_KAL,893.5,932.7,643,755,1143,1079,,,,,,Mostly Sunny,
2026-05-15 13:42:26,RPi_001,rpi_camera,8838,34,1,35.1,23.1,809,608,0.0809,0.0608,0.5,0.5,0.2500,0.5m x 0.5m,0.62,IE_KAL,892.8,932.8,643,756,1142,1079,,,,,,Mostly Sunny,
2026-05-15 13:42:26,RPi_001,rpi_camera,8839,34,1,35.2,23.1,812,601,0.0812,0.0601,0.5,0.5,0.2500,0.5m x 0.5m,0.64,IE_KAL,892.3,934.0,642,757,1141,1079,,,,,,Mostly Sunny,
2026-05-15 13:42:26,RPi_001,rpi_camera,8840,34,1,35.2,23.1,812,618,0.0812,0.0618,0.5,0.5,0.2500,0.5m x 0.5m,0.56,IE_KAL,894.7,932.9,645,756,1144,1079,,,,,,Mostly Sunny,
2026-05-15 13:42:27,RPi_001,rpi_camera,8841,34,1,35.4,23.2,821,619,0.0821,0.0619,0.5,0.5,0.2500,0.5m x 0.5m,0.61,IE_KAL,893.9,932.6,644,755,1143,1079,,,,,,Mostly Sunny,
2026-05-15 13:42:27,RPi_001,rpi_camera,8842,34,1,35.1,23.1,809,613,0.0809,0.0613,0.5,0.5,0.2500,0.5m x 0.5m,0.60,IE_KAL,893.6,932.7,644,756,1143,1079,,,,,,Mostly Sunny,
2026-05-15 13:42:27,RPi_001,rpi_camera,8843,34,1,35.5,23.3,826,623,0.0826,0.0623,0.5,0.5,0.2500,0.5m x 0.5m,0.56,IE_KAL,894.6,932.8,645,755,1144,1079,,,,,,Mostly Sunny,
2026-05-15 13:42:27,RPi_001,rpi_camera,8844,34,1,35.5,23.3,826,620,0.0826,0.0620,0.5,0.5,0.2500,0.5m x 0.5m,0.57,IE_KAL,894.4,932.8,644,755,1143,1079,,,,,,Mostly Sunny,
2026-05-15 13:42:27,RPi_001,rpi_camera,8845,34,1,35.1,22.9,806,610,0.0806,0.0610,0.5,0.5,0.2500,0.5m x 0.5m,0.63,IE_KAL,894.7,933.2,644,756,1144,1079,,,,,,Mostly Sunny,
2026-05-15 13:42:27,RPi_001,rpi_camera,8846,34,1,35.1,23.1,809,614,0.0809,0.0614,0.5,0.5,0.2500,0.5m x 0.5m,0.48,IE_KAL,894.3,932.7,644,756,1143,1079,,,,,,Mostly Sunny,
2026-05-15 13:42:28,RPi_001,rpi_camera,8867,35,1,36.5,32.8,1196,721,0.1196,0.0721,0.5,0.5,0.2500,0.5m x 0.5m,0.43,IE_KAL,900.1,919.7,661,743,1138,1079,,,,,,Mostly Sunny,/home/pi/pothole_crops_20260515_133308/pothole_track35.jpg
2026-05-15 13:42:28,RPi_001,rpi_camera,8868,35,1,34.9,32.5,1132,702,0.1132,0.0702,0.5,0.5,0.2500,0.5m x 0.5m,0.37,IE_KAL,899.3,919.6,659,741,1138,1079,,,,,,Mostly Sunny,
2026-05-15 13:42:29,RPi_001,rpi_camera,8869,35,1,35.9,32.1,1153,721,0.1153,0.0721,0.5,0.5,0.2500,0.5m x 0.5m,0.52,IE_KAL,902.6,919.3,663,743,1142,1079,,,,,,Mostly Sunny,
2026-05-15 13:42:29,RPi_001,rpi_camera,8870,35,1,36.0,32.4,1164,718,0.1164,0.0718,0.5,0.5,0.2500,0.5m x 0.5m,0.45,IE_KAL,902.1,919.7,662,743,1141,1079,,,,,,Mostly Sunny,
2026-05-15 13:42:29,RPi_001,rpi_camera,8872,35,1,36.0,32.9,1183,730,0.1183,0.0730,0.5,0.5,0.2500,0.5m x 0.5m,0.48,IE_KAL,902.6,919.1,663,740,1141,1079,,,,,,Mostly Sunny,
2026-05-15 13:42:29,RPi_001,rpi_camera,8873,35,1,36.0,33.0,1189,741,0.1189,0.0741,0.5,0.5,0.2500,0.5m x 0.5m,0.48,IE_KAL,902.6,919.0,663,741,1141,1079,,,,,,Mostly Sunny,
2026-05-15 13:42:29,RPi_001,rpi_camera,8876,35,1,33.9,28.4,963,701,0.0963,0.0701,0.5,0.5,0.2500,0.5m x 0.5m,0.45,IE_KAL,901.0,917.4,658,743,1143,1079,,,,,,Mostly Sunny,
2026-05-15 13:42:29,RPi_001,rpi_camera,8878,35,1,34.6,32.4,1122,784,0.1122,0.0784,0.5,0.5,0.2500,0.5m x 0.5m,0.76,IE_KAL,898.7,910.3,660,736,1136,1079,,,,,,Mostly Sunny,
2026-05-15 13:42:29,RPi_001,rpi_camera,8879,35,1,36.8,34.0,1253,844,0.1253,0.0844,0.5,0.5,0.2500,0.5m x 0.5m,0.85,IE_KAL,903.4,910.3,665,731,1141,1079,,,,,,Mostly Sunny,
2026-05-15 13:42:29,RPi_001,rpi_camera,8880,35,1,36.5,37.1,1355,925,0.1355,0.0925,0.5,0.5,0.2500,0.5m x 0.5m,0.56,IE_KAL,909.6,901.3,674,722,1144,1079,,,,,,Mostly Sunny,
2026-05-15 13:42:29,RPi_001,rpi_camera,8881,35,1,36.3,38.1,1380,985,0.1380,0.0985,0.5,0.5,0.2500,0.5m x 0.5m,0.42,IE_KAL,911.9,892.8,678,717,1144,1068,,,,,,Mostly Sunny,
